issued_at,input_timestamp,forecast_timestamp,Điểm 1_pred,Điểm 3_pred,Điểm 4_pred,Điểm 5_pred,Điểm 6_pred,Điểm 7_pred,Điểm 8_pred,Điểm 2_pred,Điểm 9_pred,Điểm 10_pred,Vùng 1_pred,Vùng 2_pred,Vùng 3_pred
2026-06-03 10:32:39,2026-06-03 10:32:38,2026-06-03 10:37:38,29.826686406697686,,,,,,,,,,,,
2026-06-03 10:32:44,2026-06-03 10:32:44,2026-06-03 10:37:44,,,,,,,,,,,,,
2026-06-03 10:32:44,2026-06-03 10:32:44,2026-06-03 10:37:44,,,,,,,,,,,,,
2026-06-03 10:38:00,2026-06-03 10:38:00,2026-06-03 10:43:00,,30.24289321899414,29.624792098999023,30.551944732666016,31.015520095825195,30.39741897583008,31.015520095825195,29.624792098999023,,,,,
2026-06-03 10:38:00,2026-06-03 10:38:00,2026-06-03 10:43:00,,30.24289321899414,29.624792098999023,30.551944732666016,31.015520095825195,30.39741897583008,31.015520095825195,29.624792098999023,,,,,
2026-06-03 10:45:30,2026-06-03 10:43:00,2026-06-03 10:48:00,30.0,30.40687340535503,30.3554967036338,30.563399788107905,30.7749353955163,30.405710560660964,30.52200681999841,30.352676148778936,,,30.879008639115067,31.119466949170235,
2026-06-03 10:46:44,2026-06-03 10:46:44,2026-06-03 10:51:44,29.220456902204372,30.396417205860317,30.405724716337712,30.53616673640229,30.558791746101093,30.367621669406972,30.3780327464664,30.368992640825102,,,30.879008639115067,31.119466949170235,
2026-06-03 10:46:44,2026-06-03 10:46:44,2026-06-03 10:51:44,29.220456902204372,30.396417205860317,30.405724716337712,30.53616673640229,30.558791746101093,30.367621669406972,30.3780327464664,30.368992640825102,,,30.879008639115067,31.119466949170235,
2026-06-03 10:53:01,2026-06-03 10:53:01,2026-06-03 10:58:01,28.950387069202367,30.380086933716324,30.19964411284207,30.574479524051124,30.867483635970057,30.45307499764091,30.461494363290953,30.119856755572055,,,31.52834170952356,31.586419269481603,
2026-06-03 10:53:01,2026-06-03 10:53:01,2026-06-03 10:58:01,28.950387069202367,30.380086933716324,30.19964411284207,30.574479524051124,30.867483635970057,30.45307499764091,30.461494363290953,30.119856755572055,,,31.52834170952356,31.586419269481603,
2026-06-03 10:55:41,2026-06-03 10:55:41,2026-06-03 11:00:41,,30.403011070018096,30.265855985865542,30.50770973485075,30.853417450279125,30.353864837233267,30.425047655392408,30.41981030834664,,,,,
2026-06-03 10:55:41,2026-06-03 10:55:41,2026-06-03 11:00:41,,30.403011070018096,30.265855985865542,30.50770973485075,30.853417450279125,30.353864837233267,30.425047655392408,30.41981030834664,,,,,
2026-06-03 10:56:45,2026-06-03 10:56:45,2026-06-03 11:01:45,,30.405675419144167,30.295055640426703,30.54375451677231,30.7224671438894,30.35755765079849,30.39457173063998,30.306845035691726,,,,,
2026-06-03 10:56:45,2026-06-03 10:56:45,2026-06-03 11:01:45,,30.405675419144167,30.295055640426703,30.54375451677231,30.7224671438894,30.35755765079849,30.39457173063998,30.306845035691726,,,,,
2026-06-03 11:00:43,2026-06-03 11:00:42,2026-06-03 11:05:42,,30.33502196229956,29.92109715446871,30.594119263131166,30.78680549367033,30.290075243960242,30.144203382273847,29.994150387888855,,,,,
2026-06-03 11:00:43,2026-06-03 11:00:42,2026-06-03 11:05:42,,30.33502196229956,29.92109715446871,30.594119263131166,30.78680549367033,30.290075243960242,30.144203382273847,29.994150387888855,,,,,
2026-06-03 11:05:42,2026-06-03 11:05:42,2026-06-03 11:10:42,,30.278498719836076,29.968948674328228,30.591396767513366,30.513410295828397,30.06160247776889,29.991190067464395,30.13826257580797,,,,,
2026-06-03 11:05:42,2026-06-03 11:05:42,2026-06-03 11:10:42,,30.278498719836076,29.968948674328228,30.591396767513366,30.513410295828397,30.06160247776889,29.991190067464395,30.13826257580797,,,,,
2026-06-03 11:06:46,2026-06-03 11:06:46,2026-06-03 11:11:46,,30.315660305333115,30.260461906610317,30.519247484617956,30.496417918220203,30.22997025333147,30.13253191888341,30.245795008007548,,,,,
2026-06-03 11:06:46,2026-06-03 11:06:46,2026-06-03 11:11:46,,30.315660305333115,30.260461906610317,30.519247484617956,30.496417918220203,30.22997025333147,30.13253191888341,30.245795008007548,,,,,
2026-06-03 11:08:50,2026-06-03 11:08:50,2026-06-03 11:13:50,,30.36927503770193,30.413943227985175,30.576897709236544,30.54820449483522,30.179106152165176,30.103603416778096,30.12849220365382,,,,,
2026-06-03 11:08:50,2026-06-03 11:08:50,2026-06-03 11:13:50,,30.36927503770193,30.413943227985175,30.576897709236544,30.54820449483522,30.179106152165176,30.103603416778096,30.12849220365382,,,,,
2026-06-03 11:21:18,2026-06-03 11:21:18,2026-06-03 11:26:18,,30.258073451611004,30.35016166625687,30.497509200584695,30.61188781218211,30.309541287254017,30.264292193588172,30.306451289021602,,,,,
2026-06-03 11:21:18,2026-06-03 11:21:18,2026-06-03 11:26:18,,30.258073451611004,30.35016166625687,30.497509200584695,30.61188781218211,30.309541287254017,30.264292193588172,30.306451289021602,,,,,
2026-06-03 11:21:29,2026-06-03 11:21:29,2026-06-03 11:26:29,,30.17728074110121,30.129887522336503,30.472205299229913,30.769532684545656,30.44441029206179,30.362549635704337,30.260286192678816,,,,,
2026-06-03 11:21:29,2026-06-03 11:21:29,2026-06-03 11:26:29,,30.17728074110121,30.129887522336503,30.472205299229913,30.769532684545656,30.44441029206179,30.362549635704337,30.260286192678816,,,,,
2026-06-03 11:26:19,2026-06-03 11:26:19,2026-06-03 11:31:19,,30.249677901100885,30.240064336051727,30.485091647525223,30.53810376063511,30.344209523407883,30.33622129662658,30.293635912908513,,,,,
2026-06-03 11:26:19,2026-06-03 11:26:19,2026-06-03 11:31:19,,30.249677901100885,30.240064336051727,30.485091647525223,30.53810376063511,30.344209523407883,30.33622129662658,30.293635912908513,,,,,
2026-06-03 11:26:19,2026-06-03 11:26:19,2026-06-03 11:31:19,,30.249677901100885,30.240064336051727,30.485091647525223,30.53810376063511,30.344209523407883,30.33622129662658,30.293635912908513,,,,,
2026-06-03 11:26:37,2026-06-03 11:26:29,2026-06-03 11:31:29,,30.36345410870096,30.18158744404771,30.361115513463943,30.51106461610876,30.32375923301168,30.306483534404894,30.3294308308346,,,,,
2026-06-03 11:31:20,2026-06-03 11:31:20,2026-06-03 11:36:20,,30.373029085524713,30.294522780073596,30.474903964764163,30.465941960411183,30.29251544803884,30.25373104077978,30.306451289021602,,,,,
2026-06-03 11:31:20,2026-06-03 11:31:20,2026-06-03 11:36:20,,30.373029085524713,30.294522780073596,30.474903964764163,30.465941960411183,30.29251544803884,30.25373104077978,30.306451289021602,,,,,
2026-06-03 11:31:32,2026-06-03 11:31:32,2026-06-03 11:36:32,,30.34595964178191,30.148485411349156,30.372253663553117,30.596971882271696,30.334153481186856,30.328708345419845,30.33000672816048,,,,,
2026-06-03 11:31:32,2026-06-03 11:31:32,2026-06-03 11:36:32,,30.34595964178191,30.148485411349156,30.372253663553117,30.596971882271696,30.334153481186856,30.328708345419845,30.33000672816048,,,,,
2026-06-03 11:36:21,2026-06-03 11:36:21,2026-06-03 11:41:21,,30.360500724073322,30.26907575536068,30.482929224525524,30.547782996370895,30.29436954437229,30.305876388417634,30.316967662312496,,,,,
2026-06-03 11:36:21,2026-06-03 11:36:21,2026-06-03 11:41:21,,30.360500724073322,30.26907575536068,30.482929224525524,30.547782996370895,30.29436954437229,30.305876388417634,30.316967662312496,,,,,
2026-06-03 11:36:32,2026-06-03 11:36:32,2026-06-03 11:41:32,,30.398425573967998,30.13728776859084,30.334632569283194,30.655605503949566,30.32993144042076,30.371318087995128,30.114865691381684,,,,,
2026-06-03 11:36:32,2026-06-03 11:36:32,2026-06-03 11:41:32,,30.398425573967998,30.13728776859084,30.334632569283194,30.655605503949566,30.32993144042076,30.371318087995128,30.114865691381684,,,,,
2026-06-03 11:41:22,2026-06-03 11:41:22,2026-06-03 11:46:22,,30.358347927222564,30.268965404681136,30.48209657801349,30.521380408879143,30.303566748784664,30.32246860491599,30.238362053677253,,,,,
2026-06-03 11:41:22,2026-06-03 11:41:22,2026-06-03 11:46:22,,30.358347927222564,30.268965404681136,30.48209657801349,30.521380408879143,30.303566748784664,30.32246860491599,30.238362053677253,,,,,
2026-06-03 11:41:33,2026-06-03 11:41:33,2026-06-03 11:46:33,,30.41330986804305,30.17342940364782,30.45422506393031,30.633635595367135,30.203381157398482,30.3244483546054,30.45850722292979,,,,,
2026-06-03 11:41:33,2026-06-03 11:41:33,2026-06-03 11:46:33,,30.41330986804305,30.17342940364782,30.45422506393031,30.633635595367135,30.203381157398482,30.3244483546054,30.45850722292979,,,,,
2026-06-03 11:46:34,2026-06-03 11:46:34,2026-06-03 11:51:34,,30.234067393196316,29.987851307185768,30.15034002578532,30.537357329912883,30.135949470287773,30.186537357468442,30.248560171766382,,,,,
2026-06-03 11:46:34,2026-06-03 11:46:34,2026-06-03 11:51:34,,30.234067393196316,29.987851307185768,30.15034002578532,30.537357329912883,30.135949470287773,30.186537357468442,30.248560171766382,,,,,
2026-06-03 13:02:04,2026-06-03 13:02:03,2026-06-03 13:07:03,30.452418888464745,30.265144501219527,30.829044024281743,30.636200179757587,30.289812998970703,30.31622714460953,30.43748904107399,,,,,,
2026-06-03 13:02:04,2026-06-03 13:02:03,2026-06-03 13:07:03,30.452418888464745,30.265144501219527,30.829044024281743,30.636200179757587,30.289812998970703,30.31622714460953,30.43748904107399,,,,,,
2026-06-03 13:04:02,2026-06-03 13:04:02,2026-06-03 13:09:02,30.404234485819163,30.232137099114745,30.423946080900194,30.470612689840536,30.207037984244124,30.282489687569292,30.404335680168504,,,,,,
2026-06-03 13:04:02,2026-06-03 13:04:02,2026-06-03 13:09:02,30.404234485819163,30.232137099114745,30.423946080900194,30.470612689840536,30.207037984244124,30.282489687569292,30.404335680168504,,,,,,
2026-06-03 13:07:05,2026-06-03 13:07:04,2026-06-03 13:12:04,30.504300876005974,30.298706850105546,30.785164839527155,30.507604406143592,30.20993064387958,30.47744103440796,30.26232936395103,,,,,,
2026-06-03 13:07:05,2026-06-03 13:07:04,2026-06-03 13:12:04,30.504300876005974,30.298706850105546,30.785164839527155,30.507604406143592,30.20993064387958,30.47744103440796,30.26232936395103,,,,,,
2026-06-03 13:09:03,2026-06-03 13:09:03,2026-06-03 13:14:03,30.384906318126124,30.27979095440579,30.333150555669956,30.408278135034575,30.22335267777121,30.38171319474238,30.281473137607883,,,,,,
2026-06-03 13:09:03,2026-06-03 13:09:03,2026-06-03 13:14:03,30.384906318126124,30.27979095440579,30.333150555669956,30.408278135034575,30.22335267777121,30.38171319474238,30.281473137607883,,,,,,
2026-06-03 13:15:37,2026-06-03 13:15:37,2026-06-03 13:20:37,30.677908853538675,30.518944254780397,31.081272063422308,30.850403404784426,30.37025970879966,30.473946413921876,30.474558462896752,,,,,,
2026-06-03 13:15:37,2026-06-03 13:15:37,2026-06-03 13:20:37,30.677908853538675,30.518944254780397,31.081272063422308,30.850403404784426,30.37025970879966,30.473946413921876,30.474558462896752,,,,,,
2026-06-03 13:15:47,2026-06-03 13:15:47,2026-06-03 13:20:47,30.484011316064688,30.394005757410607,30.47550762362424,30.56814159808578,30.300365830047262,30.38875233947828,30.366219919670183,,,,,,
2026-06-03 13:20:39,2026-06-03 13:20:38,2026-06-03 13:25:38,30.56579504734303,30.33470592725867,30.515978775340972,30.807040689494645,30.346828668141004,30.276679724304117,30.48354946619962,,,,,,
2026-06-03 13:20:39,2026-06-03 13:20:38,2026-06-03 13:25:38,30.56579504734303,30.33470592725867,30.515978775340972,30.807040689494645,30.346828668141004,30.276679724304117,30.48354946619962,,,,,,
2026-06-03 13:20:48,2026-06-03 13:20:48,2026-06-03 13:25:48,30.439382465704142,30.29567251114063,30.41715102505558,30.503270694717862,30.293448782168568,30.214151538948492,30.364057691387934,,,,,,
2026-06-03 13:20:48,2026-06-03 13:20:48,2026-06-03 13:25:48,30.439382465704142,30.29567251114063,30.41715102505558,30.503270694717862,30.293448782168568,30.214151538948492,30.364057691387934,,,,,,
2026-06-03 13:30:02,2026-06-03 13:30:02,2026-06-03 13:35:02,30.153819353923335,30.39972019209026,30.51136262118663,30.663609786078773,30.332458401641993,30.46187735745814,30.39263549548472,,,,,,
2026-06-03 13:30:02,2026-06-03 13:30:02,2026-06-03 13:35:02,30.153819353923335,30.39972019209026,30.51136262118663,30.663609786078773,30.332458401641993,30.46187735745814,30.39263549548472,,,,,,
2026-06-03 13:30:12,2026-06-03 13:30:12,2026-06-03 13:35:12,30.194402633585643,30.316922380052308,30.42234279147851,30.46733684556911,30.274165768156692,30.329932569014186,30.291531235111243,,,,,,
2026-06-03 13:30:12,2026-06-03 13:30:12,2026-06-03 13:35:12,30.194402633585643,30.316922380052308,30.42234279147851,30.46733684556911,30.274165768156692,30.329932569014186,30.291531235111243,,,,,,
2026-06-03 13:35:03,2026-06-03 13:35:03,2026-06-03 13:40:03,30.504317821579214,30.63520966785382,30.831137851897246,30.799052164153927,30.452597297733494,30.539595069758796,30.521395150364288,,,,,,
2026-06-03 13:35:03,2026-06-03 13:35:03,2026-06-03 13:40:03,30.504317821579214,30.63520966785382,30.831137851897246,30.799052164153927,30.452597297733494,30.539595069758796,30.521395150364288,,,,,,
2026-06-03 13:35:14,2026-06-03 13:35:14,2026-06-03 13:40:14,30.398024580639625,30.437923497792223,30.454634942341,30.559546754954884,30.313167683357385,30.42037434880901,30.3538072734413,,,,,,
2026-06-03 13:35:14,2026-06-03 13:35:14,2026-06-03 13:40:14,30.398024580639625,30.437923497792223,30.454634942341,30.559546754954884,30.313167683357385,30.42037434880901,30.3538072734413,,,,,,
2026-06-03 14:14:06,2026-06-03 14:14:05,2026-06-03 14:19:05,30.124719449591986,30.097404584073505,30.3708566404267,30.67628872035791,30.182082824028683,30.335674315194947,30.279738408184052,,,,,,
2026-06-03 14:14:06,2026-06-03 14:14:05,2026-06-03 14:19:05,30.124719449591986,30.097404584073505,30.3708566404267,30.67628872035791,30.182082824028683,30.335674315194947,30.279738408184052,,,,,,
2026-06-03 14:14:15,2026-06-03 14:14:15,2026-06-03 14:19:15,30.230232082378862,30.181697424678795,30.409222948597662,30.44570826418467,30.231876209913963,30.24276212801467,30.29560925985626,,,,,,
2026-06-03 14:14:15,2026-06-03 14:14:15,2026-06-03 14:19:15,30.230232082378862,30.181697424678795,30.409222948597662,30.44570826418467,30.231876209913963,30.24276212801467,30.29560925985626,,,,,,
2026-06-03 14:19:07,2026-06-03 14:19:06,2026-06-03 14:24:06,30.367928996604117,30.145676960784712,30.768755244217004,30.523325935699766,30.20606545368968,30.230717889017512,30.33702433622219,,,,,,
2026-06-03 14:19:07,2026-06-03 14:19:06,2026-06-03 14:24:06,30.367928996604117,30.145676960784712,30.768755244217004,30.523325935699766,30.20606545368968,30.230717889017512,30.33702433622219,,,,,,
2026-06-03 14:19:16,2026-06-03 14:19:16,2026-06-03 14:24:16,30.318695653569947,30.237713953085212,30.445803347377513,30.44639545801177,30.222892923215774,30.213827085370493,30.281476540119307,,,,,,
2026-06-03 14:19:16,2026-06-03 14:19:16,2026-06-03 14:24:16,30.318695653569947,30.237713953085212,30.445803347377513,30.44639545801177,30.222892923215774,30.213827085370493,30.281476540119307,,,,,,
2026-06-03 14:24:09,2026-06-03 14:24:08,2026-06-03 14:29:08,30.221690430105017,30.197025139670593,30.23219123974147,30.77904105450077,30.16840003218961,30.095763810567927,30.114120734517712,30.89322853088379,,,31.332324981689453,,
2026-06-03 14:24:09,2026-06-03 14:24:08,2026-06-03 14:29:08,30.221690430105017,30.197025139670593,30.23219123974147,30.77904105450077,30.16840003218961,30.095763810567927,30.114120734517712,30.89322853088379,,,31.332324981689453,,
2026-06-03 14:24:18,2026-06-03 14:24:18,2026-06-03 14:29:18,30.277594868306444,30.263050707080378,30.400815256969157,30.55586916092961,30.232845706159488,30.146454026227968,30.232229194086415,30.0,,,30.0,,
2026-06-03 14:24:18,2026-06-03 14:24:18,2026-06-03 14:29:18,30.277594868306444,30.263050707080378,30.400815256969157,30.55586916092961,30.232845706159488,30.146454026227968,30.232229194086415,30.0,,,30.0,,
2026-06-03 14:29:09,2026-06-03 14:29:08,2026-06-03 14:34:08,30.59245972550751,30.259383097502027,30.599344331485515,30.746930462393085,30.16292007828372,30.354969484122137,30.240414292742887,31.139028549194336,,,31.28531837463379,,
2026-06-03 14:29:09,2026-06-03 14:29:08,2026-06-03 14:34:08,30.59245972550751,30.259383097502027,30.599344331485515,30.746930462393085,30.16292007828372,30.354969484122137,30.240414292742887,31.139028549194336,,,31.28531837463379,,
2026-06-03 14:29:19,2026-06-03 14:29:19,2026-06-03 14:34:19,30.456173993613625,30.283733780734718,30.432674493442235,30.479428456229847,30.22202769088477,30.365224918592663,30.274537764685185,30.0,,,30.0,,
2026-06-03 14:29:19,2026-06-03 14:29:19,2026-06-03 14:34:19,30.456173993613625,30.283733780734718,30.432674493442235,30.479428456229847,30.22202769088477,30.365224918592663,30.274537764685185,30.0,,,30.0,,
2026-06-03 14:34:08,2026-06-03 14:34:08,2026-06-03 14:39:08,30.352239451667334,29.88307248014984,30.33143395573128,30.289327742289604,30.022713488069332,30.160198008188118,29.97160974971771,30.650123596191406,,,31.08875274658203,,
2026-06-03 14:34:08,2026-06-03 14:34:08,2026-06-03 14:39:08,30.352239451667334,29.88307248014984,30.33143395573128,30.289327742289604,30.022713488069332,30.160198008188118,29.97160974971771,30.650123596191406,,,31.08875274658203,,
2026-06-03 14:39:09,2026-06-03 14:39:09,2026-06-03 14:44:09,30.350031130874452,29.838717395813042,30.436841182438044,30.315490473543345,30.139370316877347,30.146089939880152,30.278400796096204,30.87515640258789,,,31.18372917175293,,
2026-06-03 14:39:09,2026-06-03 14:39:09,2026-06-03 14:44:09,30.350031130874452,29.838717395813042,30.436841182438044,30.315490473543345,30.139370316877347,30.146089939880152,30.278400796096204,30.87515640258789,,,31.18372917175293,,
2026-06-03 14:39:20,2026-06-03 14:39:20,2026-06-03 14:44:20,30.29479787458687,30.11656657066177,30.41829490456949,30.415016336102024,30.21530389792706,30.186858412124366,30.28537318273818,30.0,,,30.0,,
2026-06-03 14:39:20,2026-06-03 14:39:20,2026-06-03 14:44:20,30.29479787458687,30.11656657066177,30.41829490456949,30.415016336102024,30.21530389792706,30.186858412124366,30.28537318273818,30.0,,,30.0,,
2026-06-03 14:52:01,2026-06-03 14:52:01,2026-06-03 14:57:01,30.167917144183775,30.14820650851122,30.359596808879033,30.573070404615,30.26624076741696,30.206968428998024,30.28309428882683,30.63997344970703,,,30.64582405090333,,
2026-06-03 14:52:01,2026-06-03 14:52:01,2026-06-03 14:57:01,30.167917144183775,30.14820650851122,30.359596808879033,30.573070404615,30.26624076741696,30.206968428998024,30.28309428882683,30.63997344970703,,,30.64582405090333,,
2026-06-03 14:52:11,2026-06-03 14:52:11,2026-06-03 14:57:11,30.271346125387055,30.247404882151486,30.425377157484206,30.470694348810017,30.258809215394216,30.232077873471347,30.312317195116474,30.63997344970703,,,30.64582405090333,,
2026-06-03 14:52:11,2026-06-03 14:52:11,2026-06-03 14:57:11,30.271346125387055,30.247404882151486,30.425377157484206,30.470694348810017,30.258809215394216,30.232077873471347,30.312317195116474,30.63997344970703,,,30.64582405090333,,
2026-06-03 14:57:02,2026-06-03 14:57:02,2026-06-03 15:02:02,30.169438635016295,30.091011820674588,30.28717267742138,30.54442003757389,30.057379356886944,30.11916749754456,30.086589064134564,30.337675666809087,,,30.706125831604012,,
2026-06-03 14:57:02,2026-06-03 14:57:02,2026-06-03 15:02:02,30.169438635016295,30.091011820674588,30.28717267742138,30.54442003757389,30.057379356886944,30.11916749754456,30.086589064134564,30.337675666809087,,,30.706125831604012,,
2026-06-03 14:57:02,2026-06-03 14:57:02,2026-06-03 15:02:02,30.169438635016295,30.091011820674588,30.28717267742138,30.54442003757389,30.057379356886944,30.11916749754456,30.086589064134564,30.337675666809087,,,30.706125831604012,,
2026-06-03 14:57:19,2026-06-03 14:57:12,2026-06-03 15:02:12,30.212691540810805,30.21218707092248,30.408486175306354,30.431506350156255,30.18676204141558,30.15220308879635,30.244996198694324,30.337675666809087,,,30.706125831604012,,
2026-06-03 15:09:29,2026-06-03 15:09:29,2026-06-03 15:14:29,29.73915245869577,29.935101344069928,30.014698711198715,30.704411149520503,30.10435100975451,30.149230566540226,30.162059113067816,30.682064819335945,,,30.786269378662137,,
2026-06-03 15:09:29,2026-06-03 15:09:29,2026-06-03 15:14:29,29.73915245869577,29.935101344069928,30.014698711198715,30.704411149520503,30.10435100975451,30.149230566540226,30.162059113067816,30.682064819335945,,,30.786269378662137,,
2026-06-03 15:09:40,2026-06-03 15:09:40,2026-06-03 15:14:40,29.987515124935275,30.15332511853543,30.383490323787353,30.51317595772634,30.2084204069259,30.19566859208778,30.235816949554945,30.682064819335945,,,30.786269378662137,,
2026-06-03 15:09:40,2026-06-03 15:09:40,2026-06-03 15:14:40,29.987515124935275,30.15332511853543,30.383490323787353,30.51317595772634,30.2084204069259,30.19566859208778,30.235816949554945,30.682064819335945,,,30.786269378662137,,
2026-06-03 15:14:30,2026-06-03 15:14:30,2026-06-03 15:19:30,30.35607362472165,29.920227177024362,30.36335293422499,30.826060012907053,30.221025753641836,30.379102145296393,30.21058260843547,30.97994003295901,,,31.29792442321779,,
2026-06-03 15:14:30,2026-06-03 15:14:30,2026-06-03 15:19:30,30.35607362472165,29.920227177024362,30.36335293422499,30.826060012907053,30.221025753641836,30.379102145296393,30.21058260843547,30.97994003295901,,,31.29792442321779,,
2026-06-03 15:19:30,2026-06-03 15:19:30,2026-06-03 15:24:30,30.026608414217236,29.967249542084243,30.23368760750589,30.52504227139146,30.158692434032947,30.201595871841786,30.015773861399325,30.61574535369875,,,30.928650093078616,,
2026-06-03 15:19:30,2026-06-03 15:19:30,2026-06-03 15:24:30,30.026608414217236,29.967249542084243,30.23368760750589,30.52504227139146,30.158692434032947,30.201595871841786,30.015773861399325,30.61574535369875,,,30.928650093078616,,
2026-06-03 15:19:40,2026-06-03 15:19:40,2026-06-03 15:24:40,30.221188237678625,30.17312403571297,30.415316488163175,30.389490652969894,30.221907588647618,30.164638284705592,30.213266584294114,30.61574535369875,,,30.928650093078616,,
2026-06-03 15:19:40,2026-06-03 15:19:40,2026-06-03 15:24:40,30.221188237678625,30.17312403571297,30.415316488163175,30.389490652969894,30.221907588647618,30.164638284705592,30.213266584294114,30.61574535369875,,,30.928650093078616,,
2026-06-03 15:24:31,2026-06-03 15:24:31,2026-06-03 15:29:31,30.20956445659164,30.041981549048156,30.287879004606783,30.425117405186757,30.335944476646258,30.103246217845367,30.1382467604356,30.555858612060575,,,31.089774131774927,,
2026-06-03 15:24:31,2026-06-03 15:24:31,2026-06-03 15:29:31,30.20956445659164,30.041981549048156,30.287879004606783,30.425117405186757,30.335944476646258,30.103246217845367,30.1382467604356,30.555858612060575,,,31.089774131774927,,
2026-06-03 15:24:42,2026-06-03 15:24:42,2026-06-03 15:29:42,30.239410196900298,30.203270306876792,30.408799228413802,30.43071310773367,30.28217123044266,30.14828670244712,30.238538477746964,30.555858612060575,,,31.089774131774927,,
2026-06-03 15:24:42,2026-06-03 15:24:42,2026-06-03 15:29:42,30.239410196900298,30.203270306876792,30.408799228413802,30.43071310773367,30.28217123044266,30.14828670244712,30.238538477746964,30.555858612060575,,,31.089774131774927,,
2026-06-03 15:29:33,2026-06-03 15:29:32,2026-06-03 15:34:32,29.98982078991199,30.124451774136187,30.148698382248988,30.35010197544606,30.1463753130798,29.99352335094436,30.155273602509077,30.432498931884762,,,30.772389221191435,,
2026-06-03 15:29:33,2026-06-03 15:29:32,2026-06-03 15:34:32,29.98982078991199,30.124451774136187,30.148698382248988,30.35010197544606,30.1463753130798,29.99352335094436,30.155273602509077,30.432498931884762,,,30.772389221191435,,
2026-06-03 15:34:34,2026-06-03 15:34:33,2026-06-03 15:39:33,30.31486959064409,29.976559765131597,30.319656964737902,30.669397571055715,30.365214062649454,29.98093630030628,30.188951489017455,30.8157162406228,,,30.94549754749646,,
2026-06-03 15:34:34,2026-06-03 15:34:33,2026-06-03 15:39:33,30.31486959064409,29.976559765131597,30.319656964737902,30.669397571055715,30.365214062649454,29.98093630030628,30.188951489017455,30.8157162406228,,,30.94549754749646,,
2026-06-03 15:39:33,2026-06-03 15:39:33,2026-06-03 15:44:33,30.22581396706153,30.163868922378235,30.320867150918367,30.606713556721335,30.252131298572113,29.93138240115144,29.90410734680271,30.853784006292205,,,31.188033999818735,,
2026-06-03 15:39:33,2026-06-03 15:39:33,2026-06-03 15:44:33,30.22581396706153,30.163868922378235,30.320867150918367,30.606713556721335,30.252131298572113,29.93138240115144,29.90410734680271,30.853784006292205,,,31.188033999818735,,
2026-06-03 15:44:34,2026-06-03 15:44:34,2026-06-03 15:49:34,30.243426084284483,30.087365056460374,30.04576158862423,30.500087671064524,30.57264227383735,30.004412062022496,30.07852193251218,30.765862459124953,,,31.269015052101853,,
2026-06-03 15:44:34,2026-06-03 15:44:34,2026-06-03 15:49:34,30.243426084284483,30.087365056460374,30.04576158862423,30.500087671064524,30.57264227383735,30.004412062022496,30.07852193251218,30.765862459124953,,,31.269015052101853,,
2026-06-03 15:49:34,2026-06-03 15:49:34,2026-06-03 15:54:34,29.905335538551164,29.722518516178987,30.13847571402451,30.36469312515486,30.179058270082205,29.964649987745226,29.818614370779642,30.408123166633377,,,30.945742358583406,,
2026-06-03 15:49:34,2026-06-03 15:49:34,2026-06-03 15:54:34,29.905335538551164,29.722518516178987,30.13847571402451,30.36469312515486,30.179058270082205,29.964649987745226,29.818614370779642,30.408123166633377,,,30.945742358583406,,
2026-06-03 15:52:18,2026-06-03 15:52:13,2026-06-03 15:57:13,29.930878239833064,29.389744322030005,30.08109081266835,30.338198829500516,30.10184621746654,30.016554261193374,29.86317670584555,30.0,,,30.281700700702118,30.671227299083384,
2026-06-03 15:52:18,2026-06-03 15:52:13,2026-06-03 15:57:13,29.930878239833064,29.389744322030005,30.08109081266835,30.338198829500516,30.10184621746654,30.016554261193374,29.86317670584555,30.0,,,30.281700700702118,30.671227299083384,
2026-06-03 15:52:26,2026-06-03 15:52:26,2026-06-03 15:57:26,29.782035270612063,29.28159564769804,30.022927674951372,30.18382318934245,29.81754950924542,29.80852660805846,29.557666230823784,30.313529408584913,,,30.584930376635416,30.85993626511918,
2026-06-03 15:52:26,2026-06-03 15:52:26,2026-06-03 15:57:26,29.782035270612063,29.28159564769804,30.022927674951372,30.18382318934245,29.81754950924542,29.80852660805846,29.557666230823784,30.313529408584913,,,30.584930376635416,30.85993626511918,
2026-06-03 16:12:46,2026-06-03 16:12:46,2026-06-03 16:17:46,29.681557279984457,29.558786865131733,29.935781841885802,30.273316879647822,30.14358010656455,29.886823872383257,29.517451874584392,29.080719846283582,,,30.92899105901327,31.171731887599073,
2026-06-03 16:12:46,2026-06-03 16:12:46,2026-06-03 16:17:46,29.681557279984457,29.558786865131733,29.935781841885802,30.273316879647822,30.14358010656455,29.886823872383257,29.517451874584392,29.080719846283582,,,30.92899105901327,31.171731887599073,
2026-06-03 16:20:45,2026-06-03 16:20:45,2026-06-03 16:25:45,29.911819277542097,29.538086586860707,29.58027558477741,30.208978914019028,30.12465354424619,29.839094294552964,29.462719231286346,29.479356391327318,,,30.899079909334713,31.175008818646575,
2026-06-03 16:20:45,2026-06-03 16:20:45,2026-06-03 16:25:45,29.911819277542097,29.538086586860707,29.58027558477741,30.208978914019028,30.12465354424619,29.839094294552964,29.462719231286346,29.479356391327318,,,30.899079909334713,31.175008818646575,
2026-06-03 16:20:56,2026-06-03 16:20:56,2026-06-03 16:25:56,30.046608830140418,29.86724909347656,30.104564017184106,30.28899892630902,30.131185548541374,29.94625188957697,29.94937304202046,28.915647856666407,,,30.430459763564034,30.602497459443835,
2026-06-03 16:20:56,2026-06-03 16:20:56,2026-06-03 16:25:56,30.046608830140418,29.86724909347656,30.104564017184106,30.28899892630902,30.131185548541374,29.94625188957697,29.94937304202046,28.915647856666407,,,30.430459763564034,30.602497459443835,
2026-06-03 16:25:45,2026-06-03 16:25:45,2026-06-03 16:30:45,29.988105929912095,29.65909671068923,30.003309592186564,30.25944288442142,30.170174117066214,30.070791479859313,29.803004126363412,29.615193809403603,,,30.87441308808332,30.931106712978707,
2026-06-03 16:25:45,2026-06-03 16:25:45,2026-06-03 16:30:45,29.988105929912095,29.65909671068923,30.003309592186564,30.25944288442142,30.170174117066214,30.070791479859313,29.803004126363412,29.615193809403603,,,30.87441308808332,30.931106712978707,
2026-06-03 16:30:46,2026-06-03 16:30:46,2026-06-03 16:35:46,29.87619834255607,29.42162448939567,29.651801693706126,30.27149485943897,29.774703061613714,29.987681499636583,29.716859147728368,29.33164985171403,,,30.493295974251016,30.655410639334473,
2026-06-03 16:30:46,2026-06-03 16:30:46,2026-06-03 16:35:46,29.87619834255607,29.42162448939567,29.651801693706126,30.27149485943897,29.774703061613714,29.987681499636583,29.716859147728368,29.33164985171403,,,30.493295974251016,30.655410639334473,
2026-06-03 16:30:57,2026-06-03 16:30:57,2026-06-03 16:35:57,29.995090642387456,29.829588604032377,30.167246785758472,30.248966665809824,30.004565591660977,29.99171087071094,30.01953896634969,28.224306139485613,,,30.294155163632144,30.616199318143565,
2026-06-03 16:30:57,2026-06-03 16:30:57,2026-06-03 16:35:57,29.995090642387456,29.829588604032377,30.167246785758472,30.248966665809824,30.004565591660977,29.99171087071094,30.01953896634969,28.224306139485613,,,30.294155163632144,30.616199318143565,
2026-06-03 16:37:50,2026-06-03 16:37:50,2026-06-03 16:42:50,29.694519776592294,29.41943278987749,29.7616122080156,30.279189765725672,29.739103154350325,29.664033643090434,29.89639496399488,28.415189050748022,,,30.793619696564097,31.11853924575798,
2026-06-03 16:37:50,2026-06-03 16:37:50,2026-06-03 16:42:50,29.694519776592294,29.41943278987749,29.7616122080156,30.279189765725672,29.739103154350325,29.664033643090434,29.89639496399488,28.415189050748022,,,30.793619696564097,31.11853924575798,
2026-06-03 16:38:00,2026-06-03 16:38:00,2026-06-03 16:43:00,29.90651998765429,29.746684112908472,29.98292164231753,30.22715906816448,29.792799467313415,29.771043605440166,29.920568548463194,28.68856254276423,,,30.510432063988606,30.742018713824205,
2026-06-03 16:38:00,2026-06-03 16:38:00,2026-06-03 16:43:00,29.90651998765429,29.746684112908472,29.98292164231753,30.22715906816448,29.792799467313415,29.771043605440166,29.920568548463194,28.68856254276423,,,30.510432063988606,30.742018713824205,
2026-06-03 16:42:51,2026-06-03 16:42:51,2026-06-03 16:47:51,29.90315362582054,29.637712600574062,30.07223347342431,30.348321669822234,29.732654313569817,29.71645975152596,29.929609740158906,29.172269493387844,,,30.715462567292033,31.160032944043817,
2026-06-03 16:42:51,2026-06-03 16:42:51,2026-06-03 16:47:51,29.90315362582054,29.637712600574062,30.07223347342431,30.348321669822234,29.732654313569817,29.71645975152596,29.929609740158906,29.172269493387844,,,30.715462567292033,31.160032944043817,
2026-06-03 16:43:01,2026-06-03 16:43:01,2026-06-03 16:48:01,29.95049727720787,29.885240058897363,30.057564599134516,30.268866261982577,29.896936541632165,29.80935362416455,29.95262541915144,28.511241616865018,,,30.380565471446975,30.77955613423547,
2026-06-03 16:43:01,2026-06-03 16:43:01,2026-06-03 16:48:01,29.95049727720787,29.885240058897363,30.057564599134516,30.268866261982577,29.896936541632165,29.80935362416455,29.95262541915144,28.511241616865018,,,30.380565471446975,30.77955613423547,
2026-06-03 16:47:51,2026-06-03 16:47:51,2026-06-03 16:52:51,29.971985942395953,29.590621935995955,29.722449956220608,30.261486424476693,29.649981996544998,29.820357903684293,29.824983560742943,29.471134290622224,,,30.704421722115224,30.73762402411947,
2026-06-03 16:47:51,2026-06-03 16:47:51,2026-06-03 16:52:51,29.971985942395953,29.590621935995955,29.722449956220608,30.261486424476693,29.649981996544998,29.820357903684293,29.824983560742943,29.471134290622224,,,30.704421722115224,30.73762402411947,
2026-06-03 16:52:52,2026-06-03 16:52:52,2026-06-03 16:57:52,29.996582982775333,29.756579122895516,30.110589775892244,30.2800513467405,29.86858866019721,29.821312856756766,29.95375532731198,29.35190370382228,,,31.046891395528007,31.039800850382342,
2026-06-03 16:52:52,2026-06-03 16:52:52,2026-06-03 16:57:52,29.996582982775333,29.756579122895516,30.110589775892244,30.2800513467405,29.86858866019721,29.821312856756766,29.95375532731198,29.35190370382228,,,31.046891395528007,31.039800850382342,
2026-06-03 16:53:02,2026-06-03 16:53:02,2026-06-03 16:58:02,30.090120555194595,30.009879389107137,30.227036267435636,30.274571339097864,30.087366350741902,29.92379828298126,30.105304700583464,28.507204352511494,,,30.493402698526754,30.817018770585456,
2026-06-03 16:53:02,2026-06-03 16:53:02,2026-06-03 16:58:02,30.090120555194595,30.009879389107137,30.227036267435636,30.274571339097864,30.087366350741902,29.92379828298126,30.105304700583464,28.507204352511494,,,30.493402698526754,30.817018770585456,
2026-06-03 16:57:53,2026-06-03 16:57:53,2026-06-03 17:02:53,30.243670045800737,30.064433439429553,30.48676655442929,30.605477536059812,30.09885255433401,30.113101422207663,30.08920255242858,29.47295155341835,,,31.31335904130799,31.315946488782537,
2026-06-03 16:57:53,2026-06-03 16:57:53,2026-06-03 17:02:53,30.243670045800737,30.064433439429553,30.48676655442929,30.605477536059812,30.09885255433401,30.113101422207663,30.08920255242858,29.47295155341835,,,31.31335904130799,31.315946488782537,
2026-06-03 16:58:04,2026-06-03 16:58:03,2026-06-03 17:03:03,30.238577830017128,30.161845045115747,30.360447664232453,30.43291490067913,30.18327976173087,30.18569053823035,30.1823892922138,28.898825267119943,,,30.47534619393562,30.894297184252725,
2026-06-03 16:58:04,2026-06-03 16:58:03,2026-06-03 17:03:03,30.238577830017128,30.161845045115747,30.360447664232453,30.43291490067913,30.18327976173087,30.18569053823035,30.1823892922138,28.898825267119943,,,30.47534619393562,30.894297184252725,
2026-06-03 17:02:53,2026-06-03 17:02:53,2026-06-03 17:07:53,30.21068408042378,30.491660337099766,30.553961495561865,30.708414664828044,30.20170831119057,30.271852971498518,30.22219624324003,29.872871785796196,,,31.594881668753313,31.47873305441274,
2026-06-03 17:02:53,2026-06-03 17:02:53,2026-06-03 17:07:53,30.21068408042378,30.491660337099766,30.553961495561865,30.708414664828044,30.20170831119057,30.271852971498518,30.22219624324003,29.872871785796196,,,31.594881668753313,31.47873305441274,
2026-06-03 17:03:04,2026-06-03 17:03:04,2026-06-03 17:08:04,30.231543337705144,30.35747827460193,30.380623090903118,30.385634084215692,30.19139555261497,30.27511119176456,30.208617586954606,29.152722207101544,,,30.480338781998157,30.983697177649656,
2026-06-03 17:03:04,2026-06-03 17:03:04,2026-06-03 17:08:04,30.231543337705144,30.35747827460193,30.380623090903118,30.385634084215692,30.19139555261497,30.27511119176456,30.208617586954606,29.152722207101544,,,30.480338781998157,30.983697177649656,
2026-06-03 17:07:54,2026-06-03 17:07:54,2026-06-03 17:12:54,30.391872884744185,30.646674984020745,30.826540348398446,30.97474022156092,30.419661197263416,30.436532488829485,30.543722111642627,29.975250863642003,,,31.765732673471437,31.56172799464162,
2026-06-03 17:07:54,2026-06-03 17:07:54,2026-06-03 17:12:54,30.391872884744185,30.646674984020745,30.826540348398446,30.97474022156092,30.419661197263416,30.436532488829485,30.543722111642627,29.975250863642003,,,31.765732673471437,31.56172799464162,
2026-06-03 17:08:05,2026-06-03 17:08:05,2026-06-03 17:13:05,30.304275355533267,30.40476122773316,30.39470351677578,30.55240311418305,30.26972656164878,30.3648277894503,30.32872555846337,29.340670421659098,,,30.45295487231178,31.028861686297645,
2026-06-03 17:08:05,2026-06-03 17:08:05,2026-06-03 17:13:05,30.304275355533267,30.40476122773316,30.39470351677578,30.55240311418305,30.26972656164878,30.3648277894503,30.32872555846337,29.340670421659098,,,30.45295487231178,31.028861686297645,
2026-06-03 17:12:56,2026-06-03 17:12:56,2026-06-03 17:17:56,30.267369486929898,30.542413429648285,30.460407777715382,30.918003826705203,30.362553308753895,30.276229005875827,30.52582724100448,30.202396037587576,,,31.374970079152718,31.261016632397666,
2026-06-03 17:12:56,2026-06-03 17:12:56,2026-06-03 17:17:56,30.267369486929898,30.542413429648285,30.460407777715382,30.918003826705203,30.362553308753895,30.276229005875827,30.52582724100448,30.202396037587576,,,31.374970079152718,31.261016632397666,
2026-06-03 17:13:06,2026-06-03 17:13:06,2026-06-03 17:18:06,30.246367953879524,30.33082105223557,30.32538722768117,30.41687814898239,30.24292896729831,30.196788068553406,30.31759129534016,29.465610088006915,,,30.313361055947205,30.903969808130924,
2026-06-03 17:13:06,2026-06-03 17:13:06,2026-06-03 17:18:06,30.246367953879524,30.33082105223557,30.32538722768117,30.41687814898239,30.24292896729831,30.196788068553406,30.31759129534016,29.465610088006915,,,30.313361055947205,30.903969808130924,
2026-06-03 17:17:57,2026-06-03 17:17:57,2026-06-03 17:22:57,30.6173181048187,30.580055527033977,30.604072796217164,30.90882663736171,30.53426978997613,30.33074376528224,30.5860255830785,30.162795071936124,,,31.545817455933285,31.409240024543735,
2026-06-03 17:17:57,2026-06-03 17:17:57,2026-06-03 17:22:57,30.6173181048187,30.580055527033977,30.604072796217164,30.90882663736171,30.53426978997613,30.33074376528224,30.5860255830785,30.162795071936124,,,31.545817455933285,31.409240024543735,
2026-06-03 17:18:08,2026-06-03 17:18:08,2026-06-03 17:23:08,30.438681700148134,30.356278890688742,30.324767702421614,30.49066652688395,30.296988425322706,30.273810237679655,30.287969823740017,29.567638661781572,,,30.45219274508087,31.003914422702824,
2026-06-03 17:18:08,2026-06-03 17:18:08,2026-06-03 17:23:08,30.438681700148134,30.356278890688742,30.324767702421614,30.49066652688395,30.296988425322706,30.273810237679655,30.287969823740017,29.567638661781572,,,30.45219274508087,31.003914422702824,
2026-06-03 17:26:14,2026-06-03 17:26:14,2026-06-03 17:31:14,30.633958989318998,30.932064998280488,30.515054288838833,30.66313246467863,30.517672372618044,30.60980781411181,30.744729239545542,29.84664564120756,,,31.528376484125612,32.0087588805551,
2026-06-03 17:26:14,2026-06-03 17:26:14,2026-06-03 17:31:14,30.633958989318998,30.932064998280488,30.515054288838833,30.66313246467863,30.517672372618044,30.60980781411181,30.744729239545542,29.84664564120756,,,31.528376484125612,32.0087588805551,
2026-06-03 17:26:26,2026-06-03 17:26:25,2026-06-03 17:31:25,30.474306711584003,30.590836197876936,30.404351409377657,30.6148438638376,30.395496677403578,30.528904231887672,30.518758748991168,30.05319632767295,,,30.676177037876624,30.705702844121607,
2026-06-03 17:26:26,2026-06-03 17:26:25,2026-06-03 17:31:25,30.474306711584003,30.590836197876936,30.404351409377657,30.6148438638376,30.395496677403578,30.528904231887672,30.518758748991168,30.05319632767295,,,30.676177037876624,30.705702844121607,
2026-06-03 17:31:16,2026-06-03 17:31:16,2026-06-03 17:36:16,30.7390161172029,30.756948814714573,30.9552068319778,31.016028006166948,30.652186724879495,30.711508361055607,30.633760188363283,30.49987954555769,,,31.669894547604404,31.79998303390563,
2026-06-03 17:31:16,2026-06-03 17:31:16,2026-06-03 17:36:16,30.7390161172029,30.756948814714573,30.9552068319778,31.016028006166948,30.652186724879495,30.711508361055607,30.633760188363283,30.49987954555769,,,31.669894547604404,31.79998303390563,
2026-06-03 17:31:27,2026-06-03 17:31:27,2026-06-03 17:36:27,30.586338794870333,30.4712820041096,30.513149103247905,30.607888412040882,30.385521589066816,30.59378362561995,30.4976282020388,30.057806514911793,,,30.49735692970701,30.87351475739586,
2026-06-03 17:31:27,2026-06-03 17:31:27,2026-06-03 17:36:27,30.586338794870333,30.4712820041096,30.513149103247905,30.607888412040882,30.385521589066816,30.59378362561995,30.4976282020388,30.057806514911793,,,30.49735692970701,30.87351475739586,
2026-06-03 17:38:36,2026-06-03 17:38:36,2026-06-03 17:43:36,31.06660623480695,30.840350181260337,30.991435143138663,31.142968010154853,30.69009241948591,30.786350803001305,30.765519379252144,30.392216258884424,,,31.941308699472515,32.49898495856294,
2026-06-03 17:38:36,2026-06-03 17:38:36,2026-06-03 17:43:36,31.06660623480695,30.840350181260337,30.991435143138663,31.142968010154853,30.69009241948591,30.786350803001305,30.765519379252144,30.392216258884424,,,31.941308699472515,32.49898495856294,
2026-06-03 17:38:47,2026-06-03 17:38:47,2026-06-03 17:43:47,30.69485132052179,30.550242430894617,30.71048812909323,30.974528968506267,30.556345922935577,30.647294425410077,30.586881740112783,30.547914960747914,,,30.761808224235104,30.776122016201214,
2026-06-03 17:38:47,2026-06-03 17:38:47,2026-06-03 17:43:47,30.69485132052179,30.550242430894617,30.71048812909323,30.974528968506267,30.556345922935577,30.647294425410077,30.586881740112783,30.547914960747914,,,30.761808224235104,30.776122016201214,
2026-06-03 17:41:03,2026-06-03 17:41:03,2026-06-03 17:46:03,29.960789841379142,30.900819239657604,30.77592863372747,31.164344990818762,30.855574146931552,30.72194108147443,30.76205832651686,30.557169113648317,29.74932289123535,,31.58671061476485,31.668464950533405,
2026-06-03 17:41:03,2026-06-03 17:41:03,2026-06-03 17:46:03,29.960789841379142,30.900819239657604,30.77592863372747,31.164344990818762,30.855574146931552,30.72194108147443,30.76205832651686,30.557169113648317,29.74932289123535,,31.58671061476485,31.668464950533405,
2026-06-03 17:43:49,2026-06-03 17:43:49,2026-06-03 17:48:49,29.9164837303562,30.688912350941195,30.459647229051914,30.74319310952399,30.392243187674534,30.491949081158918,30.603446716504752,30.551711701872073,30.0,,30.39756050546672,30.610469021485468,
2026-06-03 17:43:49,2026-06-03 17:43:49,2026-06-03 17:48:49,29.9164837303562,30.688912350941195,30.459647229051914,30.74319310952399,30.392243187674534,30.491949081158918,30.603446716504752,30.551711701872073,30.0,,30.39756050546672,30.610469021485468,
2026-06-03 17:46:05,2026-06-03 17:46:05,2026-06-03 17:51:05,29.746634927377134,30.76553734848449,30.86154322546893,30.80899393570271,30.91058670990425,30.884781809616488,30.639560835147137,30.75340331313336,30.059337615966797,,31.682157523488787,31.51754079867221,
2026-06-03 17:46:05,2026-06-03 17:46:05,2026-06-03 17:51:05,29.746634927377134,30.76553734848449,30.86154322546893,30.80899393570271,30.91058670990425,30.884781809616488,30.639560835147137,30.75340331313336,30.059337615966797,,31.682157523488787,31.51754079867221,
2026-06-03 17:48:51,2026-06-03 17:48:51,2026-06-03 17:53:51,29.307600993109766,30.52126675559783,30.450205896477268,30.430665863553763,30.5290891330962,30.453763721468984,30.49838155808168,30.386346136095273,30.0,,30.43771878837515,30.9745628007075,
2026-06-03 17:48:51,2026-06-03 17:48:51,2026-06-03 17:53:51,29.307600993109766,30.52126675559783,30.450205896477268,30.430665863553763,30.5290891330962,30.453763721468984,30.49838155808168,30.386346136095273,30.0,,30.43771878837515,30.9745628007075,
2026-06-03 17:51:06,2026-06-03 17:51:06,2026-06-03 17:56:06,29.68978501989507,30.766571567349892,30.48063191244448,30.732555248422553,30.955830094245588,30.84933745320812,30.607915998073516,30.713140551717586,30.299041748046875,,31.678670252455596,31.229640078153672,
2026-06-03 17:51:06,2026-06-03 17:51:06,2026-06-03 17:56:06,29.68978501989507,30.766571567349892,30.48063191244448,30.732555248422553,30.955830094245588,30.84933745320812,30.607915998073516,30.713140551717586,30.299041748046875,,31.678670252455596,31.229640078153672,
2026-06-03 17:53:52,2026-06-03 17:53:52,2026-06-03 17:58:52,29.598808503672657,30.510113568213242,30.29073820364956,30.347672875817132,30.47199436469977,30.42844024666669,30.479650151128233,30.376681079048396,30.0,,30.457710290872928,30.844500865152643,
2026-06-03 17:53:52,2026-06-03 17:53:52,2026-06-03 17:58:52,29.598808503672657,30.510113568213242,30.29073820364956,30.347672875817132,30.47199436469977,30.42844024666669,30.479650151128233,30.376681079048396,30.0,,30.457710290872928,30.844500865152643,
2026-06-03 17:56:07,2026-06-03 17:56:07,2026-06-03 18:01:07,30.279398881981226,30.63679589843754,30.550115324751737,30.94092321648633,31.11743369264623,30.89548342666135,30.60390710165662,30.81079993846915,30.44586944580078,,31.683609904211718,31.412618390419173,
2026-06-03 17:56:07,2026-06-03 17:56:07,2026-06-03 18:01:07,30.279398881981226,30.63679589843754,30.550115324751737,30.94092321648633,31.11743369264623,30.89548342666135,30.60390710165662,30.81079993846915,30.44586944580078,,31.683609904211718,31.412618390419173,
2026-06-03 17:56:21,2026-06-03 17:56:21,2026-06-03 18:01:21,29.896332365650842,30.6755228511349,30.802942138358567,30.74486788102674,30.93066851448495,30.878899821889714,30.748468322950185,30.80614617478389,31.445625686645506,,31.757168473744464,32.197138272323556,
2026-06-03 17:56:21,2026-06-03 17:56:21,2026-06-03 18:01:21,29.896332365650842,30.6755228511349,30.802942138358567,30.74486788102674,30.93066851448495,30.878899821889714,30.748468322950185,30.80614617478389,31.445625686645506,,31.757168473744464,32.197138272323556,
2026-06-03 17:58:53,2026-06-03 17:58:53,2026-06-03 18:03:53,30.717902995786922,30.472791982610286,30.456597961336914,30.47791713161316,30.830637454603924,30.65965500931485,30.579148168287862,30.591499618586656,31.445625686645506,,30.690900777132917,30.75139799062998,
2026-06-03 17:58:53,2026-06-03 17:58:53,2026-06-03 18:03:53,30.717902995786922,30.472791982610286,30.456597961336914,30.47791713161316,30.830637454603924,30.65965500931485,30.579148168287862,30.591499618586656,31.445625686645506,,30.690900777132917,30.75139799062998,
2026-06-03 18:01:22,2026-06-03 18:01:21,2026-06-03 18:06:21,29.984185265118338,30.58693691401668,30.85609431677968,30.569385800396198,30.731552557656382,30.70161256071903,30.620235680925276,30.64234171866097,31.812492824736083,,31.618475825001962,31.6567917547893,
2026-06-03 18:01:22,2026-06-03 18:01:21,2026-06-03 18:06:21,29.984185265118338,30.58693691401668,30.85609431677968,30.569385800396198,30.731552557656382,30.70161256071903,30.620235680925276,30.64234171866097,31.812492824736083,,31.618475825001962,31.6567917547893,
2026-06-03 18:03:54,2026-06-03 18:03:54,2026-06-03 18:08:54,30.48243852307927,30.46567089452081,30.4787975037778,30.546053390132833,30.41270156412001,30.496396936138964,30.49019693465438,30.538590976058458,31.6878944396973,,30.45766989336561,30.654869641896667,
2026-06-03 18:03:54,2026-06-03 18:03:54,2026-06-03 18:08:54,30.48243852307927,30.46567089452081,30.4787975037778,30.546053390132833,30.41270156412001,30.496396936138964,30.49019693465438,30.538590976058458,31.6878944396973,,30.45766989336561,30.654869641896667,
2026-06-03 18:06:23,2026-06-03 18:06:23,2026-06-03 18:11:23,29.937370391234424,30.915210564069746,30.953273395090974,30.86701527402078,30.87000925434252,30.775991423875485,30.611377890434454,30.86070863888005,31.31926781790595,,31.77820385731997,31.5465659199618,
2026-06-03 18:06:23,2026-06-03 18:06:23,2026-06-03 18:11:23,29.937370391234424,30.915210564069746,30.953273395090974,30.86701527402078,30.87000925434252,30.775991423875485,30.611377890434454,30.86070863888005,31.31926781790595,,31.77820385731997,31.5465659199618,
2026-06-03 18:08:56,2026-06-03 18:08:56,2026-06-03 18:13:56,29.766679960223005,30.63721882663879,30.478934608198543,30.41934966646459,30.4933936312841,30.394269738391056,30.50200454512453,30.421350671306225,31.144083404541,,30.49134843550414,30.968781112973904,
2026-06-03 18:08:56,2026-06-03 18:08:56,2026-06-03 18:13:56,29.766679960223005,30.63721882663879,30.478934608198543,30.41934966646459,30.4933936312841,30.394269738391056,30.50200454512453,30.421350671306225,31.144083404541,,30.49134843550414,30.968781112973904,
2026-06-03 18:11:24,2026-06-03 18:11:24,2026-06-03 18:16:24,30.557304642207274,30.865868893509276,30.741861627791998,30.84562780395409,30.837927183456102,30.866256838930493,30.72288690855376,31.016017766716992,31.44580750238328,,32.03578788683246,31.68384054338269,
2026-06-03 18:11:24,2026-06-03 18:11:24,2026-06-03 18:16:24,30.557304642207274,30.865868893509276,30.741861627791998,30.84562780395409,30.837927183456102,30.866256838930493,30.72288690855376,31.016017766716992,31.44580750238328,,32.03578788683246,31.68384054338269,
2026-06-03 18:13:57,2026-06-03 18:13:57,2026-06-03 18:18:57,30.263718375855436,30.61310687309309,30.39065293442681,30.457013062690017,30.418804496832436,30.453464896518852,30.597605804505445,30.503836809725062,31.4261932373047,,30.552774114292937,31.022261139440214,
2026-06-03 18:13:57,2026-06-03 18:13:57,2026-06-03 18:18:57,30.263718375855436,30.61310687309309,30.39065293442681,30.457013062690017,30.418804496832436,30.453464896518852,30.597605804505445,30.503836809725062,31.4261932373047,,30.552774114292937,31.022261139440214,
2026-06-03 18:16:27,2026-06-03 18:16:27,2026-06-03 18:21:27,30.561025271861972,30.807353943056732,30.53700665093699,30.913615179684076,30.848373579541896,30.79724242004611,30.586568807489844,30.772964613307458,31.78787295023598,,31.787991054091545,31.618255879288558,
2026-06-03 18:16:27,2026-06-03 18:16:27,2026-06-03 18:21:27,30.561025271861972,30.807353943056732,30.53700665093699,30.913615179684076,30.848373579541896,30.79724242004611,30.586568807489844,30.772964613307458,31.78787295023598,,31.787991054091545,31.618255879288558,
2026-06-03 18:18:58,2026-06-03 18:18:58,2026-06-03 18:23:58,30.348469745998205,30.53741312398027,30.307792831514934,30.447502668600112,30.47037998314151,30.408700714206375,30.455108833489817,30.367965360883908,31.889023780822754,,30.45009725308376,30.998228043988977,
2026-06-03 18:18:58,2026-06-03 18:18:58,2026-06-03 18:23:58,30.348469745998205,30.53741312398027,30.307792831514934,30.447502668600112,30.47037998314151,30.408700714206375,30.455108833489817,30.367965360883908,31.889023780822754,,30.45009725308376,30.998228043988977,
2026-06-03 18:21:28,2026-06-03 18:21:28,2026-06-03 18:26:28,30.665452103515907,30.98983099464461,30.82908958651262,30.844248021093662,30.788247891273684,30.878842446503644,30.74674070948634,30.888617572293693,30.89228610992434,,31.978512242484257,31.49198072538049,
2026-06-03 18:21:28,2026-06-03 18:21:28,2026-06-03 18:26:28,30.665452103515907,30.98983099464461,30.82908958651262,30.844248021093662,30.788247891273684,30.878842446503644,30.74674070948634,30.888617572293693,30.89228610992434,,31.978512242484257,31.49198072538049,
2026-06-03 18:24:00,2026-06-03 18:24:00,2026-06-03 18:29:00,30.46496922551465,30.662673474250916,30.435680564722524,30.427563722831685,30.40552646782169,30.43659086302366,30.615191604730157,30.397694031193623,30.8922861099243,,30.54129104129364,30.959047588587154,
2026-06-03 18:24:00,2026-06-03 18:24:00,2026-06-03 18:29:00,30.46496922551465,30.662673474250916,30.435680564722524,30.427563722831685,30.40552646782169,30.43659086302366,30.615191604730157,30.397694031193623,30.8922861099243,,30.54129104129364,30.959047588587154,
2026-06-03 18:26:29,2026-06-03 18:26:28,2026-06-03 18:31:28,30.718811131929435,30.805251742993164,30.668245965466426,30.827585921911698,30.664040284845782,30.99486968957147,30.693025572002686,30.72939373842571,31.331539535522456,,31.89215272198239,31.501085870274096,
2026-06-03 18:26:29,2026-06-03 18:26:28,2026-06-03 18:31:28,30.718811131929435,30.805251742993164,30.668245965466426,30.827585921911698,30.664040284845782,30.99486968957147,30.693025572002686,30.72939373842571,31.331539535522456,,31.89215272198239,31.501085870274096,
2026-06-03 18:31:30,2026-06-03 18:31:30,2026-06-03 18:36:30,30.8410946822638,30.678204136731775,30.870989882561496,30.98950025770898,30.85263825592026,30.850813415499225,30.719345468775252,30.879082478597454,30.26941223144534,,31.87911024611525,31.52173168171587,
2026-06-03 18:31:30,2026-06-03 18:31:30,2026-06-03 18:36:30,30.8410946822638,30.678204136731775,30.870989882561496,30.98950025770898,30.85263825592026,30.850813415499225,30.719345468775252,30.879082478597454,30.26941223144534,,31.87911024611525,31.52173168171587,
2026-06-03 18:34:01,2026-06-03 18:34:01,2026-06-03 18:39:01,30.637076138168894,30.45257164664255,30.444616504236823,30.466744941560844,30.50380726445501,30.42237008340083,30.570049204594774,30.429475919458653,30.26941223144534,,30.4994093906282,30.963138369842326,
2026-06-03 18:34:01,2026-06-03 18:34:01,2026-06-03 18:39:01,30.637076138168894,30.45257164664255,30.444616504236823,30.466744941560844,30.50380726445501,30.42237008340083,30.570049204594774,30.429475919458653,30.26941223144534,,30.4994093906282,30.963138369842326,
2026-06-03 18:36:31,2026-06-03 18:36:31,2026-06-03 18:41:31,30.561436106713007,30.83908288078562,30.888304344983673,31.01181639840114,31.214832451623348,31.01015822887384,30.785449338071825,30.994569239611803,29.981619834899913,,32.095463015447066,31.71610987873055,
2026-06-03 18:36:31,2026-06-03 18:36:31,2026-06-03 18:41:31,30.561436106713007,30.83908288078562,30.888304344983673,31.01181639840114,31.214832451623348,31.01015822887384,30.785449338071825,30.994569239611803,29.981619834899913,,32.095463015447066,31.71610987873055,
2026-06-03 18:39:03,2026-06-03 18:39:03,2026-06-03 18:44:03,30.54188930246932,30.572143796432606,30.457977342428006,30.493149797961276,30.62421745729383,30.485993804198404,30.639932903686383,30.492982560979314,29.981619834899913,,30.54974704889608,31.045267634505226,
2026-06-03 18:39:03,2026-06-03 18:39:03,2026-06-03 18:44:03,30.54188930246932,30.572143796432606,30.457977342428006,30.493149797961276,30.62421745729383,30.485993804198404,30.639932903686383,30.492982560979314,29.981619834899913,,30.54974704889608,31.045267634505226,
2026-06-03 18:41:33,2026-06-03 18:41:33,2026-06-03 18:46:33,30.699562049071968,31.15186850977842,30.839378437047817,31.134146535310283,31.58338647662448,31.146860121896086,30.907593943245338,31.120858326419043,31.084344673156732,,32.22299609220005,32.02964039254316,
2026-06-03 18:41:33,2026-06-03 18:41:33,2026-06-03 18:46:33,30.699562049071968,31.15186850977842,30.839378437047817,31.134146535310283,31.58338647662448,31.146860121896086,30.907593943245338,31.120858326419043,31.084344673156732,,32.22299609220005,32.02964039254316,
2026-06-03 18:44:04,2026-06-03 18:44:04,2026-06-03 18:49:04,30.294422122242512,30.788322205816378,30.430222807937454,30.509133691986666,30.746373735326504,30.57046910505152,30.73241917733886,30.529276457582675,31.084344673156718,,30.5443325495605,31.169441627247213,
2026-06-03 18:44:04,2026-06-03 18:44:04,2026-06-03 18:49:04,30.294422122242512,30.788322205816378,30.430222807937454,30.509133691986666,30.746373735326504,30.57046910505152,30.73241917733886,30.529276457582675,31.084344673156718,,30.5443325495605,31.169441627247213,
2026-06-03 18:46:34,2026-06-03 18:46:34,2026-06-03 18:51:34,30.90823383246936,31.197634035908067,31.10286377256253,31.63834034243791,31.55505339113714,31.249286224460114,31.133334376848723,31.235943672338788,32.58542079925536,,32.668641039851764,32.09184969782528,
2026-06-03 18:46:34,2026-06-03 18:46:34,2026-06-03 18:51:34,30.90823383246936,31.197634035908067,31.10286377256253,31.63834034243791,31.55505339113714,31.249286224460114,31.133334376848723,31.235943672338788,32.58542079925536,,32.668641039851764,32.09184969782528,
2026-06-03 18:49:05,2026-06-03 18:49:05,2026-06-03 18:54:05,30.488261724269265,30.8047651886205,30.536905351587027,30.648540124778886,30.645099443130484,30.588129542520967,30.917556603510693,30.561146621632055,32.58542079925536,,30.632166297388064,31.19984310874278,
2026-06-03 18:49:05,2026-06-03 18:49:05,2026-06-03 18:54:05,30.488261724269265,30.8047651886205,30.536905351587027,30.648540124778886,30.645099443130484,30.588129542520967,30.917556603510693,30.561146621632055,32.58542079925536,,30.632166297388064,31.19984310874278,
2026-06-03 18:51:36,2026-06-03 18:51:36,2026-06-03 18:56:36,30.91274308755924,31.400949246804473,31.283862041379628,31.10157136129743,31.283838338778974,31.333029342345853,31.114398568394964,31.328052838193425,33.29220542907714,,32.460484179900334,31.92290193946168,
2026-06-03 18:51:36,2026-06-03 18:51:36,2026-06-03 18:56:36,30.91274308755924,31.400949246804473,31.283862041379628,31.10157136129743,31.283838338778974,31.333029342345853,31.114398568394964,31.328052838193425,33.29220542907714,,32.460484179900334,31.92290193946168,
2026-06-03 18:56:38,2026-06-03 18:56:38,2026-06-03 19:01:38,30.954806859936895,31.49042433014953,31.26645955536062,31.132768335299502,31.34643220160617,31.13789256873837,31.152398535307253,31.420128781505838,32.851112365722685,,32.432884805623175,32.00334164101331,
2026-06-03 18:56:38,2026-06-03 18:56:38,2026-06-03 19:01:38,30.954806859936895,31.49042433014953,31.26645955536062,31.132768335299502,31.34643220160617,31.13789256873837,31.152398535307253,31.420128781505838,32.851112365722685,,32.432884805623175,32.00334164101331,
2026-06-03 18:59:05,2026-06-03 18:59:05,2026-06-03 19:04:05,30.5214119473598,30.969928179778023,30.59141992853796,30.452503623590587,30.65313806829086,30.522916938740778,30.895058839183854,30.624692461857393,32.851112365722685,,30.54371975310521,31.19984222696593,
2026-06-03 18:59:05,2026-06-03 18:59:05,2026-06-03 19:04:05,30.5214119473598,30.969928179778023,30.59141992853796,30.452503623590587,30.65313806829086,30.522916938740778,30.895058839183854,30.624692461857393,32.851112365722685,,30.54371975310521,31.19984222696593,
2026-06-03 19:01:40,2026-06-03 19:01:40,2026-06-03 19:06:40,30.931466302923027,31.358309010871817,31.129538540923605,31.03840778456221,31.504368364566822,31.11985417865685,31.314976797324423,31.2813193613599,32.26245307922363,,32.32954374608256,31.92273392187162,
2026-06-03 19:01:40,2026-06-03 19:01:40,2026-06-03 19:06:40,30.931466302923027,31.358309010871817,31.129538540923605,31.03840778456221,31.504368364566822,31.11985417865685,31.314976797324423,31.2813193613599,32.26245307922363,,32.32954374608256,31.92273392187162,
2026-06-03 19:04:06,2026-06-03 19:04:06,2026-06-03 19:09:06,30.8728497498029,30.87178963736612,30.531454724798426,30.47566533730596,30.680590135586236,30.512486026506778,31.045922951901524,30.54759006567722,32.26245307922363,,30.51716149013595,31.15219941065665,
2026-06-03 19:04:06,2026-06-03 19:04:06,2026-06-03 19:09:06,30.8728497498029,30.87178963736612,30.531454724798426,30.47566533730596,30.680590135586236,30.512486026506778,31.045922951901524,30.54759006567722,32.26245307922363,,30.51716149013595,31.15219941065665,
2026-06-03 19:06:41,2026-06-03 19:06:41,2026-06-03 19:11:41,31.190161273460276,31.383365217227606,30.89127047307775,31.15431950955226,31.37253478059901,31.028612385514354,31.269640174218438,31.32747793008131,31.45258388519287,,32.32442424162625,31.79809597145395,
2026-06-03 19:06:41,2026-06-03 19:06:41,2026-06-03 19:11:41,31.190161273460276,31.383365217227606,30.89127047307775,31.15431950955226,31.37253478059901,31.028612385514354,31.269640174218438,31.32747793008131,31.45258388519287,,32.32442424162625,31.79809597145395,
2026-06-03 19:09:07,2026-06-03 19:09:07,2026-06-03 19:14:07,30.949897119185675,30.87486859229398,30.439272661038647,30.525230089253565,30.58496465560434,30.49656990461286,30.975588171403025,30.561171230602213,31.45258388519287,,30.534768691495568,31.11313432446371,
2026-06-03 19:09:07,2026-06-03 19:09:07,2026-06-03 19:14:07,30.949897119185675,30.87486859229398,30.439272661038647,30.525230089253565,30.58496465560434,30.49656990461286,30.975588171403025,30.561171230602213,31.45258388519287,,30.534768691495568,31.11313432446371,
2026-06-03 19:11:42,2026-06-03 19:11:41,2026-06-03 19:16:41,31.604036832035234,31.144662251039673,31.185182475223673,31.027821372332227,31.213268736485567,31.075776586531298,31.085637367833666,31.270401079489016,31.672994041442877,,32.21674858218252,31.7171491578773,
2026-06-03 19:11:42,2026-06-03 19:11:41,2026-06-03 19:16:41,31.604036832035234,31.144662251039673,31.185182475223673,31.027821372332227,31.213268736485567,31.075776586531298,31.085637367833666,31.270401079489016,31.672994041442877,,32.21674858218252,31.7171491578773,
2026-06-03 19:14:08,2026-06-03 19:14:08,2026-06-03 19:19:08,31.00561817869979,30.74502777505304,30.56468222941046,30.49487761566976,30.55751430275463,30.512472140785697,30.811459257357072,30.56570965768715,31.672994041442877,,30.50820848400592,31.074089140656337,
2026-06-03 19:14:08,2026-06-03 19:14:08,2026-06-03 19:19:08,31.00561817869979,30.74502777505304,30.56468222941046,30.49487761566976,30.55751430275463,30.512472140785697,30.811459257357072,30.56570965768715,31.672994041442877,,30.50820848400592,31.074089140656337,
2026-06-03 19:16:43,2026-06-03 19:16:43,2026-06-03 19:21:43,31.25694968904434,31.269354507268716,31.227349866931693,31.168124532984066,31.40119573805022,31.137062638257525,30.99371102284827,31.293232533349226,32.305513763427726,,32.323689060708986,31.943999519499425,
2026-06-03 19:16:43,2026-06-03 19:16:43,2026-06-03 19:21:43,31.25694968904434,31.269354507268716,31.227349866931693,31.168124532984066,31.40119573805022,31.137062638257525,30.99371102284827,31.293232533349226,32.305513763427726,,32.323689060708986,31.943999519499425,
2026-06-03 19:19:09,2026-06-03 19:19:09,2026-06-03 19:24:09,31.23703608744052,30.809048760700225,30.586950427827286,30.500440640463843,30.684555539405583,30.545932709405985,30.764177430931756,30.56570965768715,32.305513763427726,,30.5523928310162,31.165080340930235,
2026-06-03 19:19:09,2026-06-03 19:19:09,2026-06-03 19:24:09,31.23703608744052,30.809048760700225,30.586950427827286,30.500440640463843,30.684555539405583,30.545932709405985,30.764177430931756,30.56570965768715,32.305513763427726,,30.5523928310162,31.165080340930235,
2026-06-03 19:21:44,2026-06-03 19:21:44,2026-06-03 19:26:44,31.213467330962658,31.16015096753077,31.260649492624747,31.060662722545725,31.4266912178494,31.227713269043566,30.974978365405306,31.235526116174047,31.820188331604,,32.55714510914101,32.06878975811131,
2026-06-03 19:21:44,2026-06-03 19:21:44,2026-06-03 19:26:44,31.213467330962658,31.16015096753077,31.260649492624747,31.060662722545725,31.4266912178494,31.227713269043566,30.974978365405306,31.235526116174047,31.820188331604,,32.55714510914101,32.06878975811131,
2026-06-03 19:26:45,2026-06-03 19:26:45,2026-06-03 19:31:45,31.436885216883045,31.04990843198046,31.053933698905606,31.033455814375923,31.191746770504306,31.26413105572889,31.145960464814557,31.39719466881475,31.32020092010499,,32.450938708919075,31.92271191405779,
2026-06-03 19:26:45,2026-06-03 19:26:45,2026-06-03 19:31:45,31.436885216883045,31.04990843198046,31.053933698905606,31.033455814375923,31.191746770504306,31.26413105572889,31.145960464814557,31.39719466881475,31.32020092010499,,32.450938708919075,31.92271191405779,
2026-06-03 19:29:11,2026-06-03 19:29:10,2026-06-03 19:34:10,30.934333343316375,30.67921188161021,30.503687184285276,30.477274340021747,30.52475992285079,30.588170690623738,30.917629666903,30.615596130157677,31.32020092010499,,30.52610789184211,31.152182994268856,
2026-06-03 19:29:11,2026-06-03 19:29:10,2026-06-03 19:34:10,30.934333343316375,30.67921188161021,30.503687184285276,30.477274340021747,30.52475992285079,30.588170690623738,30.917629666903,30.615596130157677,31.32020092010499,,30.52610789184211,31.152182994268856,
2026-06-03 19:31:46,2026-06-03 19:31:46,2026-06-03 19:36:46,31.24660060859214,31.173195371358528,31.223359619286885,31.187897193122076,31.367250329181815,31.22457731435028,31.15713197939032,31.235586581411965,31.55552368164065,,32.43717541058396,31.900700471994874,
2026-06-03 19:31:46,2026-06-03 19:31:46,2026-06-03 19:36:46,31.24660060859214,31.173195371358528,31.223359619286885,31.187897193122076,31.367250329181815,31.22457731435028,31.15713197939032,31.235586581411965,31.55552368164065,,32.43717541058396,31.900700471994874,
2026-06-03 19:34:13,2026-06-03 19:34:13,2026-06-03 19:39:13,31.113718327893565,30.763759545644408,30.57358953187974,30.51642474177615,30.685881493303302,30.563487306947305,30.903945531009548,30.547576888328987,31.55552368164065,,30.543725538053657,31.156482180246847,
2026-06-03 19:34:13,2026-06-03 19:34:13,2026-06-03 19:39:13,31.113718327893565,30.763759545644408,30.57358953187974,30.51642474177615,30.685881493303302,30.563487306947305,30.903945531009548,30.547576888328987,31.55552368164065,,30.543725538053657,31.156482180246847,
2026-06-03 19:36:47,2026-06-03 19:36:47,2026-06-03 19:41:47,31.110480759935836,31.364458214667696,31.447385545475353,31.189688317398442,31.538276404288894,31.311304186374482,31.30950943108563,31.500582202698233,31.643765830993658,,32.44151820669125,31.92253108678217,
2026-06-03 19:36:47,2026-06-03 19:36:47,2026-06-03 19:41:47,31.110480759935836,31.364458214667696,31.447385545475353,31.189688317398442,31.538276404288894,31.311304186374482,31.30950943108563,31.500582202698233,31.643765830993658,,32.44151820669125,31.92253108678217,
2026-06-03 19:41:48,2026-06-03 19:41:48,2026-06-03 19:46:48,31.27959467050752,31.26090206469848,31.297960812105167,31.43363046969685,31.541536931242877,31.231653112418396,31.177905231631158,31.304761509500267,31.83503990173341,,32.44155398854176,31.81996534485218,
2026-06-03 19:41:48,2026-06-03 19:41:48,2026-06-03 19:46:48,31.27959467050752,31.26090206469848,31.297960812105167,31.43363046969685,31.541536931242877,31.231653112418396,31.177905231631158,31.304761509500267,31.83503990173341,,32.44155398854176,31.81996534485218,
2026-06-03 19:44:14,2026-06-03 19:44:14,2026-06-03 19:49:14,30.974579933792302,30.825922186986546,30.600319962086203,30.59078699114264,30.679261436925795,30.572272174338647,30.898867204372877,30.579339002447476,31.83503990173341,,30.54373402449585,31.11314890138794,
2026-06-03 19:44:14,2026-06-03 19:44:14,2026-06-03 19:49:14,30.974579933792302,30.825922186986546,30.600319962086203,30.59078699114264,30.679261436925795,30.572272174338647,30.898867204372877,30.579339002447476,31.83503990173341,,30.54373402449585,31.11314890138794,
2026-06-03 19:46:50,2026-06-03 19:46:50,2026-06-03 19:51:50,31.464335784952098,31.249125357486896,31.211748985912024,31.33434377805562,31.48543007470167,31.271774603292545,31.03732402464549,31.18865805600165,32.07040519714356,,32.32953639881611,31.922383089902244,
2026-06-03 19:46:50,2026-06-03 19:46:50,2026-06-03 19:51:50,31.464335784952098,31.249125357486896,31.211748985912024,31.33434377805562,31.48543007470167,31.271774603292545,31.03732402464549,31.18865805600165,32.07040519714356,,32.32953639881611,31.922383089902244,
2026-06-03 19:49:15,2026-06-03 19:49:15,2026-06-03 19:54:15,31.10505897836961,30.794564406759164,30.559205917800917,30.58522661264119,30.647831800262725,30.57940380614389,30.779954885209875,30.484079718027367,32.07040519714356,,30.517160610472057,31.16079383915245,
2026-06-03 19:49:15,2026-06-03 19:49:15,2026-06-03 19:54:15,31.10505897836961,30.794564406759164,30.559205917800917,30.58522661264119,30.647831800262725,30.57940380614389,30.779954885209875,30.484079718027367,32.07040519714356,,30.517160610472057,31.16079383915245,
2026-06-03 19:51:51,2026-06-03 19:51:51,2026-06-03 19:56:51,31.283716829619618,31.22126349966901,31.041531075087175,31.502608950014146,31.45083535653082,31.155693200925043,31.02399101693503,31.37432205298106,31.40856895446777,,32.32445719878565,31.841789044134103,
2026-06-03 19:51:51,2026-06-03 19:51:51,2026-06-03 19:56:51,31.283716829619618,31.22126349966901,31.041531075087175,31.502608950014146,31.45083535653082,31.155693200925043,31.02399101693503,31.37432205298106,31.40856895446777,,32.32445719878565,31.841789044134103,
2026-06-03 19:56:52,2026-06-03 19:56:52,2026-06-03 20:01:52,31.573444948256224,31.450805777568423,31.285678200056655,31.35490218431471,31.506340745007634,31.181164410158615,31.17017784811683,31.363090315281738,31.379287528991707,,32.440890770305145,31.922441661905452,
2026-06-03 19:56:52,2026-06-03 19:56:52,2026-06-03 20:01:52,31.573444948256224,31.450805777568423,31.285678200056655,31.35490218431471,31.506340745007634,31.181164410158615,31.17017784811683,31.363090315281738,31.379287528991707,,32.440890770305145,31.922441661905452,
2026-06-03 19:59:16,2026-06-03 19:59:16,2026-06-03 20:04:16,31.143182427611247,30.938580269342687,30.601372447246124,30.58523718427386,30.680607391464868,30.545959448897708,30.933432991491905,30.62924459251957,31.379287528991707,,30.561363016057243,31.160821531551377,
2026-06-03 19:59:16,2026-06-03 19:59:16,2026-06-03 20:04:16,31.143182427611247,30.938580269342687,30.601372447246124,30.58523718427386,30.680607391464868,30.545959448897708,30.933432991491905,30.62924459251957,31.379287528991707,,30.561363016057243,31.160821531551377,
2026-06-03 20:01:54,2026-06-03 20:01:54,2026-06-03 20:06:54,31.27719226002075,31.38630213041743,31.60536503009961,31.56345009591744,31.484841928430313,31.33625709516554,31.294055315240286,31.419596437727456,32.20295219421387,,32.55798828636572,32.14964772764783,
2026-06-03 20:01:54,2026-06-03 20:01:54,2026-06-03 20:06:54,31.27719226002075,31.38630213041743,31.60536503009961,31.56345009591744,31.484841928430313,31.33625709516554,31.294055315240286,31.419596437727456,32.20295219421387,,32.55798828636572,32.14964772764783,
2026-06-03 20:04:19,2026-06-03 20:04:19,2026-06-03 20:09:19,31.352398990483554,30.90684015317397,30.733291955123043,30.615591919721854,30.647852134584646,30.628792383762754,31.021219243202978,30.602034497580632,32.20295219421387,,30.57030124846262,31.24321278405416,
2026-06-03 20:04:19,2026-06-03 20:04:19,2026-06-03 20:09:19,31.352398990483554,30.90684015317397,30.733291955123043,30.615591919721854,30.647852134584646,30.628792383762754,31.021219243202978,30.602034497580632,32.20295219421387,,30.57030124846262,31.24321278405416,
2026-06-03 20:06:56,2026-06-03 20:06:56,2026-06-03 20:11:56,31.473980750240376,31.396407601046867,31.399831771871558,31.240762973073135,31.338663156604294,31.307695930165504,31.293180240085157,31.408160697763208,32.65891208648683,,32.67073961562578,32.128164816436005,
2026-06-03 20:06:56,2026-06-03 20:06:56,2026-06-03 20:11:56,31.473980750240376,31.396407601046867,31.399831771871558,31.240762973073135,31.338663156604294,31.307695930165504,31.293180240085157,31.408160697763208,32.65891208648683,,32.67073961562578,32.128164816436005,
2026-06-03 20:09:21,2026-06-03 20:09:21,2026-06-03 20:14:21,31.22689871081017,30.885172469028433,30.637499401496154,30.562076497847123,30.586320455703554,30.605757718997037,30.99736124688848,30.597494245209436,32.65891208648683,,30.579251821627597,31.234614517734475,
2026-06-03 20:09:21,2026-06-03 20:09:21,2026-06-03 20:14:21,31.22689871081017,30.885172469028433,30.637499401496154,30.562076497847123,30.586320455703554,30.605757718997037,30.99736124688848,30.597494245209436,32.65891208648683,,30.579251821627597,31.234614517734475,
2026-06-03 20:11:57,2026-06-03 20:11:57,2026-06-03 20:16:57,31.65256216801773,31.20967924457065,31.44501503721883,31.56910678586244,31.268825608276973,31.41672227940176,31.231517029493695,31.68346925988238,32.68827896118164,,32.67147473905474,32.28969863142411,
2026-06-03 20:11:57,2026-06-03 20:11:57,2026-06-03 20:16:57,31.65256216801773,31.20967924457065,31.44501503721883,31.56910678586244,31.268825608276973,31.41672227940176,31.231517029493695,31.68346925988238,32.68827896118164,,32.67147473905474,32.28969863142411,
2026-06-03 20:16:58,2026-06-03 20:16:57,2026-06-03 20:21:57,31.517151559700256,31.226579904531214,31.361160445840138,31.442922637033483,31.4919959643331,31.48507432665275,31.115269111126075,31.620806338742252,32.33517608642581,,32.66713194294746,32.0848657733746,
2026-06-03 20:16:58,2026-06-03 20:16:57,2026-06-03 20:21:57,31.517151559700256,31.226579904531214,31.361160445840138,31.442922637033483,31.4919959643331,31.48507432665275,31.115269111126075,31.620806338742252,32.33517608642581,,32.66713194294746,32.0848657733746,
2026-06-03 20:19:21,2026-06-03 20:19:21,2026-06-03 20:24:21,31.178005584932308,30.784331314497784,30.623643533481314,30.626012695809425,30.71468766344784,30.679807870026337,30.849874878430523,30.704104168322065,32.33517608642581,,30.56163417541605,31.22601625141479,
2026-06-03 20:19:21,2026-06-03 20:19:21,2026-06-03 20:24:21,31.178005584932308,30.784331314497784,30.623643533481314,30.626012695809425,30.71468766344784,30.679807870026337,30.849874878430523,30.704104168322065,32.33517608642581,,30.56163417541605,31.22601625141479,
2026-06-03 20:22:00,2026-06-03 20:22:00,2026-06-03 20:27:00,31.316962577324226,31.21221982018008,31.35541904642583,31.355685219066558,31.57427951401017,31.373494900532773,31.324309081744122,31.653756187409424,31.305730819702177,,32.55515677043691,31.938285251082746,
2026-06-03 20:22:00,2026-06-03 20:22:00,2026-06-03 20:27:00,31.316962577324226,31.21221982018008,31.35541904642583,31.355685219066558,31.57427951401017,31.373494900532773,31.324309081744122,31.653756187409424,31.305730819702177,,32.55515677043691,31.938285251082746,
2026-06-03 20:27:01,2026-06-03 20:27:01,2026-06-03 20:32:01,31.56156086452248,31.165519164816196,31.348764348664925,31.4344653274871,31.430060341644207,31.542912344355265,31.282745832069537,31.247215948295906,31.30578575134278,,32.43806449463725,31.981765188067,
2026-06-03 20:27:01,2026-06-03 20:27:01,2026-06-03 20:32:01,31.56156086452248,31.165519164816196,31.348764348664925,31.4344653274871,31.430060341644207,31.542912344355265,31.282745832069537,31.247215948295906,31.30578575134278,,32.43806449463725,31.981765188067,
2026-06-03 20:29:23,2026-06-03 20:29:23,2026-06-03 20:34:23,31.157721333189176,30.759588613575314,30.61920330595528,30.574832307964748,30.61643581046028,30.68832165248394,30.992292445722647,30.497734477616614,31.30578575134278,,30.526120420107908,31.195581929949622,
2026-06-03 20:29:23,2026-06-03 20:29:23,2026-06-03 20:34:23,31.157721333189176,30.759588613575314,30.61920330595528,30.574832307964748,30.61643581046028,30.68832165248394,30.992292445722647,30.497734477616614,31.30578575134278,,30.526120420107908,31.195581929949622,
2026-06-03 20:32:01,2026-06-03 20:32:01,2026-06-03 20:37:01,31.339550251368546,31.152548025414447,31.210955987576767,31.32701133715652,31.528574182202902,31.36709753903758,31.17781842630983,31.44294297770365,30.92339630126952,,32.43732789535865,32.00358722037269,
2026-06-03 20:32:01,2026-06-03 20:32:01,2026-06-03 20:37:01,31.339550251368546,31.152548025414447,31.210955987576767,31.32701133715652,31.528574182202902,31.36709753903758,31.17781842630983,31.44294297770365,30.92339630126952,,32.43732789535865,32.00358722037269,
2026-06-03 20:37:03,2026-06-03 20:37:03,2026-06-03 20:42:03,31.667606502561046,31.19925406519252,31.18609596455396,31.54298867624374,31.51882658508785,31.501167749052502,31.12763535771148,31.24773864244586,30.835119247436523,,32.55368704401921,32.10618573493743,
2026-06-03 20:37:03,2026-06-03 20:37:03,2026-06-03 20:42:03,31.667606502561046,31.19925406519252,31.18609596455396,31.54298867624374,31.51882658508785,31.501167749052502,31.12763535771148,31.24773864244586,30.835119247436523,,32.55368704401921,32.10618573493743,
2026-06-03 20:39:25,2026-06-03 20:39:25,2026-06-03 20:44:25,31.38847159537099,30.784350108708036,30.5547869345049,30.615602205484954,30.646538638560735,30.662267272032906,30.87250011800622,30.574834283067904,30.835119247436523,,30.57030476711819,31.23892905500799,
2026-06-03 20:39:25,2026-06-03 20:39:25,2026-06-03 20:44:25,31.38847159537099,30.784350108708036,30.5547869345049,30.615602205484954,30.646538638560735,30.662267272032906,30.87250011800622,30.574834283067904,30.835119247436523,,30.57030476711819,31.23892905500799,
2026-06-03 20:42:04,2026-06-03 20:42:04,2026-06-03 20:47:04,31.264309929343472,31.32387985187699,31.103870517293302,31.3015958192668,31.623051089930314,31.34415161760131,31.121391219540847,31.223628925272394,31.52631053924563,,32.33472906110718,32.106366562213054,
2026-06-03 20:42:04,2026-06-03 20:42:04,2026-06-03 20:47:04,31.264309929343472,31.32387985187699,31.103870517293302,31.3015958192668,31.623051089930314,31.34415161760131,31.121391219540847,31.223628925272394,31.52631053924563,,32.33472906110718,32.106366562213054,
2026-06-03 20:47:05,2026-06-03 20:47:05,2026-06-03 20:52:05,31.45307836669878,31.358949091176157,31.298157193090308,31.333393879418526,31.612107330012442,31.37720705053893,31.20688254641516,31.443578044523612,32.232279777526884,,32.54426654179139,31.98193743286101,
2026-06-03 20:47:05,2026-06-03 20:47:05,2026-06-03 20:52:05,31.45307836669878,31.358949091176157,31.298157193090308,31.333393879418526,31.612107330012442,31.37720705053893,31.20688254641516,31.443578044523612,32.232279777526884,,32.54426654179139,31.98193743286101,
2026-06-03 20:49:26,2026-06-03 20:49:26,2026-06-03 20:54:26,31.316805216800596,30.885191263238685,30.605842352251365,30.54286410534014,30.67656742745747,30.612900504680038,30.949226484744827,30.638313272525394,32.232279777526884,,30.58792241332974,31.191282743971634,
2026-06-03 20:49:26,2026-06-03 20:49:26,2026-06-03 20:54:26,31.316805216800596,30.885191263238685,30.605842352251365,30.54286410534014,30.67656742745747,30.612900504680038,30.949226484744827,30.638313272525394,32.232279777526884,,30.58792241332974,31.191282743971634,
2026-06-03 20:52:06,2026-06-03 20:52:06,2026-06-03 20:57:06,31.483756838604513,31.37720524956842,31.122092044046397,31.372957589818412,31.599113404598242,31.354924544343042,31.126990437668518,31.397460468878513,33.42368259429933,,32.563140557587246,32.08438537181299,
2026-06-03 20:52:06,2026-06-03 20:52:06,2026-06-03 20:57:06,31.483756838604513,31.37720524956842,31.122092044046397,31.372957589818412,31.599113404598242,31.354924544343042,31.126990437668518,31.397460468878513,33.42368259429933,,32.563140557587246,32.08438537181299,
2026-06-03 20:54:27,2026-06-03 20:54:27,2026-06-03 20:59:27,31.462503046491545,30.885202164446966,30.535948340794995,30.574837282850712,30.71073204152204,30.621685485898187,30.86567009239723,30.63380955389583,33.42368259429933,,30.552695387432863,31.23894183611519,
2026-06-03 20:54:27,2026-06-03 20:54:27,2026-06-03 20:59:27,31.462503046491545,30.885202164446966,30.535948340794995,30.574837282850712,30.71073204152204,30.621685485898187,30.86567009239723,30.63380955389583,33.42368259429933,,30.552695387432863,31.23894183611519,
2026-06-03 20:57:07,2026-06-03 20:57:07,2026-06-03 21:02:07,31.642830446412987,31.321394715878032,30.966988878017396,31.205453149072582,31.576279849571954,31.2069227528926,31.066997900615434,31.32711131858024,32.58543186187746,,32.21842645866481,31.79862653321849,
2026-06-03 20:57:07,2026-06-03 20:57:07,2026-06-03 21:02:07,31.642830446412987,31.321394715878032,30.966988878017396,31.205453149072582,31.576279849571954,31.2069227528926,31.066997900615434,31.32711131858024,32.58543186187746,,32.21842645866481,31.79862653321849,
2026-06-03 20:59:28,2026-06-03 20:59:28,2026-06-03 21:04:28,31.439623123587786,30.85018704416579,30.467085463137035,30.544494424732,30.677982937832386,30.547643188343866,30.818401131393784,30.547636420809,32.58543186187746,,30.472993361350294,31.104610658249204,
2026-06-03 20:59:28,2026-06-03 20:59:28,2026-06-03 21:04:28,31.439623123587786,30.85018704416579,30.467085463137035,30.544494424732,30.677982937832386,30.547643188343866,30.818401131393784,30.547636420809,32.58543186187746,,30.472993361350294,31.104610658249204,
2026-06-03 21:02:07,2026-06-03 21:02:07,2026-06-03 21:07:07,31.561625051296517,31.364251309707576,31.26668149191813,31.28497768710656,31.37399097166985,31.19594938593188,31.04827220085528,31.269927626626416,31.247064018249528,,32.31521219907776,32.08403754592506,
2026-06-03 21:02:07,2026-06-03 21:02:07,2026-06-03 21:07:07,31.561625051296517,31.364251309707576,31.26668149191813,31.28497768710656,31.37399097166985,31.19594938593188,31.04827220085528,31.269927626626416,31.247064018249528,,32.31521219907776,32.08403754592506,
2026-06-03 21:07:08,2026-06-03 21:07:08,2026-06-03 21:12:08,31.228845166044415,31.485962553104837,31.315513046542684,31.538239335624027,31.49402710220286,31.336351446205864,31.1765104867991,31.432235533276145,31.173509788513197,,32.66936946338295,32.150066499176496,
2026-06-03 21:07:08,2026-06-03 21:07:08,2026-06-03 21:12:08,31.228845166044415,31.485962553104837,31.315513046542684,31.538239335624027,31.49402710220286,31.336351446205864,31.1765104867991,31.432235533276145,31.173509788513197,,32.66936946338295,32.150066499176496,
2026-06-03 21:09:29,2026-06-03 21:09:29,2026-06-03 21:14:29,30.970595320514022,30.959156743328894,30.619220013395584,30.623685693536856,30.71471577104418,30.628823626635185,30.933493951719186,30.642870055462087,31.173509788513197,,30.61449416525118,31.234649058149405,
2026-06-03 21:09:29,2026-06-03 21:09:29,2026-06-03 21:14:29,30.970595320514022,30.959156743328894,30.619220013395584,30.623685693536856,30.71471577104418,30.628823626635185,30.933493951719186,30.642870055462087,31.173509788513197,,30.61449416525118,31.234649058149405,
2026-06-03 21:12:08,2026-06-03 21:12:08,2026-06-03 21:17:08,31.09054820547918,31.463547427019694,31.21100163373172,31.106589447195287,31.518225362588336,31.362013607019215,31.20626163515236,31.36262549446512,32.523282814025904,,32.56824339696348,31.879381219467216,
2026-06-03 21:12:08,2026-06-03 21:12:08,2026-06-03 21:17:08,31.09054820547918,31.463547427019694,31.21100163373172,31.106589447195287,31.518225362588336,31.362013607019215,31.20626163515236,31.36262549446512,32.523282814025904,,32.56824339696348,31.879381219467216,
2026-06-03 21:17:09,2026-06-03 21:17:09,2026-06-03 21:22:09,31.017448176142793,31.24269999243297,31.186141610708912,31.211196479299517,31.339397083471788,31.27584701529834,31.20082819049575,31.257968575296903,33.10011386871337,,32.32610186302474,31.776423575766284,
2026-06-03 21:17:09,2026-06-03 21:17:09,2026-06-03 21:22:09,31.017448176142793,31.24269999243297,31.186141610708912,31.211196479299517,31.339397083471788,31.27584701529834,31.20082819049575,31.257968575296903,33.10011386871337,,32.32610186302474,31.776423575766284,
2026-06-03 21:19:29,2026-06-03 21:19:29,2026-06-03 21:24:29,30.71448559380541,30.79097334721904,30.554803641945202,30.484503675232613,30.586348563299893,30.57232839324918,30.92665128407219,30.51588371866007,33.10011386871337,,30.499557251854092,31.113208079478518,
2026-06-03 21:19:29,2026-06-03 21:19:29,2026-06-03 21:24:29,30.71448559380541,30.79097334721904,30.554803641945202,30.484503675232613,30.586348563299893,30.57232839324918,30.92665128407219,30.51588371866007,33.10011386871337,,30.499557251854092,31.113208079478518,
2026-06-03 21:22:09,2026-06-03 21:22:09,2026-06-03 21:27:09,31.149281099972075,31.236278809028935,31.379537519603524,31.29658057435102,31.325027808790782,31.16345789091483,31.282451115800605,31.17793461357891,33.17692222595215,,32.43230551079664,32.12769394785374,
2026-06-03 21:22:09,2026-06-03 21:22:09,2026-06-03 21:27:09,31.149281099972075,31.236278809028935,31.379537519603524,31.29658057435102,31.325027808790782,31.16345789091483,31.282451115800605,31.17793461357891,33.17692222595215,,32.43230551079664,32.12769394785374,
2026-06-03 21:24:30,2026-06-03 21:24:30,2026-06-03 21:29:30,30.809466989003074,30.784373601470854,30.638066885487216,30.55724177537743,30.620429321875967,30.530090412031427,31.00550996142693,30.50226278490587,33.17692222595215,,30.561359245075923,31.247546404810784,
2026-06-03 21:24:30,2026-06-03 21:24:30,2026-06-03 21:29:30,30.809466989003074,30.784373601470854,30.638066885487216,30.55724177537743,30.620429321875967,30.530090412031427,31.00550996142693,30.50226278490587,33.17692222595215,,30.561359245075923,31.247546404810784,
2026-06-03 21:27:10,2026-06-03 21:27:10,2026-06-03 21:32:10,31.538235844118788,31.156443977108783,31.347922724094527,31.103645687098574,31.52667574028969,31.38352598347397,31.201513546700184,31.22482465033403,32.63437385559083,,32.55808789607481,31.944871991018903,
2026-06-03 21:27:10,2026-06-03 21:27:10,2026-06-03 21:32:10,31.538235844118788,31.156443977108783,31.347922724094527,31.103645687098574,31.52667574028969,31.38352598347397,31.201513546700184,31.22482465033403,32.63437385559083,,32.55808789607481,31.944871991018903,
2026-06-03 21:29:31,2026-06-03 21:29:31,2026-06-03 21:34:31,31.144809587247554,30.759612106338132,30.623673606873854,30.528512149710604,30.713389799950846,30.64473003164294,30.92068582533609,30.556689568627796,32.63437385559083,,30.5703098182409,31.147955873124936,
2026-06-03 21:29:31,2026-06-03 21:29:31,2026-06-03 21:34:31,31.144809587247554,30.759612106338132,30.623673606873854,30.528512149710604,30.713389799950846,30.64473003164294,30.92068582533609,30.556689568627796,32.63437385559083,,30.5703098182409,31.147955873124936,
2026-06-03 21:32:12,2026-06-03 21:32:12,2026-06-03 21:37:12,31.664505812857012,31.20841387636851,31.21766148977573,31.459934868549357,31.74957685190573,31.42330542059574,31.140508811764835,31.247726048103697,31.822992706298837,,32.55882301950377,32.08421407751672,
2026-06-03 21:32:12,2026-06-03 21:32:12,2026-06-03 21:37:12,31.664505812857012,31.20841387636851,31.21766148977573,31.459934868549357,31.74957685190573,31.42330542059574,31.140508811764835,31.247726048103697,31.822992706298837,,32.55882301950377,32.08421407751672,
2026-06-03 21:37:12,2026-06-03 21:37:12,2026-06-03 21:42:12,31.57531086550443,31.21226940853935,31.048330485836637,31.293467993378545,31.48161884912918,31.474963110525838,31.03593784090806,31.235701495992007,31.58685302734376,,32.33044455242417,31.820445919043863,
2026-06-03 21:37:12,2026-06-03 21:37:12,2026-06-03 21:42:12,31.57531086550443,31.21226940853935,31.048330485836637,31.293467993378545,31.48161884912918,31.474963110525838,31.03593784090806,31.235701495992007,31.58685302734376,,32.33044455242417,31.820445919043863,
2026-06-03 21:39:31,2026-06-03 21:39:31,2026-06-03 21:44:31,31.475250204131978,30.794637234323893,30.4992945729641,30.585266034399936,30.580897346894453,30.655155409120358,30.795801827050408,30.538556799269635,31.58685302734376,,30.499557251854092,31.104609813158834,
2026-06-03 21:39:31,2026-06-03 21:39:31,2026-06-03 21:44:31,31.475250204131978,30.794637234323893,30.4992945729641,30.585266034399936,30.580897346894453,30.655155409120358,30.795801827050408,30.538556799269635,31.58685302734376,,30.499557251854092,31.104609813158834,
2026-06-03 21:42:13,2026-06-03 21:42:13,2026-06-03 21:47:13,31.418425845701066,31.333039663052983,30.941245015553168,31.38115819810473,31.38381122955847,31.460283627072236,31.115842699460295,31.166544379931995,31.242852592468267,,32.43230551079664,31.878838746526657,
2026-06-03 21:42:13,2026-06-03 21:42:13,2026-06-03 21:47:13,31.418425845701066,31.333039663052983,30.941245015553168,31.38115819810473,31.38381122955847,31.460283627072236,31.115842699460295,31.166544379931995,31.242852592468267,,32.43230551079664,31.878838746526657,
2026-06-03 21:47:14,2026-06-03 21:47:14,2026-06-03 21:52:14,31.30204257477688,31.191513216407948,31.12221180652565,31.27933881941062,31.336802627821523,31.13488612358471,31.090360541370192,31.074546331340233,30.81060791015626,,32.446068684363624,31.944510340910814,
2026-06-03 21:47:14,2026-06-03 21:47:14,2026-06-03 21:52:14,31.30204257477688,31.191513216407948,31.12221180652565,31.27933881941062,31.336802627821523,31.13488612358471,31.090360541370192,31.074546331340233,30.81060791015626,,32.446068684363624,31.944510340910814,
2026-06-03 21:49:32,2026-06-03 21:49:32,2026-06-03 21:54:32,31.10079907126044,30.780139372044214,30.541442688241286,30.551678657439616,30.586348563299893,30.507055427163735,30.849925414839557,30.475049393044905,30.81060791015626,,30.54374203175165,31.15655413944462,
2026-06-03 21:49:32,2026-06-03 21:49:32,2026-06-03 21:54:32,31.10079907126044,30.780139372044214,30.541442688241286,30.551678657439616,30.586348563299893,30.507055427163735,30.849925414839557,30.475049393044905,30.81060791015626,,30.54374203175165,31.15655413944462,
2026-06-03 21:52:15,2026-06-03 21:52:14,2026-06-03 21:57:14,31.51273407695598,31.226652659673505,31.290653023519877,31.33270049438395,31.325027808790782,31.221387581777456,31.018016190368762,31.213373951449196,31.555804634094244,,32.21769032399188,31.92268026252862,
2026-06-03 21:52:15,2026-06-03 21:52:14,2026-06-03 21:57:14,31.51273407695598,31.226652659673505,31.290653023519877,31.33270049438395,31.325027808790782,31.221387581777456,31.018016190368762,31.213373951449196,31.555804634094244,,32.21769032399188,31.92268026252862,
2026-06-03 21:57:16,2026-06-03 21:57:16,2026-06-03 22:02:16,31.48065112284557,31.21226940853935,31.197681748907193,31.319623026185795,31.30220815640843,31.0033338501401,31.066853371214858,30.994059446871226,32.27647933959961,,32.2075348231032,31.820084268935776,
2026-06-03 21:57:16,2026-06-03 21:57:16,2026-06-03 22:02:16,31.48065112284557,31.21226940853935,31.197681748907193,31.319623026185795,31.30220815640843,31.0033338501401,31.066853371214858,30.994059446871226,32.27647933959961,,32.2075348231032,31.820084268935776,
2026-06-03 21:59:33,2026-06-03 21:59:33,2026-06-03 22:04:33,31.06176404332942,30.794637234323893,30.56371094441448,30.567662758751922,30.587674534393226,30.48950094344922,30.84100697617214,30.456916623686745,32.27647933959961,,30.525841971112214,31.113208079478518,
2026-06-03 21:59:33,2026-06-03 21:59:33,2026-06-03 22:04:33,31.06176404332942,30.794637234323893,30.56371094441448,30.567662758751922,30.587674534393226,30.48950094344922,30.84100697617214,30.456916623686745,32.27647933959961,,30.525841971112214,31.113208079478518,
2026-06-03 22:02:17,2026-06-03 22:02:17,2026-06-03 22:07:17,31.513444476508948,31.391991886229846,31.534528834960014,31.586724111701184,31.670458978947558,31.19205380186155,31.066214467927985,31.247631310059557,33.170495605468766,,32.776357653916406,32.332933833505614,
2026-06-03 22:02:17,2026-06-03 22:02:17,2026-06-03 22:07:17,31.513444476508948,31.391991886229846,31.534528834960014,31.586724111701184,31.670458978947558,31.19205380186155,31.066214467927985,31.247631310059557,33.170495605468766,,32.776357653916406,32.332933833505614,
2026-06-03 22:07:18,2026-06-03 22:07:18,2026-06-03 22:12:18,31.252788456339115,31.490570993822008,31.373511284550087,31.491908249079504,31.740050289603865,31.38300027752038,31.273026537428947,31.37519557272345,33.32090454101563,,32.801748589580136,32.25306960034839,
2026-06-03 22:07:18,2026-06-03 22:07:18,2026-06-03 22:12:18,31.252788456339115,31.490570993822008,31.373511284550087,31.491908249079504,31.740050289603865,31.38300027752038,31.273026537428947,31.37519557272345,33.32090454101563,,32.801748589580136,32.25306960034839,
2026-06-03 22:09:34,2026-06-03 22:09:34,2026-06-03 22:14:34,31.156913840216173,30.97001159578614,30.63284337431668,30.63533798040336,30.70522704633647,30.662300136793668,31.014508013482082,30.647425132350048,33.32090454101563,,30.570595971240333,31.26941412200329,
2026-06-03 22:09:34,2026-06-03 22:09:34,2026-06-03 22:14:34,31.156913840216173,30.97001159578614,30.63284337431668,30.63533798040336,30.70522704633647,30.662300136793668,31.014508013482082,30.647425132350048,33.32090454101563,,30.570595971240333,31.26941412200329,
2026-06-03 22:12:18,2026-06-03 22:12:18,2026-06-03 22:17:18,31.57825518642503,31.53213587796588,31.507014707483172,31.43823061748838,31.466798783845192,31.735923954971284,31.300058625244596,31.443214749767872,32.471134948730494,,32.78003300842596,32.24632616762453,
2026-06-03 22:12:18,2026-06-03 22:12:18,2026-06-03 22:17:18,31.57825518642503,31.53213587796588,31.507014707483172,31.43823061748838,31.466798783845192,31.735923954971284,31.300058625244596,31.443214749767872,32.471134948730494,,32.78003300842596,32.24632616762453,
2026-06-03 22:14:35,2026-06-03 22:14:35,2026-06-03 22:19:35,31.22179290336765,30.980845570960966,30.674744119072955,30.58527739859651,30.615139083721903,30.792850949144505,31.014073465432226,30.633832380211555,32.471134948730494,,30.570595971240333,31.317060433039646,
2026-06-03 22:14:35,2026-06-03 22:14:35,2026-06-03 22:19:35,31.22179290336765,30.980845570960966,30.674744119072955,30.58527739859651,30.615139083721903,30.792850949144505,31.014073465432226,30.633832380211555,32.471134948730494,,30.570595971240333,31.317060433039646,
2026-06-03 22:17:19,2026-06-03 22:17:18,2026-06-03 22:22:18,31.6393908882904,31.42390825830545,31.373713863166255,31.563587590066778,31.707015297034097,31.588529020620552,31.28095691320949,31.55799416172083,32.10667762756348,,32.668016549164825,32.165739095122696,
2026-06-03 22:17:19,2026-06-03 22:17:18,2026-06-03 22:22:18,31.6393908882904,31.42390825830545,31.373713863166255,31.563587590066778,31.707015297034097,31.588529020620552,31.28095691320949,31.55799416172083,32.10667762756348,,32.668016549164825,32.165739095122696,
2026-06-03 22:19:36,2026-06-03 22:19:36,2026-06-03 22:24:36,31.357547886042607,30.906903583633575,30.62814235256113,30.615626520029146,30.812928116528663,30.70100817436945,30.980801046349015,30.656505754852848,32.10667762756348,,30.544028837554325,31.26941412200329,
2026-06-03 22:19:36,2026-06-03 22:19:36,2026-06-03 22:24:36,31.357547886042607,30.906903583633575,30.62814235256113,30.615626520029146,30.812928116528663,30.70100817436945,30.980801046349015,30.656505754852848,32.10667762756348,,30.544028837554325,31.26941412200329,
2026-06-03 22:22:19,2026-06-03 22:22:19,2026-06-03 22:27:19,31.600435086480562,31.340690578367767,31.15545614407029,31.60903992595353,31.51623088629351,31.428518642572087,31.182283336914903,31.6075154028223,31.34505920410156,,32.550919649393364,32.24632616762453,
2026-06-03 22:22:19,2026-06-03 22:22:19,2026-06-03 22:27:19,31.600435086480562,31.340690578367767,31.15545614407029,31.60903992595353,31.51623088629351,31.428518642572087,31.182283336914903,31.6075154028223,31.34505920410156,,32.550919649393364,32.24632616762453,
2026-06-03 22:27:20,2026-06-03 22:27:20,2026-06-03 22:32:20,31.511743306459604,31.308463424096974,31.522107574577888,31.49265803214205,31.384538073272786,31.471082698848644,31.309683992996618,31.46611888332798,32.523315811157225,,32.886239408647896,32.165739095122696,
2026-06-03 22:27:20,2026-06-03 22:27:20,2026-06-03 22:32:20,31.511743306459604,31.308463424096974,31.522107574577888,31.49265803214205,31.384538073272786,31.471082698848644,31.309683992996618,31.46611888332798,32.523315811157225,,32.886239408647896,32.165739095122696,
2026-06-03 22:29:37,2026-06-03 22:29:37,2026-06-03 22:34:37,31.377958583936703,30.839946551330165,30.690679220752482,30.61935408637797,30.651872209259157,30.662300136793668,31.030268826679112,30.61141183641881,32.523315811157225,,30.63239861726541,31.26941412200329,
2026-06-03 22:29:37,2026-06-03 22:29:37,2026-06-03 22:34:37,31.377958583936703,30.839946551330165,30.690679220752482,30.61935408637797,30.651872209259157,30.662300136793668,31.030268826679112,30.61141183641881,32.523315811157225,,30.63239861726541,31.26941412200329,
2026-06-03 22:32:20,2026-06-03 22:32:20,2026-06-03 22:37:20,31.726938162433576,31.299343914181303,31.29794790900129,31.6773580475563,31.561312855563095,31.452706137599325,31.396543831996535,31.455240370457442,32.863226699829106,,32.569760635788754,32.04113165946694,
2026-06-03 22:32:20,2026-06-03 22:32:20,2026-06-03 22:37:20,31.726938162433576,31.299343914181303,31.29794790900129,31.6773580475563,31.561312855563095,31.452706137599325,31.396543831996535,31.455240370457442,32.863226699829106,,32.569760635788754,32.04113165946694,
2026-06-03 22:37:20,2026-06-03 22:37:20,2026-06-03 22:42:20,31.83106476447477,31.299343914181303,31.287866953877735,31.512429637854208,31.463447618973127,31.47500543171946,31.289227395308323,31.385448911918452,32.81501388549805,,32.42948258119655,31.85758694326417,
2026-06-03 22:37:20,2026-06-03 22:37:20,2026-06-03 22:42:20,31.83106476447477,31.299343914181303,31.287866953877735,31.512429637854208,31.463447618973127,31.47500543171946,31.289227395308323,31.385448911918452,32.81501388549805,,32.42948258119655,31.85758694326417,
2026-06-03 22:39:38,2026-06-03 22:39:38,2026-06-03 22:44:38,31.408474372815967,30.839946551330165,30.587026446680653,30.63533798040336,30.615139083721903,30.655171030556577,30.975709784556948,30.597538718759722,32.81501388549805,,30.52612877691489,31.147973143332404,
2026-06-03 22:39:38,2026-06-03 22:39:38,2026-06-03 22:44:38,31.408474372815967,30.839946551330165,30.587026446680653,30.63533798040336,30.615139083721903,30.655171030556577,30.975709784556948,30.597538718759722,32.81501388549805,,30.52612877691489,31.147973143332404,
2026-06-03 22:42:20,2026-06-03 22:42:20,2026-06-03 22:47:20,31.612755371541045,31.473023838589704,31.467574763527455,31.559822656320506,31.529312399579577,31.57180500263088,31.171299484235604,31.385448911918452,32.58622894287111,,32.66146884572259,32.084249879695875,
2026-06-03 22:42:20,2026-06-03 22:42:20,2026-06-03 22:47:20,31.612755371541045,31.473023838589704,31.467574763527455,31.559822656320506,31.529312399579577,31.57180500263088,31.171299484235604,31.385448911918452,32.58622894287111,,32.66146884572259,32.084249879695875,
2026-06-03 22:47:21,2026-06-03 22:47:20,2026-06-03 22:52:20,31.57197199700292,31.513390455221128,31.504864959258015,31.57845627895224,31.749619495766044,31.55924438298903,31.303439692871944,31.385448911918452,32.04694404602051,,32.78798349527183,32.43606272472388,
2026-06-03 22:47:21,2026-06-03 22:47:20,2026-06-03 22:52:20,31.57197199700292,31.513390455221128,31.504864959258015,31.57845627895224,31.749619495766044,31.55924438298903,31.303439692871944,31.385448911918452,32.04694404602051,,32.78798349527183,32.43606272472388,
2026-06-03 22:49:39,2026-06-03 22:49:39,2026-06-03 22:54:39,31.59388203042948,30.980845570960966,30.68365142154223,30.63322990982034,30.7757757092443,30.6978969659095,31.030268826679112,30.597538718759722,32.04694404602051,,30.58821318456461,31.364705573347443,
2026-06-03 22:49:39,2026-06-03 22:49:39,2026-06-03 22:54:39,31.59388203042948,30.980845570960966,30.68365142154223,30.63322990982034,30.7757757092443,30.6978969659095,31.030268826679112,30.597538718759722,32.04694404602051,,30.58821318456461,31.364705573347443,
2026-06-03 22:52:21,2026-06-03 22:52:21,2026-06-03 22:57:21,31.572355728142764,31.36808210291291,31.38703374799078,31.34270585371953,31.6500114615701,31.40377276787635,31.35142282434353,31.443154580738437,32.09352264404297,,32.44832356759194,32.08515400274452,
2026-06-03 22:52:21,2026-06-03 22:52:21,2026-06-03 22:57:21,31.572355728142764,31.36808210291291,31.38703374799078,31.34270585371953,31.6500114615701,31.40377276787635,31.35142282434353,31.443154580738437,32.09352264404297,,32.44832356759194,32.08515400274452,
2026-06-03 22:57:21,2026-06-03 22:57:21,2026-06-03 23:02:21,31.692745762207593,31.327715486281488,31.29326726894256,31.640838155698027,31.599870639378008,31.485762182302246,31.351584848731786,31.512312296657335,33.0560646057129,,32.65278336021587,32.22431526640986,
2026-06-03 22:57:21,2026-06-03 22:57:21,2026-06-03 23:02:21,31.692745762207593,31.327715486281488,31.29326726894256,31.640838155698027,31.599870639378008,31.485762182302246,31.351584848731786,31.512312296657335,33.0560646057129,,32.65278336021587,32.22431526640986,
2026-06-03 22:59:40,2026-06-03 22:59:40,2026-06-03 23:04:40,31.313314685862206,30.839946551330165,30.59148015567166,30.623696736303337,30.71075192875796,30.662300136793668,31.037931052969537,30.656505754852848,33.0560646057129,,30.596880910414423,31.321359513381342,
2026-06-03 22:59:40,2026-06-03 22:59:40,2026-06-03 23:04:40,31.313314685862206,30.839946551330165,30.59148015567166,30.623696736303337,30.71075192875796,30.662300136793668,31.037931052969537,30.656505754852848,33.0560646057129,,30.596880910414423,31.321359513381342,
2026-06-03 23:02:22,2026-06-03 23:02:22,2026-06-03 23:07:22,31.753563816974808,31.299343914181303,31.3364236674357,31.471405746568724,31.52021384818635,31.344240068666398,31.21438241719606,31.54660378036174,32.4636646270752,,32.45193136503838,31.982374665347297,
2026-06-03 23:02:22,2026-06-03 23:02:22,2026-06-03 23:07:22,31.753563816974808,31.299343914181303,31.3364236674357,31.471405746568724,31.52021384818635,31.344240068666398,31.21438241719606,31.54660378036174,32.4636646270752,,32.45193136503838,31.982374665347297,
2026-06-03 23:04:41,2026-06-03 23:04:41,2026-06-03 23:09:41,31.378063840501355,30.839946551330165,30.614781341100848,30.63533798040336,30.646568307690206,30.614581675801173,30.92071068476342,30.66104612498445,32.4636646270752,,30.508511130703344,31.18272093697882,
2026-06-03 23:04:41,2026-06-03 23:04:41,2026-06-03 23:09:41,31.378063840501355,30.839946551330165,30.614781341100848,30.63533798040336,30.646568307690206,30.614581675801173,30.92071068476342,30.66104612498445,32.4636646270752,,30.508511130703344,31.18272093697882,
2026-06-03 23:07:23,2026-06-03 23:07:22,2026-06-03 23:12:22,31.82913380469736,31.35518744466111,31.342215257505487,31.559841578451795,31.39557336977466,31.214613186128876,31.22604743424744,31.45405013527621,31.78799743652346,,32.433123408043464,32.0408002610217,
2026-06-03 23:07:23,2026-06-03 23:07:22,2026-06-03 23:12:22,31.82913380469736,31.35518744466111,31.342215257505487,31.559841578451795,31.39557336977466,31.214613186128876,31.22604743424744,31.45405013527621,31.78799743652346,,32.433123408043464,32.0408002610217,
2026-06-03 23:09:42,2026-06-03 23:09:42,2026-06-03 23:14:42,31.580679921435518,30.87498303474122,30.61924368840322,30.617250576107082,30.61780080780212,30.53889058075701,30.949291768875582,30.60662781114885,31.78799743652346,,30.543753823878113,31.23897829544206,
2026-06-03 23:09:42,2026-06-03 23:09:42,2026-06-03 23:14:42,31.580679921435518,30.87498303474122,30.61924368840322,30.617250576107082,30.61780080780212,30.53889058075701,30.949291768875582,30.60662781114885,31.78799743652346,,30.543753823878113,31.23897829544206,
2026-06-03 23:12:23,2026-06-03 23:12:23,2026-06-03 23:17:23,31.652466434493586,31.200701140195868,31.142175871529016,31.3961012830301,31.58729031807018,31.28981595487637,31.127078375769422,31.48886994392101,31.510271453857413,,32.55385162207908,31.901298109189533,
2026-06-03 23:12:23,2026-06-03 23:12:23,2026-06-03 23:17:23,31.652466434493586,31.200701140195868,31.142175871529016,31.3961012830301,31.58729031807018,31.28981595487637,31.127078375769422,31.48886994392101,31.510271453857413,,32.55385162207908,31.901298109189533,
2026-06-03 23:17:24,2026-06-03 23:17:24,2026-06-03 23:22:24,31.47448476663935,31.28255210376301,31.242701452650373,31.381240520808984,31.443246217556684,31.162982404059345,31.024330428790954,31.45464811419064,31.88127441406251,,32.44690994084702,31.981697957542885,
2026-06-03 23:17:24,2026-06-03 23:17:24,2026-06-03 23:22:24,31.47448476663935,31.28255210376301,31.242701452650373,31.381240520808984,31.443246217556684,31.162982404059345,31.024330428790954,31.45464811419064,31.88127441406251,,32.44690994084702,31.981697957542885,
2026-06-03 23:19:43,2026-06-03 23:19:43,2026-06-03 23:24:43,31.441146702510522,30.8194427783869,30.578135851651677,30.567686866009193,30.5823262283588,30.547677668058338,30.78009386033471,30.629308481765246,31.88127441406251,,30.526132742347084,31.199937723829862,
2026-06-03 23:19:43,2026-06-03 23:19:43,2026-06-03 23:24:43,31.441146702510522,30.8194427783869,30.578135851651677,30.567686866009193,30.5823262283588,30.547677668058338,30.78009386033471,30.629308481765246,31.88127441406251,,30.526132742347084,31.199937723829862,
2026-06-03 23:22:25,2026-06-03 23:22:25,2026-06-03 23:27:25,31.5956200776545,31.113669256108103,31.31648939998561,31.401017959424895,31.32709856082437,31.250273825769415,31.109670187604866,31.304374238324133,32.01199455261232,,32.3254720189874,32.02553518674719,
2026-06-03 23:22:25,2026-06-03 23:22:25,2026-06-03 23:27:25,31.5956200776545,31.113669256108103,31.31648939998561,31.401017959424895,31.32709856082437,31.250273825769415,31.109670187604866,31.304374238324133,32.01199455261232,,32.3254720189874,32.02553518674719,
2026-06-03 23:24:44,2026-06-03 23:24:44,2026-06-03 23:29:44,31.32519215733695,30.73489466013569,30.614798048541147,30.583671174608412,30.620458600622154,30.570712425272422,30.87942280163419,30.547668306182352,32.01199455261232,,30.517183254872624,31.19563853785187,
2026-06-03 23:24:44,2026-06-03 23:24:44,2026-06-03 23:29:44,31.32519215733695,30.73489466013569,30.614798048541147,30.583671174608412,30.620458600622154,30.570712425272422,30.87942280163419,30.547668306182352,32.01199455261232,,30.517183254872624,31.19563853785187,
2026-06-03 23:27:26,2026-06-03 23:27:26,2026-06-03 23:32:26,31.828753756301843,31.375213326097235,31.411144126364746,31.530044439110696,31.58600059640481,31.358178812267973,31.175923334586997,31.443141393195173,32.62965202331544,,32.54877279800672,32.003704571959894,
2026-06-03 23:27:26,2026-06-03 23:27:26,2026-06-03 23:32:26,31.828753756301843,31.375213326097235,31.411144126364746,31.530044439110696,31.58600059640481,31.358178812267973,31.175923334586997,31.443141393195173,32.62965202331544,,32.54877279800672,32.003704571959894,
2026-06-03 23:29:45,2026-06-03 23:29:45,2026-06-03 23:34:45,31.628070578483545,30.88117617561734,30.647005932093066,30.624441186271802,30.74659477824247,30.63763379016661,30.9267046280595,30.615687548011046,32.62965202331544,,30.58793538837216,31.19563853785187,
2026-06-03 23:29:45,2026-06-03 23:29:45,2026-06-03 23:34:45,31.628070578483545,30.88117617561734,30.647005932093066,30.624441186271802,30.74659477824247,30.63763379016661,30.9267046280595,30.615687548011046,32.62965202331544,,30.58793538837216,31.19563853785187,
2026-06-03 23:32:26,2026-06-03 23:32:26,2026-06-03 23:37:26,31.668068252844918,31.1312208870774,31.36132933661346,31.383036359970436,31.611597040050533,31.43101438563862,31.19465599202996,31.35126502343444,32.927039337158206,,32.56327098829483,32.106300565552736,
2026-06-03 23:32:26,2026-06-03 23:32:26,2026-06-03 23:37:26,31.668068252844918,31.1312208870774,31.36132933661346,31.383036359970436,31.611597040050533,31.43101438563862,31.19465599202996,31.35126502343444,32.927039337158206,,32.56327098829483,32.106300565552736,
2026-06-03 23:37:27,2026-06-03 23:37:26,2026-06-03 23:42:26,31.810810391508134,31.279205221505897,31.286652886317,31.46255366335126,31.658468660190245,31.406140640659125,31.109164665155646,31.40833727064116,32.65576477050781,,32.554585502788115,32.106481388385205,
2026-06-03 23:37:27,2026-06-03 23:37:26,2026-06-03 23:42:26,31.810810391508134,31.279205221505897,31.286652886317,31.46255366335126,31.658468660190245,31.406140640659125,31.109164665155646,31.40833727064116,32.65576477050781,,32.554585502788115,32.106481388385205,
2026-06-03 23:39:46,2026-06-03 23:39:46,2026-06-03 23:44:46,31.58867601513751,30.809179145533857,30.59149686311196,30.583671174608412,30.743942836055805,30.630505324133473,30.849978261320892,30.597555190445014,32.65576477050781,,30.552700528836336,31.23468551747628,
2026-06-03 23:39:46,2026-06-03 23:39:46,2026-06-03 23:44:46,31.58867601513751,30.809179145533857,30.59149686311196,30.583671174608412,30.743942836055805,30.630505324133473,30.849978261320892,30.597555190445014,32.65576477050781,,30.552700528836336,31.23468551747628,
2026-06-03 23:42:28,2026-06-03 23:42:28,2026-06-03 23:47:28,31.818585682280798,31.272026158747313,31.26756285756524,31.469247631272495,31.787480975051952,31.330168691195638,31.10357930551232,31.443202303137884,32.08787879943849,,32.554585502788115,32.08465131000301,
2026-06-03 23:42:28,2026-06-03 23:42:28,2026-06-03 23:47:28,31.818585682280798,31.272026158747313,31.26756285756524,31.469247631272495,31.787480975051952,31.330168691195638,31.10357930551232,31.443202303137884,32.08787879943849,,32.554585502788115,32.08465131000301,
2026-06-03 23:44:47,2026-06-03 23:44:47,2026-06-03 23:49:47,31.6341512877465,30.839970044092983,30.587043154120956,30.608456877672584,30.7743916702706,30.597044435411206,30.856820724579293,30.624768229394046,32.08787879943849,,30.552700528836336,31.23468551747628,
2026-06-03 23:44:47,2026-06-03 23:44:47,2026-06-03 23:49:47,31.6341512877465,30.839970044092983,30.587043154120956,30.608456877672584,30.7743916702706,30.597044435411206,30.856820724579293,30.624768229394046,32.08787879943849,,30.552700528836336,31.23468551747628,
2026-06-03 23:47:28,2026-06-03 23:47:28,2026-06-03 23:52:28,31.84509573814108,31.243559626236202,31.260902828784722,31.193213860868568,31.6507435098807,31.13105170956496,31.07251075154005,31.63418476068829,31.57229080200197,,32.554585502788115,31.879456801845418,
2026-06-03 23:47:28,2026-06-03 23:47:28,2026-06-03 23:52:28,31.84509573814108,31.243559626236202,31.260902828784722,31.193213860868568,31.6507435098807,31.13105170956496,31.07251075154005,31.63418476068829,31.57229080200197,,32.554585502788115,31.879456801845418,
2026-06-03 23:52:29,2026-06-03 23:52:29,2026-06-03 23:57:29,31.821856067493297,31.40118650878987,31.192025861205323,31.605530227992638,31.543823694815753,31.43382488459909,31.140098015299422,31.397729164391933,31.819150543212892,,32.554629541988746,32.18692851001014,
2026-06-03 23:52:29,2026-06-03 23:52:29,2026-06-03 23:57:29,31.821856067493297,31.40118650878987,31.192025861205323,31.605530227992638,31.543823694815753,31.43382488459909,31.140098015299422,31.397729164391933,31.819150543212892,,32.554629541988746,32.18692851001014,
2026-06-03 23:54:47,2026-06-03 23:54:47,2026-06-03 23:59:47,31.469663019556883,30.901718109369853,30.559300137378894,30.606113251471136,30.67935136264569,30.66205086155135,30.895199330633876,30.589018469429668,31.819150543212892,,30.552710973688264,31.286647950330593,
2026-06-03 23:54:47,2026-06-03 23:54:47,2026-06-03 23:59:47,31.469663019556883,30.901718109369853,30.559300137378894,30.606113251471136,30.67935136264569,30.66205086155135,30.895199330633876,30.589018469429668,31.819150543212892,,30.552710973688264,31.286647950330593,
2026-06-03 23:57:30,2026-06-03 23:57:30,2026-06-04 00:02:30,31.33997957599863,31.37279078952702,31.455224151310848,31.308864623407388,31.597937755459444,31.32322722534587,31.22494153883969,31.41026896508586,32.53171653747559,,32.44261232656744,31.92333872893138,
2026-06-03 23:57:30,2026-06-03 23:57:30,2026-06-04 00:02:30,31.33997957599863,31.37279078952702,31.455224151310848,31.308864623407388,31.597937755459444,31.32322722534587,31.22494153883969,31.41026896508586,32.53171653747559,,32.44261232656744,31.92333872893138,
2026-06-03 23:59:48,2026-06-03 23:59:48,2026-06-04 00:04:48,31.19113303752951,30.896112161635937,30.66586683223985,30.603393149032097,30.710780036354304,30.623877965304263,30.965090769561016,30.56581425288875,32.53171653747559,,30.526136261002655,31.143708497769346,
2026-06-03 23:59:48,2026-06-03 23:59:48,2026-06-04 00:04:48,31.19113303752951,30.896112161635937,30.66586683223985,30.603393149032097,30.710780036354304,30.623877965304263,30.965090769561016,30.56581425288875,32.53171653747559,,30.526136261002655,31.143708497769346,
2026-06-04 00:02:31,2026-06-04 00:02:31,2026-06-04 00:07:31,31.379563349459527,31.331137420680978,31.222664036590842,31.362649301443906,31.464181529017754,31.338642028290977,31.176107343624963,31.17812273623535,31.868243408203124,,32.43753280641344,31.959894875674024,
2026-06-04 00:02:31,2026-06-04 00:02:31,2026-06-04 00:07:31,31.379563349459527,31.331137420680978,31.222664036590842,31.362649301443906,31.464181529017754,31.338642028290977,31.176107343624963,31.17812273623535,31.868243408203124,,32.43753280641344,31.959894875674024,
2026-06-04 00:07:32,2026-06-04 00:07:31,2026-06-04 00:12:31,31.346088333379964,31.364362334631807,31.199583685366182,31.454415672753694,31.529397704123074,31.44180875506018,31.048528185116094,31.21292775564086,31.53319911956787,,32.553894814231896,32.23076151906402,
2026-06-04 00:07:32,2026-06-04 00:07:31,2026-06-04 00:12:31,31.346088333379964,31.364362334631807,31.199583685366182,31.454415672753694,31.529397704123074,31.44180875506018,31.048528185116094,31.21292775564086,31.53319911956787,,32.553894814231896,32.23076151906402,
2026-06-04 00:09:50,2026-06-04 00:09:50,2026-06-04 00:14:50,31.191495701358015,30.87501442050601,30.554848334348005,30.59086365950131,30.71343197854097,30.662331379666103,30.795877134157976,30.529520238524988,31.53319911956787,,30.570321693703455,31.282347074171867,
2026-06-04 00:09:50,2026-06-04 00:09:50,2026-06-04 00:14:50,31.191495701358015,30.87501442050601,30.554848334348005,30.59086365950131,30.71343197854097,30.662331379666103,30.795877134157976,30.529520238524988,31.53319911956787,,30.570321693703455,31.282347074171867,
2026-06-04 00:12:32,2026-06-04 00:12:32,2026-06-04 00:17:32,31.681803137876507,31.312391761409874,31.241849391785017,31.456206893441003,31.51900192490471,31.29009167658718,31.073199737224975,31.29411017216775,32.02256965637208,,32.446953415349114,31.901499531662473,
2026-06-04 00:12:32,2026-06-04 00:12:32,2026-06-04 00:17:32,31.681803137876507,31.312391761409874,31.241849391785017,31.456206893441003,31.51900192490471,31.29009167658718,31.073199737224975,31.29411017216775,32.02256965637208,,32.446953415349114,31.901499531662473,
2026-06-04 00:17:32,2026-06-04 00:17:32,2026-06-04 00:22:32,31.425771892033563,31.600069872663532,31.460996984194107,31.70688637890489,31.68246170763248,31.52135505430184,31.32989634991672,31.22443906825992,32.090385627746585,,32.77358768909693,32.165089383831614,
2026-06-04 00:17:32,2026-06-04 00:17:32,2026-06-04 00:22:32,31.425771892033563,31.600069872663532,31.460996984194107,31.70688637890489,31.68246170763248,31.52135505430184,31.32989634991672,31.22443906825992,32.090385627746585,,32.77358768909693,32.165089383831614,
2026-06-04 00:19:51,2026-06-04 00:19:51,2026-06-04 00:24:51,31.752840584950025,31.02289839516079,30.67032048347449,30.666997289700735,30.778455759027306,30.679609101550433,31.070814359567606,30.54314123115939,32.090385627746585,,30.623456613878712,31.286646260149855,
2026-06-04 00:19:51,2026-06-04 00:19:51,2026-06-04 00:24:51,31.752840584950025,31.02289839516079,30.67032048347449,30.666997289700735,30.778455759027306,30.679609101550433,31.070814359567606,30.54314123115939,32.090385627746585,,30.623456613878712,31.286646260149855,
2026-06-04 00:22:33,2026-06-04 00:22:32,2026-06-04 00:27:32,31.694579600265854,31.540854734908567,31.36713599746465,31.358483451838346,31.536565746347833,31.29835886875901,31.377000903184335,31.247219683265925,32.55613327026367,,32.34509245697665,31.923330146449768,
2026-06-04 00:22:33,2026-06-04 00:22:32,2026-06-04 00:27:32,31.694579600265854,31.540854734908567,31.36713599746465,31.358483451838346,31.536565746347833,31.29835886875901,31.377000903184335,31.247219683265925,32.55613327026367,,32.34509245697665,31.923330146449768,
2026-06-04 00:27:34,2026-06-04 00:27:34,2026-06-04 00:32:34,31.761076444564452,31.502160684102154,31.224443869585336,31.498458890817304,31.362415585442598,31.316903534693505,31.270378871282176,31.374656773519483,32.05606994628906,,32.53578884455762,32.06249086926687,
2026-06-04 00:27:34,2026-06-04 00:27:34,2026-06-04 00:32:34,31.761076444564452,31.502160684102154,31.224443869585336,31.498458890817304,31.362415585442598,31.316903534693505,31.270378871282176,31.374656773519483,32.05606994628906,,32.53578884455762,32.06249086926687,
2026-06-04 00:29:52,2026-06-04 00:29:52,2026-06-04 00:34:52,31.5771508139238,30.94391731848735,30.56375569457365,30.57487976547592,30.61914512179386,30.579503609764163,30.959124315812964,30.61570072535928,32.05606994628906,,30.587938907027727,31.243299135091487,
2026-06-04 00:29:52,2026-06-04 00:29:52,2026-06-04 00:34:52,31.5771508139238,30.94391731848735,30.56375569457365,30.57487976547592,30.61914512179386,30.579503609764163,30.959124315812964,30.61570072535928,32.05606994628906,,30.587938907027727,31.243299135091487,
2026-06-04 00:32:35,2026-06-04 00:32:35,2026-06-04 00:37:35,31.612992116194622,31.587066796923878,31.048452675669385,31.387977414415293,31.645920937438138,31.372895724194603,31.079284866123537,31.409008870173984,32.261981201171885,,32.67533177572086,32.025747833738905,
2026-06-04 00:32:35,2026-06-04 00:32:35,2026-06-04 00:37:35,31.612992116194622,31.587066796923878,31.048452675669385,31.387977414415293,31.645920937438138,31.372895724194603,31.079284866123537,31.409008870173984,32.261981201171885,,32.67533177572086,32.025747833738905,
2026-06-04 00:34:53,2026-06-04 00:34:53,2026-06-04 00:39:53,31.475116192767295,31.007025596844034,30.499339265366903,30.592483269410298,30.779781747316257,30.637647675887692,30.811637538577823,30.62932165911348,32.261981201171885,,30.579271181177912,31.191354808805702,
2026-06-04 00:34:53,2026-06-04 00:34:53,2026-06-04 00:39:53,31.475116192767295,31.007025596844034,30.499339265366903,30.592483269410298,30.779781747316257,30.637647675887692,30.811637538577823,30.62932165911348,32.261981201171885,,30.579271181177912,31.191354808805702,
2026-06-04 00:37:35,2026-06-04 00:37:35,2026-06-04 00:42:35,31.76004271296191,31.54590480017004,31.354800493634485,31.36820449786258,31.64815091596446,31.37681967332219,31.16493520226992,31.30441241624369,31.52659301757815,,32.447688307302116,31.98190631773694,
2026-06-04 00:37:35,2026-06-04 00:37:35,2026-06-04 00:42:35,31.76004271296191,31.54590480017004,31.354800493634485,31.36820449786258,31.64815091596446,31.37681967332219,31.16493520226992,31.30441241624369,31.52659301757815,,32.447688307302116,31.98190631773694,
2026-06-04 00:42:36,2026-06-04 00:42:36,2026-06-04 00:47:36,31.366827662073536,31.492534771273075,31.196913979058568,31.360770057008903,31.54383832020941,31.330206310034416,31.24286601305631,31.327766736764367,32.61006832122803,,32.54520932872518,32.00373639611914,
2026-06-04 00:42:36,2026-06-04 00:42:36,2026-06-04 00:47:36,31.366827662073536,31.492534771273075,31.196913979058568,31.360770057008903,31.54383832020941,31.330206310034416,31.24286601305631,31.327766736764367,32.61006832122803,,32.54520932872518,32.00373639611914,
2026-06-04 00:44:53,2026-06-04 00:44:53,2026-06-04 00:49:53,31.29747908857444,30.94391731848735,30.56820928805192,30.567697151772297,30.679350812386,30.597058321132288,30.980851582758046,30.561273941637353,32.61006832122803,,30.570321693703455,31.195653889147398,
2026-06-04 00:44:53,2026-06-04 00:44:53,2026-06-04 00:49:53,31.29747908857444,30.94391731848735,30.56820928805192,30.567697151772297,30.679350812386,30.597058321132288,30.980851582758046,30.561273941637353,32.61006832122803,,30.570321693703455,31.195653889147398,
2026-06-04 00:47:36,2026-06-04 00:47:36,2026-06-04 00:52:36,31.711917583656717,31.528168146932757,31.399676087465,31.52267836192011,31.597967134296237,31.456516370964128,31.312986151851895,31.38613740661198,33.264686584472656,,32.783066099483435,32.20898384468672,
2026-06-04 00:47:36,2026-06-04 00:47:36,2026-06-04 00:52:36,31.711917583656717,31.528168146932757,31.399676087465,31.52267836192011,31.597967134296237,31.456516370964128,31.312986151851895,31.38613740661198,33.264686584472656,,32.783066099483435,32.20898384468672,
2026-06-04 00:52:37,2026-06-04 00:52:37,2026-06-04 00:57:37,31.666654156740314,31.473318398085073,31.34808807376944,31.484188540258884,31.57646237591417,31.621555966480017,31.428748257392176,31.611417583927636,33.27292766571044,,32.788881424395285,32.20934558810093,
2026-06-04 00:52:37,2026-06-04 00:52:37,2026-06-04 00:57:37,31.666654156740314,31.473318398085073,31.34808807376944,31.484188540258884,31.57646237591417,31.621555966480017,31.428748257392176,31.611417583927636,33.27292766571044,,32.788881424395285,32.20934558810093,
2026-06-04 00:54:54,2026-06-04 00:54:54,2026-06-04 00:59:54,31.62207531786906,30.94394081125017,30.623735424402966,30.626083410430763,30.67804043942835,30.740790148062263,31.119000066897478,30.7140024087128,33.27292766571044,,30.57060872636678,31.273768956427556,
2026-06-04 00:54:54,2026-06-04 00:54:54,2026-06-04 00:59:54,31.62207531786906,30.94394081125017,30.623735424402966,30.626083410430763,30.67804043942835,30.740790148062263,31.119000066897478,30.7140024087128,33.27292766571044,,30.57060872636678,31.273768956427556,
2026-06-04 00:57:38,2026-06-04 00:57:38,2026-06-04 01:02:38,31.819136471086416,31.35449968356907,31.493452630293593,31.59909725131846,31.59863403836231,31.711494057435154,31.30825126997879,31.631824236396483,32.9240390777588,,32.66817448631253,32.16567363042433,
2026-06-04 00:57:38,2026-06-04 00:57:38,2026-06-04 01:02:38,31.819136471086416,31.35449968356907,31.493452630293593,31.59909725131846,31.59863403836231,31.711494057435154,31.30825126997879,31.631824236396483,32.9240390777588,,32.66817448631253,32.16567363042433,
2026-06-04 01:02:38,2026-06-04 01:02:38,2026-06-04 01:07:38,31.64058175580165,31.262378040649594,31.37384167240012,31.586019613527537,31.464228920430806,31.411058816353695,31.177996944999013,31.39905899970146,31.705704879760756,,32.55107746177296,31.960476601294832,
2026-06-04 01:02:38,2026-06-04 01:02:38,2026-06-04 01:07:38,31.64058175580165,31.262378040649594,31.37384167240012,31.586019613527537,31.464228920430806,31.411058816353695,31.177996944999013,31.39905899970146,31.705704879760756,,32.55107746177296,31.960476601294832,
2026-06-04 01:04:55,2026-06-04 01:04:54,2026-06-04 01:09:54,31.2943823973276,30.804987657297296,30.62818913339397,30.642067719029985,30.615182806649543,30.60847675775623,30.8883924786052,30.55703093826417,31.705704879760756,,30.535090799599825,31.187074706310824,
2026-06-04 01:04:55,2026-06-04 01:04:54,2026-06-04 01:09:54,31.2943823973276,30.804987657297296,30.62818913339397,30.642067719029985,30.615182806649543,30.60847675775623,30.8883924786052,30.55703093826417,31.705704879760756,,30.535090799599825,31.187074706310824,
2026-06-04 01:07:39,2026-06-04 01:07:39,2026-06-04 01:12:39,31.59446513128061,31.636943635180863,31.362301534201833,31.484939653340014,31.361093679883403,31.278212153356154,31.12781371444662,31.490178708146875,31.969537353515612,,32.55034244505185,32.06271346130835,
2026-06-04 01:07:39,2026-06-04 01:07:39,2026-06-04 01:12:39,31.59446513128061,31.636943635180863,31.362301534201833,31.484939653340014,31.361093679883403,31.278212153356154,31.12781371444662,31.490178708146875,31.969537353515612,,32.55034244505185,32.06271346130835,
2026-06-04 01:09:55,2026-06-04 01:09:55,2026-06-04 01:14:55,31.431943030428595,31.04962983605333,30.619281830924695,30.610099516405374,30.61916073712516,30.55483758323908,30.872632074185358,30.615717197044567,31.969537353515612,,30.55270844581137,31.239020203325172,
2026-06-04 01:09:55,2026-06-04 01:09:55,2026-06-04 01:14:55,31.431943030428595,31.04962983605333,30.619281830924695,30.610099516405374,30.61916073712516,30.55483758323908,30.872632074185358,30.615717197044567,31.969537353515612,,30.55270844581137,31.239020203325172,
2026-06-04 01:12:40,2026-06-04 01:12:40,2026-06-04 01:17:40,31.78871531866048,31.545471811578256,31.486792774249587,31.34847813720029,31.471381621674904,31.351204254145603,31.036077695062307,31.351350923753444,32.202408599853534,,32.44266878189799,32.003957003593804,
2026-06-04 01:12:40,2026-06-04 01:12:40,2026-06-04 01:17:40,31.78871531866048,31.545471811578256,31.486792774249587,31.34847813720029,31.471381621674904,31.351204254145603,31.036077695062307,31.351350923753444,32.202408599853534,,32.44266878189799,32.003957003593804,
2026-06-04 01:17:41,2026-06-04 01:17:41,2026-06-04 01:22:41,31.748350377344277,31.341248781650044,31.30493521637471,31.414178553876376,31.655923457687052,31.307953666005083,31.115982794564275,31.35071600542979,32.171358489990226,,32.43759109383771,31.981945561530893,
2026-06-04 01:17:41,2026-06-04 01:17:41,2026-06-04 01:22:41,31.748350377344277,31.341248781650044,31.30493521637471,31.414178553876376,31.655923457687052,31.307953666005083,31.115982794564275,31.35071600542979,32.171358489990226,,32.43759109383771,31.981945561530893,
2026-06-04 01:19:57,2026-06-04 01:19:57,2026-06-04 01:24:57,31.453193648215848,30.836919107397936,30.60043423897378,30.574892622679798,30.743970943652144,30.605852863227494,30.879473338043216,30.570371094705642,32.17135848999025,,30.54375852544964,31.195673078266804,
2026-06-04 01:19:57,2026-06-04 01:19:57,2026-06-04 01:24:57,31.453193648215848,30.836919107397936,30.60043423897378,30.574892622679798,30.743970943652144,30.605852863227494,30.879473338043216,30.570371094705642,32.17135848999025,,30.54375852544964,31.195673078266804,
2026-06-04 01:22:42,2026-06-04 01:22:41,2026-06-04 01:27:41,31.749721442617314,31.37068006077942,31.560417078837627,31.3272266400491,31.787566279595445,31.416980627006637,31.133246532323945,31.431837356075743,31.718680572509776,,32.66596945420946,32.10637469088294,
2026-06-04 01:22:42,2026-06-04 01:22:41,2026-06-04 01:27:41,31.749721442617314,31.37068006077942,31.560417078837627,31.3272266400491,31.787566279595445,31.416980627006637,31.133246532323945,31.431837356075743,31.718680572509776,,32.66596945420946,32.10637469088294,
2026-06-04 01:27:42,2026-06-04 01:27:42,2026-06-04 01:32:42,31.693709087711913,31.418066671406486,31.954517486820563,31.482408129313036,31.82541552160048,31.485332765803587,31.213305041320936,31.431897525105178,32.147662353515614,,32.67612495509813,32.209154032723305,
2026-06-04 01:27:42,2026-06-04 01:27:42,2026-06-04 01:32:42,31.693709087711913,31.418066671406486,31.954517486820563,31.482408129313036,31.82541552160048,31.485332765803587,31.213305041320936,31.431897525105178,32.147662353515614,,32.67612495509813,32.209154032723305,
2026-06-04 01:29:58,2026-06-04 01:29:58,2026-06-04 01:34:58,31.84093401778214,30.92227312710463,30.86417889791934,30.599678211600786,30.773020157953166,30.679903334358773,30.94935844092397,30.629338130798768,32.147662353515614,,30.561658586089074,31.278068142405548,
2026-06-04 01:29:58,2026-06-04 01:29:58,2026-06-04 01:34:58,31.84093401778214,30.92227312710463,30.86417889791934,30.599678211600786,30.773020157953166,30.679903334358773,30.94935844092397,30.629338130798768,32.147662353515614,,30.561658586089074,31.278068142405548,
2026-06-04 01:32:42,2026-06-04 01:32:42,2026-06-04 01:37:42,31.713993481300765,31.391073776777095,31.541820038814638,31.415969508559968,31.766866347684847,31.427964058555546,31.255392480570166,31.419873721348687,32.09291610717774,,32.55542025788024,31.98230721608213,
2026-06-04 01:32:42,2026-06-04 01:32:42,2026-06-04 01:37:42,31.713993481300765,31.391073776777095,31.541820038814638,31.415969508559968,31.766866347684847,31.427964058555546,31.255392480570166,31.419873721348687,32.09291610717774,,32.55542025788024,31.98230721608213,
2026-06-04 01:34:59,2026-06-04 01:34:59,2026-06-04 01:39:59,31.474489199551975,30.896135654398755,30.68414990053912,30.60129770736659,30.73984568114442,30.639313979603372,30.980879658540843,30.602125091849736,32.09291610717774,,30.535090799599825,31.187074706310824,
2026-06-04 01:34:59,2026-06-04 01:34:59,2026-06-04 01:39:59,31.474489199551975,30.896135654398755,30.68414990053912,30.60129770736659,30.73984568114442,30.639313979603372,30.980879658540843,30.602125091849736,32.09291610717774,,30.535090799599825,31.187074706310824,
2026-06-04 01:37:43,2026-06-04 01:37:42,2026-06-04 01:42:42,32.160469419363764,31.44593160406691,31.348004765295066,31.571150924642076,31.614997491715403,31.50763262374714,31.267880918865472,31.52383600531052,32.19015197753907,,32.774380868474196,32.26790796946594,
2026-06-04 01:37:43,2026-06-04 01:37:42,2026-06-04 01:42:42,32.160469419363764,31.44593160406691,31.348004765295066,31.571150924642076,31.614997491715403,31.50763262374714,31.267880918865472,31.52383600531052,32.19015197753907,,32.774380868474196,32.26790796946594,
2026-06-04 01:42:43,2026-06-04 01:42:42,2026-06-04 01:47:42,31.79767653019114,31.4500274478779,31.274337045901987,31.443943622833046,32.0139874138302,31.636268383768797,31.313021882735924,31.35080370766309,32.287497711181665,,32.676906870177774,32.209558539353765,
2026-06-04 01:42:43,2026-06-04 01:42:42,2026-06-04 01:47:42,31.79767653019114,31.4500274478779,31.274337045901987,31.443943622833046,32.0139874138302,31.636268383768797,31.313021882735924,31.35080370766309,32.287497711181665,,32.676906870177774,32.209558539353765,
2026-06-04 01:45:00,2026-06-04 01:45:00,2026-06-04 01:50:00,31.721149185609978,30.93312345409188,30.587086184980546,30.610106771447402,30.943034922818324,30.740801671733497,31.021392565235466,30.579464422037937,32.287497711181665,,30.5440520375327,31.269487982654393,
2026-06-04 01:45:00,2026-06-04 01:45:00,2026-06-04 01:50:00,31.721149185609978,30.93312345409188,30.587086184980546,30.610106771447402,30.943034922818324,30.740801671733497,31.021392565235466,30.579464422037937,32.287497711181665,,30.5440520375327,31.269487982654393,
2026-06-04 01:47:44,2026-06-04 01:47:44,2026-06-04 01:52:44,31.6282370126156,31.45965965469929,31.32992852658209,31.591694760866716,31.888238014085083,31.654284208874596,31.250674602660837,31.535258673323632,32.850540924072284,,32.55112912693166,31.93869197594045,
2026-06-04 01:47:44,2026-06-04 01:47:44,2026-06-04 01:52:44,31.6282370126156,31.45965965469929,31.32992852658209,31.591694760866716,31.888238014085083,31.654284208874596,31.250674602660837,31.535258673323632,32.850540924072284,,32.55112912693166,31.93869197594045,
2026-06-04 01:52:44,2026-06-04 01:52:44,2026-06-04 01:57:44,31.344661551096397,31.459663912173575,31.411267209786768,31.322363576502937,31.413595119128743,31.60508805728816,31.340581082497685,31.443391322645823,33.310583114624016,,32.774428091917514,32.37054030164303,
2026-06-04 01:52:44,2026-06-04 01:52:44,2026-06-04 01:57:44,31.344661551096397,31.459663912173575,31.411267209786768,31.322363576502937,31.413595119128743,31.60508805728816,31.340581082497685,31.443391322645823,33.310583114624016,,32.774428091917514,32.37054030164303,
2026-06-04 01:55:01,2026-06-04 01:55:01,2026-06-04 02:00:01,31.56810974699948,30.933128245765996,30.64705098442551,30.578142470690423,30.58376763647941,30.697961415023112,31.046133111495298,30.633893325447133,33.310583114624016,,30.605847324474148,31.369076718523207,
2026-06-04 01:55:01,2026-06-04 01:55:01,2026-06-04 02:00:01,31.56810974699948,30.933128245765996,30.64705098442551,30.578142470690423,30.58376763647941,30.697961415023112,31.046133111495298,30.633893325447133,33.310583114624016,,30.605847324474148,31.369076718523207,
2026-06-04 01:57:45,2026-06-04 01:57:45,2026-06-04 02:02:45,31.73496729024243,31.344910148311136,31.223639582812748,31.272853877779543,31.27042378839785,31.34971339795946,31.227195590819843,31.44275715189323,32.120030593872066,,32.45287139952213,32.00453527871351,
2026-06-04 01:57:45,2026-06-04 01:57:45,2026-06-04 02:02:45,31.73496729024243,31.344910148311136,31.223639582812748,31.272853877779543,31.27042378839785,31.34971339795946,31.227195590819843,31.44275715189323,32.120030593872066,,32.45287139952213,32.00453527871351,
2026-06-04 02:02:46,2026-06-04 02:02:46,2026-06-04 02:07:46,31.93380164068788,31.49191905009774,31.39972691039214,31.61570066439347,31.49229835528953,31.355730621678223,31.277886438546613,31.584791926144657,31.547159385681134,,32.765007482981844,32.12168510031594,
2026-06-04 02:02:46,2026-06-04 02:02:46,2026-06-04 02:07:46,31.93380164068788,31.49191905009774,31.39972691039214,31.61570066439347,31.49229835528953,31.355730621678223,31.277886438546613,31.584791926144657,31.547159385681134,,32.765007482981844,32.12168510031594,
2026-06-04 02:05:02,2026-06-04 02:05:02,2026-06-04 02:10:02,31.85422751717773,30.949001044082753,30.638143624199863,30.63181482466253,30.714787635959386,30.604219858201358,30.98987850121935,30.680752008319523,31.547159385681134,,30.623464970685696,31.282383533498738,
2026-06-04 02:05:02,2026-06-04 02:05:02,2026-06-04 02:10:02,31.85422751717773,30.949001044082753,30.638143624199863,30.63181482466253,30.714787635959386,30.604219858201358,30.98987850121935,30.680752008319523,31.547159385681134,,30.623464970685696,31.282383533498738,
2026-06-04 02:07:47,2026-06-04 02:07:46,2026-06-04 02:12:46,31.73155096312051,31.572467615927962,31.417037192517657,31.4589114571161,31.749146221670337,31.44895710994614,31.15269767168699,31.362906426396194,31.31265335083008,,32.68124986660173,32.00417362860543,
2026-06-04 02:07:47,2026-06-04 02:07:46,2026-06-04 02:12:46,31.73155096312051,31.572467615927962,31.417037192517657,31.4589114571161,31.749146221670337,31.44895710994614,31.15269767168699,31.362906426396194,31.31265335083008,,32.68124986660173,32.00417362860543,
2026-06-04 02:12:47,2026-06-04 02:12:46,2026-06-04 02:17:46,31.779270214342304,31.326113737646306,31.092502697781104,31.520861214074365,31.594081557696466,31.467570670796658,31.247138475533546,31.32856433099354,32.45991268157957,,32.55114933249851,31.96017145310308,
2026-06-04 02:12:47,2026-06-04 02:12:46,2026-06-04 02:17:46,31.779270214342304,31.326113737646306,31.092502697781104,31.520861214074365,31.594081557696466,31.467570670796658,31.247138475533546,31.32856433099354,32.45991268157957,,32.55114933249851,31.96017145310308,
2026-06-04 02:15:03,2026-06-04 02:15:03,2026-06-04 02:20:03,31.69171284543358,30.847781039314473,30.512737362151995,30.60131238815381,30.64383292388071,30.6640177862457,30.97412585250654,30.538637450908794,32.45991268157957,,30.535100413400578,31.1956988692124,
2026-06-04 02:15:03,2026-06-04 02:15:03,2026-06-04 02:20:03,31.69171284543358,30.847781039314473,30.512737362151995,30.60131238815381,30.64383292388071,30.6640177862457,30.97412585250654,30.538637450908794,32.45991268157957,,30.535100413400578,31.1956988692124,
2026-06-04 02:17:48,2026-06-04 02:17:48,2026-06-04 02:22:48,31.875770390215692,31.616088847780347,31.51655340729267,31.51043483735545,31.453259106229897,31.701190189161178,31.455205541647654,31.455333692634376,33.91774940490723,,32.66247868960227,32.31166554009057,
2026-06-04 02:17:48,2026-06-04 02:17:48,2026-06-04 02:22:48,31.875770390215692,31.616088847780347,31.51655340729267,31.51043483735545,31.453259106229897,31.701190189161178,31.455205541647654,31.455333692634376,33.91774940490723,,32.66247868960227,32.31166554009057,
2026-06-04 02:22:48,2026-06-04 02:22:48,2026-06-04 02:27:48,31.677382744541383,31.590784804353106,31.153697086527064,31.622335926478897,31.45060706383184,31.55112793941429,31.376583251125126,31.362891464938205,33.51252632141115,,32.559881122745985,32.10700928916627,
2026-06-04 02:22:48,2026-06-04 02:22:48,2026-06-04 02:27:48,31.677382744541383,31.590784804353106,31.153697086527064,31.622335926478897,31.45060706383184,31.55112793941429,31.376583251125126,31.362891464938205,33.51252632141115,,32.559881122745985,32.10700928916627,
2026-06-04 02:25:03,2026-06-04 02:25:03,2026-06-04 02:30:03,31.464743622208267,31.03960008372913,30.549661032955953,30.650165235862968,30.649296374616956,30.691828405434027,31.047483864628322,30.60669969960852,33.51252632141115,,30.5351000360707,31.22616304817825,
2026-06-04 02:25:03,2026-06-04 02:25:03,2026-06-04 02:30:03,31.464743622208267,31.03960008372913,30.549661032955953,30.650165235862968,30.649296374616956,30.691828405434027,31.047483864628322,30.60669969960852,33.51252632141115,,30.5351000360707,31.22616304817825,
2026-06-04 02:27:49,2026-06-04 02:27:48,2026-06-04 02:32:48,31.570161926140425,31.401228387824418,31.19432415252894,31.411574902493978,31.450607332997656,31.521720497311875,31.16608772631641,31.315950137182178,32.23130569458012,,32.43844234722356,31.835953240462185,
2026-06-04 02:27:49,2026-06-04 02:27:48,2026-06-04 02:32:48,31.570161926140425,31.401228387824418,31.19432415252894,31.411574902493978,31.450607332997656,31.521720497311875,31.16608772631641,31.315950137182178,32.23130569458012,,32.43844234722356,31.835953240462185,
2026-06-04 02:30:04,2026-06-04 02:30:04,2026-06-04 02:35:04,31.286744493207248,30.88282709114343,30.55044605849229,30.60343300636412,30.649296374616956,30.6552560805982,30.86584857007082,30.54319188159166,32.23130569458012,,30.526150548596238,31.148068129473465,
2026-06-04 02:30:04,2026-06-04 02:30:04,2026-06-04 02:35:04,31.286744493207248,30.88282709114343,30.55044605849229,30.60343300636412,30.649296374616956,30.6552560805982,30.86584857007082,30.54319188159166,32.23130569458012,,30.526150548596238,31.148068129473465,
2026-06-04 02:32:49,2026-06-04 02:32:49,2026-06-04 02:37:49,31.425378780641992,31.511219615710445,31.097518686426955,31.423588024623193,31.562841852680062,31.460556363653364,31.1527167128767,31.420486429524953,31.71319999694826,,32.5497239145317,32.08444679168118,
2026-06-04 02:32:49,2026-06-04 02:32:49,2026-06-04 02:37:49,31.425378780641992,31.511219615710445,31.097518686426955,31.423588024623193,31.562841852680062,31.460556363653364,31.1527167128767,31.420486429524953,31.71319999694826,,32.5497239145317,32.08444679168118,
2026-06-04 02:35:05,2026-06-04 02:35:05,2026-06-04 02:40:05,31.516622907207992,30.949029235398132,30.527145175236377,30.56773700910432,30.712154414974666,30.6552560805982,30.895292905995525,30.61575172870348,31.71319999694826,,30.57033489560652,31.243359580817618,
2026-06-04 02:35:05,2026-06-04 02:35:05,2026-06-04 02:40:05,31.516622907207992,30.949029235398132,30.527145175236377,30.56773700910432,30.712154414974666,30.6552560805982,30.895292905995525,30.61575172870348,31.71319999694826,,30.57033489560652,31.243359580817618,
2026-06-04 02:37:50,2026-06-04 02:37:49,2026-06-04 02:42:49,31.812356625191466,31.339908586477854,31.229560635789362,31.279603874289325,31.40756220477356,31.352090294720433,31.182315551876574,31.17833009634787,30.486654281616232,,32.335108621019096,32.025870620394016,
2026-06-04 02:37:50,2026-06-04 02:37:49,2026-06-04 02:42:49,31.812356625191466,31.339908586477854,31.229560635789362,31.279603874289325,31.40756220477356,31.352090294720433,31.182315551876574,31.17833009634787,30.486654281616232,,32.335108621019096,32.025870620394016,
2026-06-04 02:42:50,2026-06-04 02:42:50,2026-06-04 02:47:50,31.96159753612248,31.442667305809053,31.527213050965205,31.515355087944172,31.43883207374623,31.471313114236146,31.23755020794841,31.489583828702237,31.917399978637697,,32.54464610170331,32.08462761451365,
2026-06-04 02:42:50,2026-06-04 02:42:50,2026-06-04 02:47:50,31.96159753612248,31.442667305809053,31.527213050965205,31.515355087944172,31.43883207374623,31.471313114236146,31.23755020794841,31.489583828702237,31.917399978637697,,32.54464610170331,32.08462761451365,
2026-06-04 02:45:06,2026-06-04 02:45:06,2026-06-04 02:50:06,31.754028627774602,30.912058695951448,30.69966910953851,30.60688771128937,30.683377150388647,30.662385186835294,30.96517780448768,30.638425162224973,31.917399978637697,,30.58795254181807,31.239060500475926,
2026-06-04 02:45:06,2026-06-04 02:45:06,2026-06-04 02:50:06,31.754028627774602,30.912058695951448,30.69966910953851,30.60688771128937,30.683377150388647,30.662385186835294,30.96517780448768,30.638425162224973,31.917399978637697,,30.58795254181807,31.239060500475926,
2026-06-04 02:47:50,2026-06-04 02:47:50,2026-06-04 02:52:50,31.51850363954856,31.326212992468225,31.449302907250043,31.402987752638126,31.483904568174186,31.3444704840539,31.1762244288343,31.282353593902815,32.47874870300293,,32.5634870880987,32.00404054201182,
2026-06-04 02:47:50,2026-06-04 02:47:50,2026-06-04 02:52:50,31.51850363954856,31.326212992468225,31.449302907250043,31.402987752638126,31.483904568174186,31.3444704840539,31.1762244288343,31.282353593902815,32.47874870300293,,32.5634870880987,32.00404054201182,
2026-06-04 02:52:51,2026-06-04 02:52:51,2026-06-04 02:57:51,31.780388617970633,31.262462197686965,31.2440443597709,31.287777903242358,31.282904531257504,31.160592984268447,31.091391174712317,31.419913021002895,31.68207435607913,,32.44278514333084,31.879433106356057,
2026-06-04 02:52:51,2026-06-04 02:52:51,2026-06-04 02:57:51,31.780388617970633,31.262462197686965,31.2440443597709,31.287777903242358,31.282904531257504,31.160592984268447,31.091391174712317,31.419913021002895,31.68207435607913,,32.44278514333084,31.879433106356057,
2026-06-04 02:55:06,2026-06-04 02:55:06,2026-06-04 03:00:06,31.466724749680164,30.805036537882202,30.56826072118721,30.544570294088395,30.555009517869845,30.514284244572732,30.834327148065352,30.59307870697412,31.68207435607913,,30.526150548596238,31.152367315451457,
2026-06-04 02:55:06,2026-06-04 02:55:06,2026-06-04 03:00:06,31.466724749680164,30.805036537882202,30.56826072118721,30.544570294088395,30.555009517869845,30.514284244572732,30.834327148065352,30.59307870697412,31.68207435607913,,30.526150548596238,31.152367315451457,
2026-06-04 02:57:51,2026-06-04 02:57:51,2026-06-04 03:02:51,31.637499904621812,31.286567046023094,31.261970560905805,31.2852469016338,31.402940366096573,31.214038958645673,31.182974411380897,31.362840626084,32.37171096801759,,32.325688243559384,31.901082898310882,
2026-06-04 02:57:51,2026-06-04 02:57:51,2026-06-04 03:02:51,31.637499904621812,31.286567046023094,31.261970560905805,31.2852469016338,31.402940366096573,31.214038958645673,31.182974411380897,31.362840626084,32.37171096801759,,32.325688243559384,31.901082898310882,
2026-06-04 03:02:52,2026-06-04 03:02:52,2026-06-04 03:07:52,31.714952565440576,31.290422578193933,31.185514363983103,31.413534388820487,31.427139058291306,31.397916458431126,31.249227871752673,31.501095141321297,32.00565109252931,,32.661008002813915,32.23070599941542,
2026-06-04 03:02:52,2026-06-04 03:02:52,2026-06-04 03:07:52,31.714952565440576,31.290422578193933,31.185514363983103,31.413534388820487,31.427139058291306,31.397916458431126,31.249227871752673,31.501095141321297,32.00565109252931,,32.661008002813915,32.23070599941542,
2026-06-04 03:05:07,2026-06-04 03:05:07,2026-06-04 03:10:07,31.592425515776135,30.840061665867964,30.559353418717937,30.590903402690152,30.61654158713422,30.662385186835294,30.98093861768471,30.652046154859374,32.00565109252931,,30.61452032830732,31.286706705875986,
2026-06-04 03:05:07,2026-06-04 03:05:07,2026-06-04 03:10:07,31.592425515776135,30.840061665867964,30.559353418717937,30.590903402690152,30.61654158713422,30.662385186835294,30.98093861768471,30.652046154859374,32.00565109252931,,30.61452032830732,31.286706705875986,
2026-06-04 03:07:52,2026-06-04 03:07:52,2026-06-04 03:12:52,31.692769990221606,31.187891106985294,31.455368256978964,31.45634933120051,31.765835617591474,31.452936552986827,31.40332252445292,31.706734548389733,33.07523231506348,,32.79260332434944,32.539041499521474,
2026-06-04 03:07:52,2026-06-04 03:07:52,2026-06-04 03:12:52,31.692769990221606,31.187891106985294,31.455368256978964,31.45634933120051,31.765835617591474,31.452936552986827,31.40332252445292,31.706734548389733,33.07523231506348,,32.79260332434944,32.539041499521474,
2026-06-04 03:12:53,2026-06-04 03:12:53,2026-06-04 03:17:53,31.54382607137908,31.27362108067854,31.360652321746134,31.642887788124217,31.72136065911135,31.47526397955731,31.301761929173765,31.4905559200757,33.306595993042,,32.44865302188114,31.858557042941793,
2026-06-04 03:12:53,2026-06-04 03:12:53,2026-06-04 03:17:53,31.54382607137908,31.27362108067854,31.360652321746134,31.642887788124217,31.72136065911135,31.47526397955731,31.301761929173765,31.4905559200757,33.306595993042,,32.44865302188114,31.858557042941793,
2026-06-04 03:15:08,2026-06-04 03:15:08,2026-06-04 03:20:08,31.49312284750915,30.819552568842347,30.62823825627457,30.650173527339575,30.672490951951215,30.655268884677344,30.992503670061907,30.6210915370754,33.306595993042,,30.490928312238054,31.13089279304313,
2026-06-04 03:15:08,2026-06-04 03:15:08,2026-06-04 03:20:08,31.49312284750915,30.819552568842347,30.62823825627457,30.650173527339575,30.672490951951215,30.655268884677344,30.992503670061907,30.6210915370754,33.306595993042,,30.490928312238054,31.13089279304313,
2026-06-04 03:17:54,2026-06-04 03:17:54,2026-06-04 03:22:54,32.15104010079874,31.45502024787029,31.43134409020255,31.722347959034927,31.601519226052847,31.572076233559507,31.220856454564625,31.503729559208185,32.8392860412598,,32.54109861913031,32.09977389180291,
2026-06-04 03:17:54,2026-06-04 03:17:54,2026-06-04 03:22:54,32.15104010079874,31.45502024787029,31.43134409020255,31.722347959034927,31.601519226052847,31.572076233559507,31.220856454564625,31.503729559208185,32.8392860412598,,32.54109861913031,32.09977389180291,
2026-06-04 03:20:09,2026-06-04 03:20:09,2026-06-04 03:25:09,31.650207440863078,30.94905363659497,30.647087740794166,30.68514302627907,30.71084405921263,30.706012162182954,30.926842199395193,30.597635489910807,32.8392860412598,,30.57033994672923,31.286725894995392,
2026-06-04 03:20:09,2026-06-04 03:20:09,2026-06-04 03:25:09,31.650207440863078,30.94905363659497,30.647087740794166,30.68514302627907,30.71084405921263,30.706012162182954,30.926842199395193,30.597635489910807,32.8392860412598,,30.57033994672923,31.286725894995392,
2026-06-04 03:22:54,2026-06-04 03:22:54,2026-06-04 03:27:54,31.799637031731827,31.57255687540554,31.499364041276735,31.58322415735756,31.751197788411726,31.559522385748416,31.32783017149594,31.683880724523203,32.684053421020515,,32.89525746209918,32.33388677156293,
2026-06-04 03:22:54,2026-06-04 03:22:54,2026-06-04 03:27:54,31.799637031731827,31.57255687540554,31.499364041276735,31.58322415735756,31.751197788411726,31.559522385748416,31.32783017149594,31.683880724523203,32.684053421020515,,32.89525746209918,32.33388677156293,
2026-06-04 03:27:56,2026-06-04 03:27:55,2026-06-04 03:32:55,31.98577946019902,31.614624278041703,31.3806421379352,31.642543232220287,31.59417507220103,31.681243840674103,31.40301360025016,31.68213136804295,33.35158920288087,,32.79412876799779,32.26857629088176,
2026-06-04 03:27:56,2026-06-04 03:27:55,2026-06-04 03:32:55,31.98577946019902,31.614624278041703,31.3806421379352,31.642543232220287,31.59417507220103,31.681243840674103,31.40301360025016,31.68213136804295,33.35158920288087,,32.79412876799779,32.26857629088176,
2026-06-04 03:30:10,2026-06-04 03:30:10,2026-06-04 03:35:10,31.716005844498497,31.02878960131712,30.62824056652926,30.633305767323225,30.64386072195597,30.740844595435412,31.09522951428683,30.732972267882335,33.35158920288087,,30.553004714945573,31.312876381778096,
2026-06-04 03:30:10,2026-06-04 03:30:10,2026-06-04 03:35:10,31.716005844498497,31.02878960131712,30.62824056652926,30.633305767323225,30.64386072195597,30.740844595435412,31.09522951428683,30.732972267882335,33.35158920288087,,30.553004714945573,31.312876381778096,
2026-06-04 03:32:56,2026-06-04 03:32:56,2026-06-04 03:37:56,31.398683040988903,31.391642657992485,31.36244198249656,31.525365509452563,31.565555794124784,31.488681582217517,31.289452078666617,31.608523382126734,32.88574409484863,,32.66400621429426,32.144147161529716,
2026-06-04 03:32:56,2026-06-04 03:32:56,2026-06-04 03:37:56,31.398683040988903,31.391642657992485,31.36244198249656,31.525365509452563,31.565555794124784,31.488681582217517,31.289452078666617,31.608523382126734,32.88574409484863,,32.66400621429426,32.144147161529716,
2026-06-04 03:35:11,2026-06-04 03:35:11,2026-06-04 03:40:11,31.378737888104894,30.882850583906244,30.619333206303615,30.626123267762786,30.712170030305966,30.657897559931897,30.975875840452623,30.643514788988156,32.88574409484863,,30.544055227471112,31.26952925671973,
2026-06-04 03:35:11,2026-06-04 03:35:11,2026-06-04 03:40:11,31.378737888104894,30.882850583906244,30.619333206303615,30.626123267762786,30.712170030305966,30.657897559931897,30.975875840452623,30.643514788988156,32.88574409484863,,30.544055227471112,31.26952925671973,
2026-06-04 03:37:57,2026-06-04 03:37:57,2026-06-04 03:42:57,31.8912868790379,31.570187643703843,31.5596686222366,31.66341436335534,31.750549174499163,31.538768135459957,31.30213587534193,31.606496095662497,33.22729187011717,,32.66327132234126,32.24656484881885,
2026-06-04 03:37:57,2026-06-04 03:37:57,2026-06-04 03:42:57,31.8912868790379,31.570187643703843,31.5596686222366,31.66341436335534,31.750549174499163,31.538768135459957,31.30213587534193,31.606496095662497,33.22729187011717,,32.66327132234126,32.24656484881885,
2026-06-04 03:42:57,2026-06-04 03:42:57,2026-06-04 03:47:57,31.79154262770646,31.353644936536867,31.38710293338112,31.53321297479811,31.706409591883432,31.41342983515669,31.244516703840297,31.43147175981292,31.95179138183592,,32.667614011740696,32.26857629088176,
2026-06-04 03:42:57,2026-06-04 03:42:57,2026-06-04 03:47:57,31.79154262770646,31.353644936536867,31.38710293338112,31.53321297479811,31.706409591883432,31.41342983515669,31.244516703840297,31.43147175981292,31.95179138183592,,32.667614011740696,32.26857629088176,
2026-06-04 03:45:13,2026-06-04 03:45:13,2026-06-04 03:50:13,31.457343372090154,30.882850583906244,30.632941703797545,30.63541406619261,30.706718762313677,30.63936746667058,30.959239426522423,30.60671617129381,31.95179138183592,,30.561672440795387,31.312876381778096,
2026-06-04 03:45:13,2026-06-04 03:45:13,2026-06-04 03:50:13,31.457343372090154,30.882850583906244,30.632941703797545,30.63541406619261,30.706718762313677,30.63936746667058,30.959239426522423,30.60671617129381,31.95179138183592,,30.561672440795387,31.312876381778096,
2026-06-04 03:47:58,2026-06-04 03:47:58,2026-06-04 03:52:58,31.574907325459783,31.39340626621808,31.231659994414446,31.256113900310336,31.753215724530833,31.399311342591503,31.29554466965477,31.431411442287175,31.231924438476597,,32.667614011740696,32.144147161529716,
2026-06-04 03:47:58,2026-06-04 03:47:58,2026-06-04 03:52:58,31.574907325459783,31.39340626621808,31.231659994414446,31.256113900310336,31.753215724530833,31.399311342591503,31.29554466965477,31.431411442287175,31.231924438476597,,32.667614011740696,32.144147161529716,
2026-06-04 03:52:58,2026-06-04 03:52:58,2026-06-04 03:57:58,31.41895528753117,31.368383636848744,31.46207384554618,31.176778364471836,31.650291968171345,31.42418560051651,31.244516703840297,31.443435698190374,31.143677902221697,,32.55559480002952,31.938771826096506,
2026-06-04 03:52:58,2026-06-04 03:52:58,2026-06-04 03:57:58,31.41895528753117,31.368383636848744,31.46207384554618,31.176778364471836,31.650291968171345,31.42418560051651,31.244516703840297,31.443435698190374,31.143677902221697,,32.55559480002952,31.938771826096506,
2026-06-04 03:55:15,2026-06-04 03:55:14,2026-06-04 04:00:14,31.356773766074465,30.885374506788658,30.665935274988716,30.493392156254394,30.67528953834538,30.64649613897889,30.959239426522423,30.624848881771772,31.143677902221697,,30.535104654306135,31.18713525767325,
2026-06-04 03:55:15,2026-06-04 03:55:14,2026-06-04 04:00:14,31.356773766074465,30.885374506788658,30.665935274988716,30.493392156254394,30.67528953834538,30.64649613897889,30.959239426522423,30.624848881771772,31.143677902221697,,30.535104654306135,31.18713525767325,
2026-06-04 03:57:59,2026-06-04 03:57:59,2026-06-04 04:02:59,31.722709602806233,31.37752341769956,31.15396877034285,31.25662916933173,31.60017064230756,31.337477014585033,31.38580109778449,31.397200933845394,30.86022815704348,,32.550552769051635,32.16547059253997,
2026-06-04 03:57:59,2026-06-04 03:57:59,2026-06-04 04:02:59,31.722709602806233,31.37752341769956,31.15396877034285,31.25662916933173,31.60017064230756,31.337477014585033,31.38580109778449,31.397200933845394,30.86022815704348,,32.550552769051635,32.16547059253997,
2026-06-04 04:00:15,2026-06-04 04:00:15,2026-06-04 04:05:15,31.34070952035874,30.88538722486498,30.544986321228258,30.541350264224935,30.71085547142177,30.605915313150106,31.08670380486426,30.60218568269626,30.86022815704348,,30.552730786959877,31.282441620309132,
2026-06-04 04:00:15,2026-06-04 04:00:15,2026-06-04 04:05:15,31.34070952035874,30.88538722486498,30.544986321228258,30.541350264224935,30.71085547142177,30.605915313150106,31.08670380486426,30.60218568269626,30.86022815704348,,30.552730786959877,31.282441620309132,
2026-06-04 04:03:01,2026-06-04 04:03:01,2026-06-04 04:08:01,31.79530944645274,31.37753392075773,31.394093870717338,31.525505252909618,31.692001279341103,31.52863979181582,31.518791274552896,31.29318772952494,32.948817062377934,,33.002982291339265,32.20950308190925,
2026-06-04 04:03:01,2026-06-04 04:03:01,2026-06-04 04:08:01,31.79530944645274,31.37753392075773,31.394093870717338,31.525505252909618,31.692001279341103,31.52863979181582,31.518791274552896,31.29318772952494,32.948817062377934,,33.002982291339265,32.20950308190925,
2026-06-04 04:05:16,2026-06-04 04:05:16,2026-06-04 04:10:16,31.58675742777182,30.88539458545872,30.63374124622285,30.632585247470505,30.742707554253315,30.688472161636607,31.19287815048259,30.543222706752097,32.948817062377934,,30.658998263792082,31.27384613545037,
2026-06-04 04:05:16,2026-06-04 04:05:16,2026-06-04 04:10:16,31.58675742777182,30.88539458545872,30.63374124622285,30.632585247470505,30.742707554253315,30.688472161636607,31.19287815048259,30.543222706752097,32.948817062377934,,30.658998263792082,31.27384613545037,
2026-06-04 04:08:02,2026-06-04 04:08:01,2026-06-04 04:13:01,31.58664281392961,31.436466186700066,31.134893938948363,31.30983953893737,31.729170586289875,31.3675038974527,31.2616014466626,31.305161149710464,33.74878559112549,,32.57521843536047,32.26843089043379,
2026-06-04 04:08:02,2026-06-04 04:08:01,2026-06-04 04:13:01,31.58664281392961,31.436466186700066,31.134893938948363,31.30983953893737,31.729170586289875,31.3675038974527,31.2616014466626,31.305161149710464,33.74878559112549,,32.57521843536047,32.26843089043379,
2026-06-04 04:13:02,2026-06-04 04:13:02,2026-06-04 04:18:02,31.801164617122144,31.450163063340977,31.24962622230319,31.416240258944192,31.333915754216022,31.558823394042086,31.13640749850338,31.213225639816024,33.0615779876709,,32.537535804262326,32.063415059488264,
2026-06-04 04:13:02,2026-06-04 04:13:02,2026-06-04 04:18:02,31.801164617122144,31.450163063340977,31.24962622230319,31.416240258944192,31.333915754216022,31.558823394042086,31.13640749850338,31.213225639816024,33.0615779876709,,32.537535804262326,32.063415059488264,
2026-06-04 04:15:16,2026-06-04 04:15:16,2026-06-04 04:20:16,31.62654472458325,30.933201073330725,30.578232279363046,30.558959421465996,30.519557941764834,30.688473072251046,30.856982862224935,30.53868280766211,33.0615779876709,,30.55272603908923,31.226199507505125,
2026-06-04 04:15:16,2026-06-04 04:15:16,2026-06-04 04:20:16,31.62654472458325,30.933201073330725,30.578232279363046,30.558959421465996,30.519557941764834,30.688473072251046,30.856982862224935,30.53868280766211,33.0615779876709,,30.55272603908923,31.226199507505125,
2026-06-04 04:18:03,2026-06-04 04:18:03,2026-06-04 04:23:03,31.946071444071833,31.459789212696407,31.316752920162195,31.56653922561277,31.54500364141444,31.47597219262286,31.15822178384851,31.397735873343667,32.153706741333,,32.77894530540596,32.14382184556273,
2026-06-04 04:18:03,2026-06-04 04:18:03,2026-06-04 04:23:03,31.946071444071833,31.459789212696407,31.316752920162195,31.56653922561277,31.54500364141444,31.47597219262286,31.15822178384851,31.397735873343667,32.153706741333,,32.77894530540596,32.14382184556273,
2026-06-04 04:23:03,2026-06-04 04:23:03,2026-06-04 04:28:03,31.796205406165704,31.459789212696407,31.135784589575763,31.249044859128908,31.478090590405007,31.545053939938914,31.231378090459646,31.35154076878755,31.567827224731435,,32.453046048379264,31.98246633687834,
2026-06-04 04:23:03,2026-06-04 04:23:03,2026-06-04 04:28:03,31.796205406165704,31.459789212696407,31.135784589575763,31.249044859128908,31.478090590405007,31.545053939938914,31.231378090459646,31.35154076878755,31.567827224731435,,32.453046048379264,31.98246633687834,
2026-06-04 04:25:17,2026-06-04 04:25:17,2026-06-04 04:30:17,31.896723933306454,30.933201073330725,30.536083919668954,30.57148881785305,30.581016769787663,30.67997276296418,30.96523114847499,30.602190625678972,31.567827224731435,,30.490923612980126,31.18715146278845,
2026-06-04 04:25:17,2026-06-04 04:25:17,2026-06-04 04:30:17,31.896723933306454,30.933201073330725,30.536083919668954,30.57148881785305,30.581016769787663,30.67997276296418,30.96523114847499,30.602190625678972,31.567827224731435,,30.490923612980126,31.18715146278845,
2026-06-04 04:28:03,2026-06-04 04:28:03,2026-06-04 04:33:03,32.062216426320425,31.400861604226506,31.311872735916335,31.591195453182976,31.614878121579554,31.428151449438168,31.306909419359876,31.466319580881624,32.92829818725584,,32.54114360170876,32.06287258210456,
2026-06-04 04:28:03,2026-06-04 04:28:03,2026-06-04 04:33:03,32.062216426320425,31.400861604226506,31.311872735916335,31.591195453182976,31.614878121579554,31.428151449438168,31.306909419359876,31.466319580881624,32.92829818725584,,32.54114360170876,32.06287258210456,
2026-06-04 04:33:03,2026-06-04 04:33:03,2026-06-04 04:38:03,31.844268647602355,31.44609328216089,31.466995111331496,31.504155964844603,31.822325957882008,31.50782043602931,31.338662382811876,31.45492934723471,33.62120056152346,,32.67126878309422,32.31190914711236,
2026-06-04 04:33:03,2026-06-04 04:33:03,2026-06-04 04:38:03,31.844268647602355,31.44609328216089,31.466995111331496,31.504155964844603,31.822325957882008,31.50782043602931,31.338662382811876,31.45492934723471,33.62120056152346,,32.67126878309422,32.31190914711236,
2026-06-04 04:35:18,2026-06-04 04:35:18,2026-06-04 04:40:18,31.967505014840913,30.9223670981559,30.67485767191063,30.6421191478455,30.773082619278366,30.67119546419352,31.038123372081685,30.629404017539933,33.62120056152346,,30.579293825578482,31.321490958849278,
2026-06-04 04:35:18,2026-06-04 04:35:18,2026-06-04 04:40:18,31.967505014840913,30.9223670981559,30.67485767191063,30.6421191478455,30.773082619278366,30.67119546419352,31.038123372081685,30.629404017539933,33.62120056152346,,30.579293825578482,31.321490958849278,
2026-06-04 04:38:04,2026-06-04 04:38:03,2026-06-04 04:43:03,31.789778206912363,31.167932281224864,31.442928839498528,31.606715826060167,31.651703020151093,31.413472156350313,31.345253588499034,31.362356697060907,32.10465888977051,,32.559984694812,32.085245674275555,
2026-06-04 04:38:04,2026-06-04 04:38:03,2026-06-04 04:43:03,31.789778206912363,31.167932281224864,31.442928839498528,31.606715826060167,31.651703020151093,31.413472156350313,31.345253588499034,31.362356697060907,32.10465888977051,,32.559984694812,32.085245674275555,
2026-06-04 04:43:04,2026-06-04 04:43:04,2026-06-04 04:48:04,31.567396555050944,31.16778789965612,31.443818637983558,31.54591901822197,31.659428170460632,31.345119926007403,31.39037348747329,31.634400640662363,31.689574623107912,,32.6625832975875,32.04122333099798,
2026-06-04 04:43:04,2026-06-04 04:43:04,2026-06-04 04:48:04,31.567396555050944,31.16778789965612,31.443818637983558,31.54591901822197,31.659428170460632,31.345119926007403,31.39037348747329,31.634400640662363,31.689574623107912,,32.6625832975875,32.04122333099798,
2026-06-04 04:45:18,2026-06-04 04:45:18,2026-06-04 04:50:18,31.60955878453339,30.739264560267596,30.651556428725076,30.626134839246276,30.74403340497734,30.597144672960262,31.078617373549193,30.704987614070966,31.689574623107912,,30.579293825578482,31.23479777382481,
2026-06-04 04:45:18,2026-06-04 04:45:18,2026-06-04 04:50:18,31.60955878453339,30.739264560267596,30.651556428725076,30.626134839246276,30.74403340497734,30.597144672960262,31.078617373549193,30.704987614070966,31.689574623107912,,30.579293825578482,31.23479777382481,
2026-06-04 04:48:05,2026-06-04 04:48:04,2026-06-04 04:53:04,31.905501751185653,31.596771759704957,31.57879965769972,31.663455793480146,31.72852203125733,31.294022373956768,31.32564061739407,31.58633296472229,31.212390136718764,,32.67200390652318,32.08488402416747,
2026-06-04 04:48:05,2026-06-04 04:48:04,2026-06-04 04:53:04,31.905501751185653,31.596771759704957,31.57879965769972,31.663455793480146,31.72852203125733,31.294022373956768,31.32564061739407,31.58633296472229,31.212390136718764,,32.67200390652318,32.08488402416747,
2026-06-04 04:53:05,2026-06-04 04:53:05,2026-06-04 04:58:05,31.94949852540914,31.41868905095631,31.462745263339897,31.472489922392338,31.502297007281495,31.442071532975422,31.326358142479766,31.399279075151714,32.76908931732176,,32.66771891186673,32.084936964577466,
2026-06-04 04:53:05,2026-06-04 04:53:05,2026-06-04 04:58:05,31.94949852540914,31.41868905095631,31.462745263339897,31.472489922392338,31.502297007281495,31.442071532975422,31.326358142479766,31.399279075151714,32.76908931732176,,32.66771891186673,32.084936964577466,
2026-06-04 04:55:19,2026-06-04 04:55:19,2026-06-04 05:00:19,31.774186387955748,30.93958316242156,30.660725672169978,30.619449827840402,30.613861509246753,30.6624308556752,31.021506858390552,30.55711058857062,32.76908931732176,,30.56168988823509,31.2348201407624,
2026-06-04 04:55:19,2026-06-04 04:55:19,2026-06-04 05:00:19,31.774186387955748,30.93958316242156,30.660725672169978,30.619449827840402,30.613861509246753,30.6624308556752,31.021506858390552,30.55711058857062,32.76908931732176,,30.56168988823509,31.2348201407624,
2026-06-04 04:58:06,2026-06-04 04:58:05,2026-06-04 05:03:05,32.03418767065172,31.36987933166399,31.24417327889011,31.491941245402117,31.474248300697457,31.29036530957113,31.122592321892135,31.49040532330837,33.65816230773924,,32.44368310857483,31.982338543318843,
2026-06-04 04:58:06,2026-06-04 04:58:05,2026-06-04 05:03:05,32.03418767065172,31.36987933166399,31.24417327889011,31.491941245402117,31.474248300697457,31.29036530957113,31.122592321892135,31.49040532330837,33.65816230773924,,32.44368310857483,31.982338543318843,
2026-06-04 05:03:06,2026-06-04 05:03:06,2026-06-04 05:08:06,31.88866191230327,31.252953264949674,31.468820515652848,31.550869182950287,31.95233529822669,31.521636913680954,31.135251866364694,31.467002073892544,33.04126853942875,,32.76958012473666,32.1873409596937,
2026-06-04 05:03:06,2026-06-04 05:03:06,2026-06-04 05:08:06,31.88866191230327,31.252953264949674,31.468820515652848,31.550869182950287,31.95233529822669,31.521636913680954,31.135251866364694,31.467002073892544,33.04126853942875,,32.76958012473666,32.1873409596937,
2026-06-04 05:05:20,2026-06-04 05:05:20,2026-06-04 05:10:20,32.09407985684888,30.80510466689437,30.665967019125286,30.624528501114998,30.909924664983553,30.67971313063174,30.879613512568596,30.65663423399812,33.04126853942875,,30.62348322371147,31.282463168344275,
2026-06-04 05:05:20,2026-06-04 05:05:20,2026-06-04 05:10:20,32.09407985684888,30.80510466689437,30.665967019125286,30.624528501114998,30.909924664983553,30.67971313063174,30.879613512568596,30.65663423399812,33.04126853942875,,30.62348322371147,31.282463168344275,
2026-06-04 05:08:06,2026-06-04 05:08:06,2026-06-04 05:13:06,31.953520102883463,31.460365634973574,31.644030155428645,31.694086784794003,32.08885717858283,31.572820384071015,31.264048527081837,31.66880225341931,33.10332984924314,,32.90551824237948,32.41473025371859,
2026-06-04 05:08:06,2026-06-04 05:08:06,2026-06-04 05:13:06,31.953520102883463,31.460365634973574,31.644030155428645,31.694086784794003,32.08885717858283,31.572820384071015,31.264048527081837,31.66880225341931,33.10332984924314,,32.90551824237948,32.41473025371859,
2026-06-04 05:10:21,2026-06-04 05:10:21,2026-06-04 05:15:21,31.89905178285388,30.93883463999128,30.74237540557476,30.67587665653662,30.83385020132274,30.724087599998644,31.00575422073725,30.71862584309472,33.10332984924314,,30.597198504453353,31.360559152141327,
2026-06-04 05:10:21,2026-06-04 05:10:21,2026-06-04 05:15:21,31.89905178285388,30.93883463999128,30.74237540557476,30.67587665653662,30.83385020132274,30.724087599998644,31.00575422073725,30.71862584309472,33.10332984924314,,30.597198504453353,31.360559152141327,
2026-06-04 05:13:06,2026-06-04 05:13:06,2026-06-04 05:18:06,32.29862574617829,31.740297106257387,31.482535932562623,31.750805606770584,32.02058000537384,31.87601843368282,31.512938952861987,31.654904374126563,32.404618835449234,,32.89756777359388,32.37143121510033,
2026-06-04 05:13:06,2026-06-04 05:13:06,2026-06-04 05:18:06,32.29862574617829,31.740297106257387,31.482535932562623,31.750805606770584,32.02058000537384,31.87601843368282,31.512938952861987,31.654904374126563,32.404618835449234,,32.89756777359388,32.37143121510033,
2026-06-04 05:18:07,2026-06-04 05:18:07,2026-06-04 05:23:07,31.97440669350594,31.47900748925713,31.320112326435826,31.60496325952367,31.900741608114533,31.91055708768833,31.402204555617566,31.457003872935648,32.125168609619145,,32.78120576577542,32.0199769628034,
2026-06-04 05:18:07,2026-06-04 05:18:07,2026-06-04 05:23:07,31.97440669350594,31.47900748925713,31.320112326435826,31.60496325952367,31.900741608114533,31.91055708768833,31.402204555617566,31.457003872935648,32.125168609619145,,32.78120576577542,32.0199769628034,
2026-06-04 05:20:22,2026-06-04 05:20:22,2026-06-04 05:25:22,31.644206602362654,30.950422727882856,30.596063707254636,30.644729293309805,30.77029974115746,30.83931198062868,31.064201698328628,30.58432633563966,32.125168609619145,,30.553013071752552,31.22192047010251,
2026-06-04 05:20:22,2026-06-04 05:20:22,2026-06-04 05:25:22,31.644206602362654,30.950422727882856,30.596063707254636,30.644729293309805,30.77029974115746,30.83931198062868,31.064201698328628,30.58432633563966,32.125168609619145,,30.553013071752552,31.22192047010251,
2026-06-04 05:23:07,2026-06-04 05:23:07,2026-06-04 05:28:07,31.860718460946078,31.553191820405093,31.699452517399504,31.46024106072464,31.76847351580945,31.892343539735872,31.39126854186082,31.742312896865457,32.80826301574709,,32.77612795294702,32.224628993577284,
2026-06-04 05:23:07,2026-06-04 05:23:07,2026-06-04 05:28:07,31.860718460946078,31.553191820405093,31.699452517399504,31.46024106072464,31.76847351580945,31.892343539735872,31.39126854186082,31.742312896865457,32.80826301574709,,32.77612795294702,32.224628993577284,
2026-06-04 05:25:23,2026-06-04 05:25:23,2026-06-04 05:30:23,31.518602676217768,30.959362038799423,30.758310449497916,30.58537747749985,30.73992372340969,30.803991913343033,31.06201003041374,30.733729705238755,32.80826301574709,,30.5706307179641,31.32151110742465,
2026-06-04 05:25:23,2026-06-04 05:25:23,2026-06-04 05:30:23,31.518602676217768,30.959362038799423,30.758310449497916,30.58537747749985,30.73992372340969,30.803991913343033,31.06201003041374,30.733729705238755,32.80826301574709,,30.5706307179641,31.32151110742465,
2026-06-04 05:28:07,2026-06-04 05:28:07,2026-06-04 05:33:07,31.837400908051436,31.581753182415852,31.690051989022756,31.56394655473749,31.84905644225368,31.91114876737387,31.499570908660985,31.720292434322225,33.33611412048339,,33.00450917247666,32.598277495336404,
2026-06-04 05:28:07,2026-06-04 05:28:07,2026-06-04 05:33:07,31.837400908051436,31.581753182415852,31.690051989022756,31.56394655473749,31.84905644225368,31.91114876737387,31.499570908660985,31.720292434322225,33.33611412048339,,33.00450917247666,32.598277495336404,
2026-06-04 05:33:08,2026-06-04 05:33:08,2026-06-04 05:38:08,31.87879608952646,31.555774914590383,31.64526689946109,31.609400297875748,31.862170794197013,31.635381018326942,31.473529113283405,31.620700763262043,33.83291053771973,,32.790626374711096,32.24736374029952,
2026-06-04 05:33:08,2026-06-04 05:33:08,2026-06-04 05:38:08,31.87879608952646,31.555774914590383,31.64526689946109,31.609400297875748,31.862170794197013,31.635381018326942,31.473529113283405,31.620700763262043,33.83291053771973,,32.790626374711096,32.24736374029952,
2026-06-04 05:35:23,2026-06-04 05:35:23,2026-06-04 05:40:23,31.880974333299946,30.991863698119786,30.722480847112234,30.659004330793,30.77169939546246,30.701143787803602,31.128555277357354,30.648338580346497,33.83291053771973,,30.535395425541004,31.300015283171,
2026-06-04 05:35:23,2026-06-04 05:35:23,2026-06-04 05:40:23,31.880974333299946,30.991863698119786,30.722480847112234,30.659004330793,30.77169939546246,30.701143787803602,31.128555277357354,30.648338580346497,33.83291053771973,,30.535395425541004,31.300015283171,
2026-06-04 05:38:08,2026-06-04 05:38:08,2026-06-04 05:43:08,32.22595599807693,31.433850016470032,31.625116303959985,31.553812517039525,31.65243596572594,31.648832336902114,31.43569466282831,31.691609480867886,32.823789978027335,,32.6597686975786,31.976134905953188,
2026-06-04 05:38:08,2026-06-04 05:38:08,2026-06-04 05:43:08,32.22595599807693,31.433850016470032,31.625116303959985,31.553812517039525,31.65243596572594,31.648832336902114,31.43569466282831,31.691609480867886,32.823789978027335,,32.6597686975786,31.976134905953188,
2026-06-04 05:43:09,2026-06-04 05:43:09,2026-06-04 05:48:09,32.13323581515549,31.51468745950972,31.76355367134454,31.74932787379511,31.896415201108486,31.616858453700328,31.557874327688303,31.619976139817346,33.61556358337403,,32.887412272705205,32.34905812292933,
2026-06-04 05:43:09,2026-06-04 05:43:09,2026-06-04 05:48:09,32.13323581515549,31.51468745950972,31.76355367134454,31.74932787379511,31.896415201108486,31.616858453700328,31.557874327688303,31.619976139817346,33.61556358337403,,32.887412272705205,32.34905812292933,
2026-06-04 05:45:24,2026-06-04 05:45:23,2026-06-04 05:50:23,31.97715605729938,30.959362038799423,30.77637265598285,30.66707484749784,30.87674937301701,30.724087599998644,31.216766852700577,30.694692836528912,33.61556358337403,,30.614815717777628,31.36485823248302,
2026-06-04 05:45:24,2026-06-04 05:45:23,2026-06-04 05:50:23,31.97715605729938,30.959362038799423,30.77637265598285,30.66707484749784,30.87674937301701,30.724087599998644,31.216766852700577,30.694692836528912,33.61556358337403,,30.614815717777628,31.36485823248302,
2026-06-04 05:48:10,2026-06-04 05:48:10,2026-06-04 05:53:10,32.126525031383096,31.46389941339999,31.717062019375483,31.541147903740473,31.933871235070914,31.427085714234337,31.366049543528195,31.43289368704318,32.435665512085,,32.565855580309815,31.982869756195434,
2026-06-04 05:48:10,2026-06-04 05:48:10,2026-06-04 05:53:10,32.126525031383096,31.46389941339999,31.717062019375483,31.541147903740473,31.933871235070914,31.427085714234337,31.366049543528195,31.43289368704318,32.435665512085,,32.565855580309815,31.982869756195434,
2026-06-04 05:50:24,2026-06-04 05:50:24,2026-06-04 05:55:24,31.849201707723616,30.94405854126837,30.756478701866875,30.644729293309805,30.768900086852454,30.623981788110395,31.025838017453346,30.58432633563966,32.435665512085,,30.499878151577295,31.178573345044143,
2026-06-04 05:50:24,2026-06-04 05:50:24,2026-06-04 05:55:24,31.849201707723616,30.94405854126837,30.756478701866875,30.644729293309805,30.768900086852454,30.623981788110395,31.025838017453346,30.58432633563966,32.435665512085,,30.499878151577295,31.178573345044143,
2026-06-04 05:53:12,2026-06-04 05:53:12,2026-06-04 05:58:12,32.25167402494853,31.587309550591197,31.434720288528275,31.706805104090755,32.00609779511895,31.616117140800377,31.321981432108245,31.44416145335745,30.922387695312523,,32.87799166376953,32.01925365814407,
2026-06-04 05:53:12,2026-06-04 05:53:12,2026-06-04 05:58:12,32.25167402494853,31.587309550591197,31.434720288528275,31.706805104090755,32.00609779511895,31.616117140800377,31.321981432108245,31.44416145335745,30.922387695312523,,32.87799166376953,32.01925365814407,
2026-06-04 05:55:25,2026-06-04 05:55:25,2026-06-04 06:00:25,31.663922459218718,31.007166553420934,30.6376745852024,30.650202521754217,30.872624076118058,30.71454545005739,31.00575422073725,30.59312641598126,30.922387695312523,,30.632433363989175,31.239117108378174,
2026-06-04 05:55:25,2026-06-04 05:55:25,2026-06-04 06:00:25,31.663922459218718,31.007166553420934,30.6376745852024,30.650202521754217,30.872624076118058,30.71454545005739,31.00575422073725,30.59312641598126,30.922387695312523,,30.632433363989175,31.239117108378174,
2026-06-04 05:58:12,2026-06-04 05:58:12,2026-06-04 06:03:12,31.747088275484522,31.664002534250812,31.58713538188265,31.594097246233122,31.935889171190016,31.610446162418555,31.332456030928718,31.47839230753946,31.464129829406733,,32.794234047389416,32.311950916321365,
2026-06-04 05:58:12,2026-06-04 05:58:12,2026-06-04 06:03:12,31.747088275484522,31.664002534250812,31.58713538188265,31.594097246233122,31.935889171190016,31.610446162418555,31.332456030928718,31.47839230753946,31.464129829406733,,32.794234047389416,32.311950916321365,
2026-06-04 06:03:14,2026-06-04 06:03:13,2026-06-04 06:08:13,31.945280852949956,31.461241541015177,31.670470864479604,31.628413498101477,31.709922903233135,31.60528123456838,31.214678647873864,31.4664279170153,31.4003932952881,,32.77612795294702,32.08528744348457,
2026-06-04 06:03:14,2026-06-04 06:03:13,2026-06-04 06:08:13,31.945280852949956,31.461241541015177,31.670470864479604,31.628413498101477,31.709922903233135,31.60528123456838,31.214678647873864,31.4664279170153,31.4003932952881,,32.77612795294702,32.08528744348457,
2026-06-04 06:05:25,2026-06-04 06:05:25,2026-06-04 06:10:25,31.407501774877087,30.9287547775332,30.74707654284304,30.642132005049376,30.70674843144315,30.698032579343653,30.92092958714043,30.633960859356826,31.4003932952881,,30.5706307179641,31.226219656080502,
2026-06-04 06:05:25,2026-06-04 06:05:25,2026-06-04 06:10:25,31.407501774877087,30.9287547775332,30.74707654284304,30.642132005049376,30.70674843144315,30.698032579343653,30.92092958714043,30.633960859356826,31.4003932952881,,30.5706307179641,31.226219656080502,
2026-06-04 06:08:14,2026-06-04 06:08:14,2026-06-04 06:13:14,31.870164008749207,31.24860656253879,31.420660400505916,31.670936267805832,31.753305768215633,31.51260600121884,31.183583757174194,31.558366396436504,33.479102516174336,,32.66845428979317,32.246459608364574,
2026-06-04 06:08:14,2026-06-04 06:08:14,2026-06-04 06:13:14,31.870164008749207,31.24860656253879,31.420660400505916,31.670936267805832,31.753305768215633,31.51260600121884,31.183583757174194,31.558366396436504,33.479102516174336,,32.66845428979317,32.246459608364574,
2026-06-04 06:13:15,2026-06-04 06:13:15,2026-06-04 06:18:15,31.793972585241026,31.1712060521263,31.100999584008388,31.678815270036864,31.706528745239208,31.586880808835414,31.366801235235116,31.43159236657953,33.35339393615724,,32.5514124390225,32.08533786292266,
2026-06-04 06:13:15,2026-06-04 06:13:15,2026-06-04 06:18:15,31.793972585241026,31.1712060521263,31.100999584008388,31.678815270036864,31.706528745239208,31.586880808835414,31.366801235235116,31.43159236657953,33.35339393615724,,32.5514124390225,32.08533786292266,
2026-06-04 06:15:26,2026-06-04 06:15:26,2026-06-04 06:20:26,31.420761923815782,30.74956985456392,30.508360129874674,30.668303420699427,30.70676473459906,30.706057944849668,31.086764113935242,30.606761583973075,33.35339393615724,,30.53512606717803,31.226240957925828,
2026-06-04 06:15:26,2026-06-04 06:15:26,2026-06-04 06:20:26,31.420761923815782,30.74956985456392,30.508360129874674,30.668303420699427,30.70676473459906,30.706057944849668,31.086764113935242,30.606761583973075,33.35339393615724,,30.53512606717803,31.226240957925828,
2026-06-04 06:18:15,2026-06-04 06:18:15,2026-06-04 06:23:15,32.17964771348416,31.42918733031564,31.092811926301376,31.636296356770345,31.75335282317141,31.559651139409116,31.338387059091,31.489244406081326,32.09430656433105,,32.88673744608941,32.24651263763755,
2026-06-04 06:18:15,2026-06-04 06:18:15,2026-06-04 06:23:15,32.17964771348416,31.42918733031564,31.092811926301376,31.636296356770345,31.75335282317141,31.559651139409116,31.338387059091,31.489244406081326,32.09430656433105,,32.88673744608941,32.24651263763755,
2026-06-04 06:20:27,2026-06-04 06:20:27,2026-06-04 06:25:27,32.07762280867183,30.928594366798997,30.518302556341897,30.651435660683077,30.775913939317533,30.698049936495007,31.03095735502821,30.624896649659117,32.09430656433105,,30.632438415111885,31.321531361636325,
2026-06-04 06:20:27,2026-06-04 06:20:27,2026-06-04 06:25:27,32.07762280867183,30.928594366798997,30.518302556341897,30.651435660683077,30.775913939317533,30.698049936495007,31.03095735502821,30.624896649659117,32.09430656433105,,30.632438415111885,31.321531361636325,
2026-06-04 06:23:15,2026-06-04 06:23:15,2026-06-04 06:28:15,31.916836257231996,31.495509029909545,31.14751198101088,31.567662723735285,31.53819488358679,31.62413348575485,31.37812424068207,31.28190479215287,31.845926284790046,,32.68227312310252,32.18792574269152,
2026-06-04 06:23:15,2026-06-04 06:23:15,2026-06-04 06:28:15,31.916836257231996,31.495509029909545,31.14751198101088,31.567662723735285,31.53819488358679,31.62413348575485,31.37812424068207,31.28190479215287,31.845926284790046,,32.68227312310252,32.18792574269152,
2026-06-04 06:28:16,2026-06-04 06:28:15,2026-06-04 06:33:15,32.24820970715366,31.483192131634347,31.373319763396832,31.59937345215051,31.590333578651293,31.520104499714858,31.276379717192704,31.09727273129789,30.576106262207038,,32.659089109123876,32.04148517127656,
2026-06-04 06:28:16,2026-06-04 06:28:15,2026-06-04 06:33:15,32.24820970715366,31.483192131634347,31.373319763396832,31.59937345215051,31.590333578651293,31.520104499714858,31.276379717192704,31.09727273129789,30.576106262207038,,32.659089109123876,32.04148517127656,
2026-06-04 06:30:28,2026-06-04 06:30:28,2026-06-04 06:35:28,31.86157649148384,30.944082034031187,30.638228832145394,30.633343053214475,30.746716595022225,30.673366232716592,30.975957260222728,30.45253455837454,30.576106262207038,,30.561685195921832,31.2305379255416,
2026-06-04 06:30:28,2026-06-04 06:30:28,2026-06-04 06:35:28,31.86157649148384,30.944082034031187,30.638228832145394,30.633343053214475,30.746716595022225,30.673366232716592,30.975957260222728,30.45253455837454,30.576106262207038,,30.561685195921832,31.2305379255416,
2026-06-04 06:33:16,2026-06-04 06:33:16,2026-06-04 06:38:16,31.907273706803853,31.298917005805823,31.486176443933314,31.586295814359584,31.668084308372997,31.43668121479167,31.25712491758933,31.398345157494063,32.31726493835452,,32.891813124760795,32.26833198791773,
2026-06-04 06:33:16,2026-06-04 06:33:16,2026-06-04 06:38:16,31.907273706803853,31.298917005805823,31.486176443933314,31.586295814359584,31.668084308372997,31.43668121479167,31.25712491758933,31.398345157494063,32.31726493835452,,32.891813124760795,32.26833198791773,
2026-06-04 06:38:16,2026-06-04 06:38:16,2026-06-04 06:43:16,32.36905023722599,31.30547034143583,31.449680074220694,31.48521506574992,31.5780803400713,31.384768227428463,31.26186430818991,31.470890372831867,32.61468963623048,,32.78994953870641,32.18792574269152,
2026-06-04 06:38:16,2026-06-04 06:38:16,2026-06-04 06:43:16,32.36905023722599,31.30547034143583,31.449680074220694,31.48521506574992,31.5780803400713,31.384768227428463,31.26186430818991,31.470890372831867,32.61468963623048,,32.78994953870641,32.18792574269152,
2026-06-04 06:40:29,2026-06-04 06:40:28,2026-06-04 06:45:28,32.077384775220324,30.82988965478991,30.656043552596685,30.61017645234173,30.678134131416147,30.621863091041376,30.981048113237613,30.689916695297512,32.61468963623048,,30.55301768998799,31.269585864621977,
2026-06-04 06:40:29,2026-06-04 06:40:28,2026-06-04 06:45:28,32.077384775220324,30.82988965478991,30.656043552596685,30.61017645234173,30.678134131416147,30.621863091041376,30.981048113237613,30.689916695297512,32.61468963623048,,30.55301768998799,31.269585864621977,
2026-06-04 06:43:16,2026-06-04 06:43:16,2026-06-04 06:48:16,31.89741573854254,31.290580214335566,31.73102016373267,31.65611351598143,31.486683867158217,31.53580242979461,31.358350623620595,31.642865090957027,32.91211433410645,,32.776186133663444,32.14408368584131,
2026-06-04 06:43:16,2026-06-04 06:43:16,2026-06-04 06:48:16,31.89741573854254,31.290580214335566,31.73102016373267,31.65611351598143,31.486683867158217,31.53580242979461,31.358350623620595,31.642865090957027,32.91211433410645,,32.776186133663444,32.14408368584131,
2026-06-04 06:45:29,2026-06-04 06:45:29,2026-06-04 06:50:29,32.017987698437835,30.84015328764295,30.767235237023144,30.6414136840625,30.648031303315694,30.697285199151214,31.06203810619654,30.6947093082142,32.91211433410645,,30.570635336199537,31.27388505059997,
2026-06-04 06:45:29,2026-06-04 06:45:29,2026-06-04 06:50:29,32.017987698437835,30.84015328764295,30.767235237023144,30.6414136840625,30.648031303315694,30.697285199151214,31.06203810619654,30.6947093082142,32.91211433410645,,30.570635336199537,31.27388505059997,
2026-06-04 06:48:17,2026-06-04 06:48:17,2026-06-04 06:53:17,32.10451047166127,31.532308586790304,31.48904228779524,31.766154691885212,31.741381101525146,31.4907457231734,31.276379717192704,31.72788839602044,33.20953903198244,,32.78052892977073,32.26851281519335,
2026-06-04 06:48:17,2026-06-04 06:48:17,2026-06-04 06:53:17,32.10451047166127,31.532308586790304,31.48904228779524,31.766154691885212,31.741381101525146,31.4907457231734,31.276379717192704,31.72788839602044,33.20953903198244,,32.78052892977073,32.26851281519335,
2026-06-04 06:53:19,2026-06-04 06:53:19,2026-06-04 06:58:19,31.911999559788207,31.297937058250323,31.39609445899562,31.780350744157438,31.978707728687933,31.71688815666531,31.30224592524233,31.50273558054198,32.06314086914063,,32.66850971805955,32.16609512790422,
2026-06-04 06:53:19,2026-06-04 06:53:19,2026-06-04 06:58:19,31.911999559788207,31.297937058250323,31.39609445899562,31.780350744157438,31.978707728687933,31.71688815666531,31.30224592524233,31.50273558054198,32.06314086914063,,32.66850971805955,32.16609512790422,
2026-06-04 06:55:31,2026-06-04 06:55:31,2026-06-04 07:00:31,31.59259542284925,30.847893851136767,30.623835309115126,30.703761909029968,30.83806556033561,30.758172539231857,31.005782296520042,30.616349165014537,32.06314086914063,,30.544067549710284,31.269585864621977,
2026-06-04 06:55:31,2026-06-04 06:55:31,2026-06-04 07:00:31,31.59259542284925,30.847893851136767,30.623835309115126,30.703761909029968,30.83806556033561,30.758172539231857,31.005782296520042,30.616349165014537,32.06314086914063,,30.544067549710284,31.269585864621977,
2026-06-04 06:58:20,2026-06-04 06:58:19,2026-06-04 07:03:19,31.60136623247747,31.43947640400913,31.42481989000154,31.50506810431072,31.781634717769393,31.662798447768168,31.11638920908986,31.537476626205684,32.76176834106447,,32.55141269351998,32.04148517127656,
2026-06-04 06:58:20,2026-06-04 06:58:19,2026-06-04 07:03:19,31.60136623247747,31.43947640400913,31.42481989000154,31.50506810431072,31.781634717769393,31.662798447768168,31.11638920908986,31.537476626205684,32.76176834106447,,32.55141269351998,32.04148517127656,
2026-06-04 07:03:20,2026-06-04 07:03:20,2026-06-04 07:08:20,31.450804915403552,31.5498602177596,31.57223100759736,31.50621511673844,31.695487203949916,31.620823268428985,31.268278047688753,31.634558195905864,32.54441757202148,,32.77471610022123,32.16573347335299,
2026-06-04 07:03:20,2026-06-04 07:03:20,2026-06-04 07:08:20,31.450804915403552,31.5498602177596,31.57223100759736,31.50621511673844,31.695487203949916,31.620823268428985,31.268278047688753,31.634558195905864,32.54441757202148,,32.77471610022123,32.16573347335299,
2026-06-04 07:05:31,2026-06-04 07:05:31,2026-06-04 07:10:31,31.328760013630575,31.007190954617773,30.708641571024963,30.583771139368572,30.742738647350993,30.698049936495007,30.9989952621856,30.71410194464841,32.54441757202148,,30.605870628622633,31.278184236577957,
2026-06-04 07:05:31,2026-06-04 07:05:31,2026-06-04 07:10:31,31.328760013630575,31.007190954617773,30.708641571024963,30.583771139368572,30.742738647350993,30.698049936495007,30.9989952621856,30.71410194464841,32.54441757202148,,30.605870628622633,31.278184236577957,
2026-06-04 07:08:21,2026-06-04 07:08:21,2026-06-04 07:13:21,31.783640959500616,31.605117129754234,31.60444186057555,31.658751954325,31.847735975355175,31.512653024767307,31.47463292703659,31.513490583084458,32.823868560791055,,32.90123373369647,32.290343429980645,
2026-06-04 07:08:21,2026-06-04 07:08:21,2026-06-04 07:13:21,31.783640959500616,31.605117129754234,31.60444186057555,31.658751954325,31.847735975355175,31.512653024767307,31.47463292703659,31.513490583084458,32.823868560791055,,32.90123373369647,32.290343429980645,
2026-06-04 07:10:32,2026-06-04 07:10:32,2026-06-04 07:15:32,31.670790455143432,31.02885890496743,30.71779641728425,30.65828600980612,30.807689576979072,30.664101186085936,31.176300927015863,30.6435625568755,32.823868560791055,,30.59720312268879,31.317232175658337,
2026-06-04 07:10:32,2026-06-04 07:10:32,2026-06-04 07:15:32,31.670790455143432,31.02885890496743,30.71779641728425,30.65828600980612,30.807689576979072,30.664101186085936,31.176300927015863,30.6435625568755,32.823868560791055,,30.59720312268879,31.317232175658337,
2026-06-04 07:13:21,2026-06-04 07:13:21,2026-06-04 07:18:21,31.788524582610734,31.22428342940918,31.26977329034114,31.459886105155533,31.921454352348178,31.52965297672372,31.51868869595721,31.433513742384964,31.670114898681668,,32.67358753088795,31.960898098774724,
2026-06-04 07:13:21,2026-06-04 07:13:21,2026-06-04 07:18:21,31.788524582610734,31.22428342940918,31.26977329034114,31.459886105155533,31.921454352348178,31.52965297672372,31.51868869595721,31.433513742384964,31.670114898681668,,32.67358753088795,31.960898098774724,
2026-06-04 07:18:22,2026-06-04 07:18:21,2026-06-04 07:23:21,31.722911518267107,31.131295605983404,31.069119271993827,31.513649557592114,31.86358839666941,31.536712268779294,31.370999421045195,31.454964178299374,31.361246681213366,,32.5470698974127,32.14372203129007,
2026-06-04 07:18:22,2026-06-04 07:18:21,2026-06-04 07:23:21,31.722911518267107,31.131295605983404,31.069119271993827,31.513649557592114,31.86358839666941,31.536712268779294,31.370999421045195,31.454964178299374,31.361246681213366,,32.5470698974127,32.14372203129007,
2026-06-04 07:20:33,2026-06-04 07:20:33,2026-06-04 07:25:33,31.341997527278835,30.704286417807463,30.49945507990372,30.59257294840735,30.771714976402528,30.688784889864348,31.03095735502821,30.620356279527513,31.361246681213366,,30.53511740943258,31.28248342255595,
2026-06-04 07:20:33,2026-06-04 07:20:33,2026-06-04 07:25:33,31.341997527278835,30.704286417807463,30.49945507990372,30.59257294840735,30.771714976402528,30.688784889864348,31.03095735502821,30.620356279527513,31.361246681213366,,30.53511740943258,31.28248342255595,
2026-06-04 07:23:22,2026-06-04 07:23:22,2026-06-04 07:28:22,31.552845411011898,31.17759094160388,31.424025902787257,31.36852558132983,31.767836267147814,31.551391752232895,31.202390344162374,31.143649232351894,31.608012008666968,,32.66269688851004,32.10697701563845,
2026-06-04 07:23:22,2026-06-04 07:23:22,2026-06-04 07:28:22,31.552845411011898,31.17759094160388,31.424025902787257,31.36852558132983,31.767836267147814,31.551391752232895,31.202390344162374,31.143649232351894,31.608012008666968,,32.66269688851004,32.10697701563845,
2026-06-04 07:28:22,2026-06-04 07:28:22,2026-06-04 07:33:22,31.767588873132734,31.3741201528065,31.485286559080034,31.607655183842272,31.671399480728663,31.388691242210985,31.219776717505088,31.478318950182626,32.52235469818115,,32.672117497445726,32.16573347335299,
2026-06-04 07:28:22,2026-06-04 07:28:22,2026-06-04 07:33:22,31.767588873132734,31.3741201528065,31.485286559080034,31.607655183842272,31.671399480728663,31.388691242210985,31.219776717505088,31.478318950182626,32.52235469818115,,32.672117497445726,32.16573347335299,
2026-06-04 07:30:34,2026-06-04 07:30:34,2026-06-04 07:35:34,31.85093714261715,30.90188668487339,30.683798447016876,30.63261187502372,30.70816370107945,30.61473409863109,30.949526691232144,30.633948972785806,32.52235469818115,,30.561685195921832,31.278184236577957,
2026-06-04 07:30:34,2026-06-04 07:30:34,2026-06-04 07:35:34,31.85093714261715,30.90188668487339,30.683798447016876,30.63261187502372,30.70816370107945,30.61473409863109,30.949526691232144,30.633948972785806,32.52235469818115,,30.561685195921832,31.278184236577957,
2026-06-04 07:33:23,2026-06-04 07:33:22,2026-06-04 07:38:22,32.18889747410132,31.31725123695736,31.38743454056507,31.370729753327186,31.75266850273113,31.377708935372887,31.17012820782857,31.493731305363617,33.8092987060547,,32.779793913049616,32.1877449154159,
2026-06-04 07:33:23,2026-06-04 07:33:22,2026-06-04 07:38:22,32.18889747410132,31.31725123695736,31.38743454056507,31.370729753327186,31.75266850273113,31.377708935372887,31.17012820782857,31.493731305363617,33.8092987060547,,32.779793913049616,32.1877449154159,
2026-06-04 07:38:23,2026-06-04 07:38:23,2026-06-04 07:43:23,31.78236420991939,31.492126637591504,31.573120967278733,31.484563478169136,31.706547026981283,31.463876223131194,31.219776717505088,31.46653838908053,32.907213592529295,,32.672852514166834,32.26851281519335,
2026-06-04 07:38:23,2026-06-04 07:38:23,2026-06-04 07:43:23,31.78236420991939,31.492126637591504,31.573120967278733,31.484563478169136,31.706547026981283,31.463876223131194,31.219776717505088,31.46653838908053,32.907213592529295,,32.672852514166834,32.26851281519335,
2026-06-04 07:40:34,2026-06-04 07:40:34,2026-06-04 07:45:34,31.969077196676892,30.94912176560714,30.70418791979032,30.583771139368572,30.70676404677445,30.671230178496224,30.949526691232144,30.611556552097845,32.907213592529295,,30.544067549710284,31.317232175658337,
2026-06-04 07:40:34,2026-06-04 07:40:34,2026-06-04 07:45:34,31.969077196676892,30.94912176560714,30.70418791979032,30.583771139368572,30.70676404677445,30.671230178496224,30.949526691232144,30.611556552097845,32.907213592529295,,30.544067549710284,31.317232175658337,
2026-06-04 07:43:24,2026-06-04 07:43:24,2026-06-04 07:48:24,31.97321947667593,31.454820323007812,31.318328851205067,31.46960632993949,31.63488262068094,31.636526422111075,31.255620089042257,31.455660023138037,32.57546768188479,,32.775451116942335,32.16609512790422,
2026-06-04 07:43:24,2026-06-04 07:43:24,2026-06-04 07:48:24,31.97321947667593,31.454820323007812,31.318328851205067,31.46960632993949,31.63488262068094,31.636526422111075,31.255620089042257,31.455660023138037,32.57546768188479,,32.775451116942335,32.16609512790422,
2026-06-04 07:48:24,2026-06-04 07:48:24,2026-06-04 07:53:24,31.751259752051997,31.41056859262893,31.567720824950417,31.62252396913868,31.63351330688583,31.76902489238172,31.358350623620595,31.38586767597359,31.706064605712925,,32.78487172587801,32.246682200406056,
2026-06-04 07:48:24,2026-06-04 07:48:24,2026-06-04 07:53:24,31.751259752051997,31.41056859262893,31.567720824950417,31.62252396913868,31.63351330688583,31.76902489238172,31.358350623620595,31.38586767597359,31.706064605712925,,32.78487172587801,32.246682200406056,
2026-06-04 07:50:35,2026-06-04 07:50:35,2026-06-04 07:55:35,31.886922148559176,30.89627661097565,30.699734210799317,30.650215378958098,30.70956335538445,30.785480045090637,31.06203810619654,30.597683257798153,31.706064605712925,,30.570635336199537,31.317232175658337,
2026-06-04 07:50:35,2026-06-04 07:50:35,2026-06-04 07:55:35,31.886922148559176,30.89627661097565,30.699734210799317,30.650215378958098,30.70956335538445,30.785480045090637,31.06203810619654,30.597683257798153,31.706064605712925,,30.570635336199537,31.317232175658337,
2026-06-04 07:53:25,2026-06-04 07:53:24,2026-06-04 07:58:24,31.808905733310194,31.38724651273798,31.449480840886096,31.85084091279975,31.577395683173744,31.5969874908585,31.454488957928245,31.68402061619198,32.46679229736329,,32.78052892977073,32.16609512790422,
2026-06-04 07:53:25,2026-06-04 07:53:24,2026-06-04 07:58:24,31.808905733310194,31.38724651273798,31.449480840886096,31.85084091279975,31.577395683173744,31.5969874908585,31.454488957928245,31.68402061619198,32.46679229736329,,32.78052892977073,32.16609512790422,
2026-06-04 07:58:25,2026-06-04 07:58:25,2026-06-04 08:03:25,31.914581101874994,31.377646426013456,31.738080576147386,31.852399424129302,31.658179855018375,31.633410050075252,31.538319887821594,31.74320862324142,33.47602462768556,,33.00461414484376,32.34932357149318,
2026-06-04 07:58:25,2026-06-04 07:58:25,2026-06-04 08:03:25,31.914581101874994,31.377646426013456,31.738080576147386,31.852399424129302,31.658179855018375,31.633410050075252,31.538319887821594,31.74320862324142,33.47602462768556,,33.00461414484376,32.34932357149318,
2026-06-04 08:00:35,2026-06-04 08:00:35,2026-06-04 08:05:35,32.07894085539709,30.885458987613244,30.76724747463091,30.729932080958527,30.744079308480263,30.706074021593107,31.19295425614927,30.761757772018214,33.47602462768556,,30.623782006833217,31.360597407285233,
2026-06-04 08:00:35,2026-06-04 08:00:35,2026-06-04 08:05:35,32.07894085539709,30.885458987613244,30.76724747463091,30.729932080958527,30.744079308480263,30.706074021593107,31.19295425614927,30.761757772018214,33.47602462768556,,30.623782006833217,31.360597407285233,
2026-06-04 08:03:26,2026-06-04 08:03:25,2026-06-04 08:08:25,32.315278337657226,31.67228907790498,31.557986393710276,31.78116291276078,31.78789443301751,31.559694222065723,31.347201272374118,31.800314768604746,33.74000892639162,,32.90275267984737,32.37151591636524,
2026-06-04 08:03:26,2026-06-04 08:03:25,2026-06-04 08:08:25,32.315278337657226,31.67228907790498,31.557986393710276,31.78116291276078,31.78789443301751,31.559694222065723,31.347201272374118,31.800314768604746,33.74000892639162,,32.90275267984737,32.37151591636524,
2026-06-04 08:05:36,2026-06-04 08:05:36,2026-06-04 08:10:36,31.87849501961037,31.070320110256873,30.697916780005265,30.686900926483474,30.7745283388107,30.698065557931223,31.009254947510456,30.73303486028644,33.74000892639162,,30.56197156883724,31.35199723951222,
2026-06-04 08:05:36,2026-06-04 08:05:36,2026-06-04 08:10:36,31.87849501961037,31.070320110256873,30.697916780005265,30.686900926483474,30.7745283388107,30.698065557931223,31.009254947510456,30.73303486028644,33.74000892639162,,30.56197156883724,31.35199723951222,
2026-06-04 08:08:26,2026-06-04 08:08:26,2026-06-04 08:13:26,31.972697740726037,31.622917434591155,31.837314141674387,31.558057556498603,31.88497868908865,31.79591456995541,31.405703234707236,31.78823813111689,34.050522994995134,,33.00100667248212,32.327845567903935,
2026-06-04 08:08:26,2026-06-04 08:08:26,2026-06-04 08:13:26,31.972697740726037,31.622917434591155,31.837314141674387,31.558057556498603,31.88497868908865,31.79591456995541,31.405703234707236,31.78823813111689,34.050522994995134,,33.00100667248212,32.327845567903935,
2026-06-04 08:10:38,2026-06-04 08:10:37,2026-06-04 08:15:37,31.976011846458427,31.050546824165476,30.80100009585023,30.61947861496813,30.806303161314442,30.793019953716573,31.08679656267153,30.728242365130154,34.050522994995134,,30.60615700153804,31.35199723951222,
2026-06-04 08:10:38,2026-06-04 08:10:37,2026-06-04 08:15:37,31.976011846458427,31.050546824165476,30.80100009585023,30.61947861496813,30.806303161314442,30.793019953716573,31.08679656267153,30.728242365130154,34.050522994995134,,30.60615700153804,31.35199723951222,
2026-06-04 08:13:27,2026-06-04 08:13:26,2026-06-04 08:18:26,32.13870710508658,31.525802314755065,31.723239454548636,31.677806488264594,31.862945494779364,31.588985712864122,31.33842382480997,31.70321541847045,32.948211669921896,,32.78638885799544,32.327845567903935,
2026-06-04 08:13:27,2026-06-04 08:13:26,2026-06-04 08:18:26,32.13870710508658,31.525802314755065,31.723239454548636,31.677806488264594,31.862945494779364,31.588985712864122,31.33842382480997,31.70321541847045,32.948211669921896,,32.78638885799544,32.327845567903935,
2026-06-04 08:15:38,2026-06-04 08:15:38,2026-06-04 08:20:38,31.675012536420496,30.954936886488433,30.76121158327173,30.64142514140281,30.771729064591927,30.70117676639117,31.030982214455538,30.699516745647657,32.948211669921896,,30.535403782347988,31.35199723951222,
2026-06-04 08:15:38,2026-06-04 08:15:38,2026-06-04 08:20:38,31.675012536420496,30.954936886488433,30.76121158327173,30.64142514140281,30.771729064591927,30.70117676639117,31.030982214455538,30.699516745647657,32.948211669921896,,30.535403782347988,31.35199723951222,
2026-06-04 08:18:27,2026-06-04 08:18:27,2026-06-04 08:23:27,31.925915371115604,31.597012260514923,31.725118250006194,31.702021447732648,31.7678789025967,31.537441220656667,31.42327813111965,31.572508128200145,32.90155868530273,,32.883909647942545,32.327845567903935,
2026-06-04 08:18:27,2026-06-04 08:18:27,2026-06-04 08:23:27,31.925915371115604,31.597012260514923,31.725118250006194,31.702021447732648,31.7678789025967,31.537441220656667,31.42327813111965,31.572508128200145,32.90155868530273,,32.883909647942545,32.327845567903935,
2026-06-04 08:23:29,2026-06-04 08:23:29,2026-06-04 08:28:29,32.010374285651395,31.605151722875554,31.783791167276554,31.70837030066304,32.0268522943601,31.57226253767356,31.389789132587648,31.524860089357553,32.68420791625978,,33.00969226469668,32.22524705333919,
2026-06-04 08:23:29,2026-06-04 08:23:29,2026-06-04 08:28:29,32.010374285651395,31.605151722875554,31.783791167276554,31.70837030066304,32.0268522943601,31.57226253767356,31.389789132587648,31.524860089357553,32.68420791625978,,33.00969226469668,32.22524705333919,
2026-06-04 08:25:39,2026-06-04 08:25:38,2026-06-04 08:30:38,31.868804145633668,31.028878873815824,30.781105537387706,30.677610356340015,30.90722869151907,30.706078119358093,31.071477210935,30.62945178542728,32.68420791625978,,30.60615700153804,31.30865011445385,
2026-06-04 08:25:39,2026-06-04 08:25:38,2026-06-04 08:30:38,31.868804145633668,31.028878873815824,30.781105537387706,30.677610356340015,30.90722869151907,30.706078119358093,31.071477210935,30.62945178542728,32.68420791625978,,30.60615700153804,31.30865011445385,
2026-06-04 08:28:30,2026-06-04 08:28:30,2026-06-04 08:33:30,32.27932826057135,31.506550016044205,31.44089668045597,31.78634888216045,32.09028050148918,31.50546733745488,31.27067866239018,31.535615840255222,32.265037536621094,,32.78638885799544,32.225066226063575,
2026-06-04 08:28:30,2026-06-04 08:28:30,2026-06-04 08:33:30,32.27932826057135,31.506550016044205,31.44089668045597,31.78634888216045,32.09028050148918,31.50546733745488,31.27067866239018,31.535615840255222,32.265037536621094,,32.78638885799544,32.225066226063575,
2026-06-04 08:30:39,2026-06-04 08:30:39,2026-06-04 08:35:39,31.761843006374384,30.954936886488433,30.642406991164883,30.68519188365381,30.83387987045221,30.67338185415281,30.959346114497045,30.656665530200172,32.265037536621094,,30.535403782347988,31.312949300431843,
2026-06-04 08:30:39,2026-06-04 08:30:39,2026-06-04 08:35:39,31.761843006374384,30.954936886488433,30.642406991164883,30.68519188365381,30.83387987045221,30.67338185415281,30.959346114497045,30.656665530200172,32.265037536621094,,30.535403782347988,31.312949300431843,
2026-06-04 08:33:30,2026-06-04 08:33:30,2026-06-04 08:38:30,31.827005579978227,31.655939868984824,31.383704301501545,31.644195892389387,31.84296569612057,31.54519030822948,31.34080988062555,31.79071766760977,32.66868629455568,,32.77189043623137,32.246896840850866,
2026-06-04 08:33:30,2026-06-04 08:33:30,2026-06-04 08:38:30,31.827005579978227,31.655939868984824,31.383704301501545,31.644195892389387,31.84296569612057,31.54519030822948,31.34080988062555,31.79071766760977,32.66868629455568,,32.77189043623137,32.246896840850866,
2026-06-04 08:35:40,2026-06-04 08:35:40,2026-06-04 08:40:40,31.798354474139636,31.044182637550993,30.61939627689075,30.660738030596395,30.737154118320387,30.6800230987031,31.046302561204023,30.77610767243791,32.66868629455568,,30.570639074771083,31.312949300431843,
2026-06-04 08:35:40,2026-06-04 08:35:40,2026-06-04 08:40:40,31.798354474139636,31.044182637550993,30.61939627689075,30.660738030596395,30.737154118320387,30.6800230987031,31.046302561204023,30.77610767243791,32.66868629455568,,30.570639074771083,31.312949300431843,
2026-06-04 08:38:31,2026-06-04 08:38:30,2026-06-04 08:43:30,31.819140917408866,31.274588533709665,31.85077841276733,31.58935579242939,31.850515782910723,31.536754589972915,31.448277702542192,31.679168760830862,31.845861816406234,,32.780576028445935,32.246896840850866,
2026-06-04 08:38:31,2026-06-04 08:38:30,2026-06-04 08:43:30,31.819140917408866,31.274588533709665,31.85077841276733,31.58935579242939,31.850515782910723,31.536754589972915,31.448277702542192,31.679168760830862,31.845861816406234,,32.780576028445935,32.246896840850866,
2026-06-04 08:43:31,2026-06-04 08:43:31,2026-06-04 08:48:31,31.750571668317875,31.09803426861748,31.232951098027442,31.356150385553075,31.63148300507422,31.442896970056463,31.10131890439117,31.274412323932303,28.993048095703138,,32.332364311549284,31.73378074040381,
2026-06-04 08:43:31,2026-06-04 08:43:31,2026-06-04 08:48:31,31.750571668317875,31.09803426861748,31.232951098027442,31.356150385553075,31.63148300507422,31.442896970056463,31.10131890439117,31.274412323932303,28.993048095703138,,32.332364311549284,31.73378074040381,
2026-06-04 08:45:41,2026-06-04 08:45:41,2026-06-04 08:50:41,30.969877034334218,30.6795001902431,30.56850930933613,30.569397076183403,30.64247968241136,30.639401413647853,30.800751373618134,30.475468067380966,28.993048095703138,,30.46433594145504,31.09616148561895,
2026-06-04 08:45:41,2026-06-04 08:45:41,2026-06-04 08:50:41,30.969877034334218,30.6795001902431,30.56850930933613,30.569397076183403,30.64247968241136,30.639401413647853,30.800751373618134,30.475468067380966,28.993048095703138,,30.46433594145504,31.09616148561895,
2026-06-04 08:58:54,2026-06-04 08:58:54,2026-06-04 09:03:54,30.2753615272061,30.16788909761626,30.588591273349397,30.35595109559621,30.46291485563313,30.61761613036658,30.42414417880268,30.502458136197433,24.847556114196784,,30.35421829582674,30.94618060661081,
2026-06-04 08:58:54,2026-06-04 08:58:54,2026-06-04 09:03:54,30.2753615272061,30.16788909761626,30.588591273349397,30.35595109559621,30.46291485563313,30.61761613036658,30.42414417880268,30.502458136197433,24.847556114196784,,30.35421829582674,30.94618060661081,
2026-06-04 08:59:05,2026-06-04 08:59:05,2026-06-04 09:04:05,30.56769543993586,29.604125566860112,30.62619454068742,30.251631755889775,30.544965983010794,31.022241369078888,30.59862694976258,30.64617006506165,22.84823379516601,,31.42682124472245,31.4350454302895,
2026-06-04 08:59:05,2026-06-04 08:59:05,2026-06-04 09:04:05,30.56769543993586,29.604125566860112,30.62619454068742,30.251631755889775,30.544965983010794,31.022241369078888,30.59862694976258,30.64617006506165,22.84823379516601,,31.42682124472245,31.4350454302895,
2026-06-04 09:04:06,2026-06-04 09:04:05,2026-06-04 09:09:05,30.15309072185044,29.62049333482479,30.499872301668855,30.14913722125854,30.579726947241635,30.813652289883425,30.30707420234262,30.498215541304294,22.791019821167005,,31.344965726013477,31.229428029665925,
2026-06-04 09:04:06,2026-06-04 09:04:05,2026-06-04 09:09:05,30.15309072185044,29.62049333482479,30.499872301668855,30.14913722125854,30.579726947241635,30.813652289883425,30.30707420234262,30.498215541304294,22.791019821167005,,31.344965726013477,31.229428029665925,
2026-06-04 09:32:51,2026-06-04 09:32:51,2026-06-04 09:37:51,30.25914938470553,30.676482126064627,31.265405521016298,30.59494966322553,30.27754340183634,30.7855685337377,30.266830771830726,30.43881276625435,25.935507202148436,,30.635577912512648,30.607864273635837,
2026-06-04 10:09:15,2026-06-04 10:09:15,2026-06-04 10:14:15,30.681592682311972,30.884366622664515,30.80632882984957,30.47947223753894,30.720491399078334,30.94884817465354,30.633841556846896,30.895054285332236,30.557181453704814,,30.448729116880344,30.628228092641084,
2026-06-04 10:09:15,2026-06-04 10:09:15,2026-06-04 10:14:15,30.681592682311972,30.884366622664515,30.80632882984957,30.47947223753894,30.720491399078334,30.94884817465354,30.633841556846896,30.895054285332236,30.557181453704814,,30.448729116880344,30.628228092641084,
2026-06-04 10:09:25,2026-06-04 10:09:25,2026-06-04 10:14:25,30.817879221123302,30.03904959517632,30.877058263839096,30.5190808804521,31.368231305111284,31.191755616571953,30.78568761653479,30.695279637865347,29.13369349373708,,31.506576173259628,31.348752652631653,
2026-06-04 10:09:25,2026-06-04 10:09:25,2026-06-04 10:14:25,30.817879221123302,30.03904959517632,30.877058263839096,30.5190808804521,31.368231305111284,31.191755616571953,30.78568761653479,30.695279637865347,29.13369349373708,,31.506576173259628,31.348752652631653,
2026-06-04 10:14:26,2026-06-04 10:14:26,2026-06-04 10:19:26,30.970009376002665,29.652115482709227,30.83335948298195,30.642273401149797,30.927331200693278,31.185861293244457,30.79702811906267,30.627882219507118,28.164041178567075,,31.817697508735932,31.648993346760196,
2026-06-04 10:14:26,2026-06-04 10:14:26,2026-06-04 10:19:26,30.970009376002665,29.652115482709227,30.83335948298195,30.642273401149797,30.927331200693278,31.185861293244457,30.79702811906267,30.627882219507118,28.164041178567075,,31.817697508735932,31.648993346760196,
2026-06-04 10:19:15,2026-06-04 10:19:15,2026-06-04 10:24:15,30.466702763213128,29.29183143611001,30.568669458512435,30.363045403548238,30.490748638884934,30.573073805245297,30.419117526896745,30.51046227090221,28.042904990059984,,30.50932681881797,31.023539457996495,
2026-06-04 10:19:15,2026-06-04 10:19:15,2026-06-04 10:24:15,30.466702763213128,29.29183143611001,30.568669458512435,30.363045403548238,30.490748638884934,30.573073805245297,30.419117526896745,30.51046227090221,28.042904990059984,,30.50932681881797,31.023539457996495,
2026-06-04 10:19:26,2026-06-04 10:19:26,2026-06-04 10:24:26,30.61436536797664,29.690592927988444,30.89547971285678,30.379029873108006,30.828078343833653,30.982355253396104,30.883422997122125,30.683655483855727,28.678298132760148,,31.597395960886036,31.557402612836217,
2026-06-04 10:19:26,2026-06-04 10:19:26,2026-06-04 10:24:26,30.61436536797664,29.690592927988444,30.89547971285678,30.379029873108006,30.828078343833653,30.982355253396104,30.883422997122125,30.683655483855727,28.678298132760148,,31.597395960886036,31.557402612836217,
2026-06-04 10:24:26,2026-06-04 10:24:26,2026-06-04 10:29:26,30.805226658376423,29.919896651048436,31.034861222082355,30.690238170222997,31.023618102724445,31.0073034589975,30.821115795231556,30.831915969113727,30.154807953607435,,32.00671105073592,31.71216668014335,
2026-06-04 10:24:26,2026-06-04 10:24:26,2026-06-04 10:29:26,30.805226658376423,29.919896651048436,31.034861222082355,30.690238170222997,31.023618102724445,31.0073034589975,30.821115795231556,30.831915969113727,30.154807953607435,,32.00671105073592,31.71216668014335,
2026-06-04 10:29:16,2026-06-04 10:29:16,2026-06-04 10:34:16,30.37067185134085,29.29994783867311,30.695808454779286,30.3806921292322,30.456243404387425,30.54105032363882,30.414467701255834,30.67775892149434,30.41871490478515,,30.576711906721695,31.054949177294343,
2026-06-04 10:29:16,2026-06-04 10:29:16,2026-06-04 10:34:16,30.37067185134085,29.29994783867311,30.695808454779286,30.3806921292322,30.456243404387425,30.54105032363882,30.414467701255834,30.67775892149434,30.41871490478515,,30.576711906721695,31.054949177294343,
2026-06-04 10:29:27,2026-06-04 10:29:27,2026-06-04 10:34:27,30.64163518100976,30.177439920207657,31.01271372253855,30.724597045631615,30.753557139875813,31.164070521413695,30.898234940366144,30.817967549999835,30.65712509155275,,31.82310651717412,31.54259792122165,
2026-06-04 10:29:27,2026-06-04 10:29:27,2026-06-04 10:34:27,30.64163518100976,30.177439920207657,31.01271372253855,30.724597045631615,30.753557139875813,31.164070521413695,30.898234940366144,30.817967549999835,30.65712509155275,,31.82310651717412,31.54259792122165,
2026-06-04 10:34:17,2026-06-04 10:34:17,2026-06-04 10:39:17,30.35711688014601,29.69532435786284,30.68135096036101,30.402898759361545,30.4363705917235,30.568425434832413,30.44619179156829,30.648396007533464,30.65712509155275,,30.459936528241705,30.964922492295727,
2026-06-04 10:34:17,2026-06-04 10:34:17,2026-06-04 10:39:17,30.35711688014601,29.69532435786284,30.68135096036101,30.402898759361545,30.4363705917235,30.568425434832413,30.44619179156829,30.648396007533464,30.65712509155275,,30.459936528241705,30.964922492295727,
2026-06-04 10:34:28,2026-06-04 10:34:28,2026-06-04 10:39:28,30.7560963535226,30.189161103090253,30.90662136081439,30.62037504051354,30.704921685707436,31.088586837992224,30.80414849623504,30.74582303295552,29.749384307861344,,31.691273335910356,31.404078923770815,
2026-06-04 10:34:28,2026-06-04 10:34:28,2026-06-04 10:39:28,30.7560963535226,30.189161103090253,30.90662136081439,30.62037504051354,30.704921685707436,31.088586837992224,30.80414849623504,30.74582303295552,29.749384307861344,,31.691273335910356,31.404078923770815,
2026-06-04 10:43:17,2026-06-04 10:43:14,2026-06-04 10:48:14,30.91786276494403,31.025542455395097,31.150141387352196,30.538328992868237,30.93966406566977,31.307481756364652,31.00118157805307,30.87681373038781,29.238486698695567,,31.818841633550022,31.937087606725637,
2026-06-04 10:43:17,2026-06-04 10:43:14,2026-06-04 10:48:14,30.91786276494403,31.025542455395097,31.150141387352196,30.538328992868237,30.93966406566977,31.307481756364652,31.00118157805307,30.87681373038781,29.238486698695567,,31.818841633550022,31.937087606725637,
2026-06-04 10:55:55,2026-06-04 10:55:52,2026-06-04 11:00:52,30.831107477356582,30.844607248135556,30.80885768590662,30.518015135215833,30.942524015710756,31.02753079253707,30.70614903396934,31.00692623106737,29.616040184384293,,31.66871407379113,31.81788492716195,
2026-06-04 10:55:55,2026-06-04 10:55:52,2026-06-04 11:00:52,30.831107477356582,30.844607248135556,30.80885768590662,30.518015135215833,30.942524015710756,31.02753079253707,30.70614903396934,31.00692623106737,29.616040184384293,,31.66871407379113,31.81788492716195,
2026-06-04 11:00:53,2026-06-04 11:00:53,2026-06-04 11:05:53,30.544684924121917,30.43910920130573,30.57417031478808,30.318016928263287,30.569855699010198,30.6123629331757,30.466009170039506,30.71734005883222,29.64376286097932,,30.446641007250328,30.637272506736583,
2026-06-04 11:00:53,2026-06-04 11:00:53,2026-06-04 11:05:53,30.544684924121917,30.43910920130573,30.57417031478808,30.318016928263287,30.569855699010198,30.6123629331757,30.466009170039506,30.71734005883222,29.64376286097932,,30.446641007250328,30.637272506736583,
2026-06-04 11:01:03,2026-06-04 11:01:03,2026-06-04 11:06:03,30.590942884915624,30.003547054712083,30.720086154811614,30.514540274722627,30.637155623791262,30.605252781637663,30.720491074469187,30.739145161458904,29.68310208547683,,31.337579417682928,31.290444678644853,
2026-06-04 11:01:03,2026-06-04 11:01:03,2026-06-04 11:06:03,30.590942884915624,30.003547054712083,30.720086154811614,30.514540274722627,30.637155623791262,30.605252781637663,30.720491074469187,30.739145161458904,29.68310208547683,,31.337579417682928,31.290444678644853,
2026-06-04 11:06:04,2026-06-04 11:06:03,2026-06-04 11:11:03,30.803829251600543,30.031286261116854,30.92341940420054,30.501325069879595,30.734751272818514,31.026217724063535,30.892519795700064,30.805577841102114,30.386476698375894,,31.92236800289997,31.693848316339285,
2026-06-04 11:06:04,2026-06-04 11:06:03,2026-06-04 11:11:03,30.803829251600543,30.031286261116854,30.92341940420054,30.501325069879595,30.734751272818514,31.026217724063535,30.892519795700064,30.805577841102114,30.386476698375894,,31.92236800289997,31.693848316339285,
2026-06-04 11:10:53,2026-06-04 11:10:53,2026-06-04 11:15:53,30.402842521666965,29.75991464064274,30.637383760045463,30.31161807696607,30.37884204152279,30.612510351774592,30.476125451776475,30.670653593198903,30.498970849173382,,30.569633856725275,31.028067505009947,
2026-06-04 11:10:53,2026-06-04 11:10:53,2026-06-04 11:15:53,30.402842521666965,29.75991464064274,30.637383760045463,30.31161807696607,30.37884204152279,30.612510351774592,30.476125451776475,30.670653593198903,30.498970849173382,,30.569633856725275,31.028067505009947,
2026-06-04 11:11:05,2026-06-04 11:11:05,2026-06-04 11:16:05,30.90439376130141,30.289288598790325,31.04694828025046,30.928636374315023,30.94648508539516,31.364053909636585,31.062756151745155,30.82821961859803,31.47826903206959,,32.06340321407454,31.994996909641547,
2026-06-04 11:11:05,2026-06-04 11:11:05,2026-06-04 11:16:05,30.90439376130141,30.289288598790325,31.04694828025046,30.928636374315023,30.94648508539516,31.364053909636585,31.062756151745155,30.82821961859803,31.47826903206959,,32.06340321407454,31.994996909641547,
2026-06-04 11:16:06,2026-06-04 11:16:06,2026-06-04 11:21:06,30.985655459503967,30.924865928823102,30.953455843568765,30.826241727998532,31.063228508571704,31.37471395271192,30.936478827260363,30.782437327086814,31.750607626778724,,32.085548681365296,31.76532857852885,
2026-06-04 11:16:06,2026-06-04 11:16:06,2026-06-04 11:21:06,30.985655459503967,30.924865928823102,30.953455843568765,30.826241727998532,31.063228508571704,31.37471395271192,30.936478827260363,30.782437327086814,31.750607626778724,,32.085548681365296,31.76532857852885,
2026-06-04 11:19:22,2026-06-04 11:19:22,2026-06-04 11:24:22,30.45540821188434,31.207228091637774,31.001079992787158,31.011768220904152,31.188989541937744,30.841503968718442,30.874073927500792,30.94488865827081,31.248739605858187,31.64620018005371,32.026058203695214,32.535870409115404,
2026-06-04 11:19:22,2026-06-04 11:19:22,2026-06-04 11:24:22,30.45540821188434,31.207228091637774,31.001079992787158,31.011768220904152,31.188989541937744,30.841503968718442,30.874073927500792,30.94488865827081,31.248739605858187,31.64620018005371,32.026058203695214,32.535870409115404,
2026-06-04 11:20:35,2026-06-04 11:20:35,2026-06-04 11:25:35,31.022756381090474,31.291606366466425,31.221507489945004,31.398921495567663,31.5857641982272,31.209116983339044,31.04711666308641,31.15870016774993,30.745827797532748,31.79306983947754,32.60429528351361,32.32741437212158,32.52741241455078
2026-06-04 11:20:35,2026-06-04 11:20:35,2026-06-04 11:25:35,31.022756381090474,31.291606366466425,31.221507489945004,31.398921495567663,31.5857641982272,31.209116983339044,31.04711666308641,31.15870016774993,30.745827797532748,31.79306983947754,32.60429528351361,32.32741437212158,32.52741241455078
2026-06-04 11:20:54,2026-06-04 11:20:54,2026-06-04 11:25:54,31.161673032557413,30.76153119812784,30.622228139687415,30.696401357371876,30.90797664720241,30.620212598835323,30.710152368694867,30.546777790133095,30.524087971433755,30.0,30.697165807325934,31.011361378700762,30.0
2026-06-04 11:20:54,2026-06-04 11:20:54,2026-06-04 11:25:54,31.161673032557413,30.76153119812784,30.622228139687415,30.696401357371876,30.90797664720241,30.620212598835323,30.710152368694867,30.546777790133095,30.524087971433755,30.0,30.697165807325934,31.011361378700762,30.0
2026-06-04 11:25:36,2026-06-04 11:25:35,2026-06-04 11:30:35,30.576904068939307,31.265433273513313,31.050159186828605,31.194313341542482,31.445882883176125,31.160003980785973,30.851429275134603,31.12545827804035,30.687319894993976,31.37909698486328,31.99790917235968,31.9448705202588,32.40747833251953
2026-06-04 11:25:36,2026-06-04 11:25:35,2026-06-04 11:30:35,30.576904068939307,31.265433273513313,31.050159186828605,31.194313341542482,31.445882883176125,31.160003980785973,30.851429275134603,31.12545827804035,30.687319894993976,31.37909698486328,31.99790917235968,31.9448705202588,32.40747833251953
2026-06-04 11:25:55,2026-06-04 11:25:55,2026-06-04 11:30:55,31.172476896899493,30.80496759975705,30.56290887040871,30.755311988669632,30.76272570959255,30.67903628118164,30.611169155673267,30.689844537270403,30.58404626751421,30.0,30.59156008451119,30.93989968892367,30.0
2026-06-04 11:25:55,2026-06-04 11:25:55,2026-06-04 11:30:55,31.172476896899493,30.80496759975705,30.56290887040871,30.755311988669632,30.76272570959255,30.67903628118164,30.611169155673267,30.689844537270403,30.58404626751421,30.0,30.59156008451119,30.93989968892367,30.0
2026-06-04 11:29:27,2026-06-04 11:29:27,2026-06-04 11:34:27,30.295594953835895,30.87424420637989,30.583353716140195,30.921586113524107,31.29779100154419,30.832225798814186,30.727337123813303,30.591469516041897,30.28439781080889,31.927793001840882,31.658519449616627,31.696352005004883
2026-06-04 11:29:27,2026-06-04 11:29:27,2026-06-04 11:34:27,30.295594953835895,30.87424420637989,30.583353716140195,30.921586113524107,31.29779100154419,30.832225798814186,30.727337123813303,30.591469516041897,30.28439781080889,31.927793001840882,31.658519449616627,31.696352005004883
2026-06-04 11:30:10,2026-06-04 11:30:10,2026-06-04 11:35:10,30.960030416958357,30.88069417405149,30.406515327683692,30.629128946414106,31.145201217668728,30.828031017823445,30.860518031023187,30.526731443919964,30.34060344176245,31.715725782252733,32.037777486370416
2026-06-04 11:30:10,2026-06-04 11:30:10,2026-06-04 11:35:10,30.960030416958357,30.88069417405149,30.406515327683692,30.629128946414106,31.145201217668728,30.828031017823445,30.860518031023187,30.526731443919964,30.34060344176245,31.715725782252733,32.037777486370416
2026-06-04 11:30:57,2026-06-04 11:30:57,2026-06-04 11:35:57,30.78285093017594,30.62271477740729,30.346791411961764,30.597176953591134,30.91116704302464,30.67165905179813,30.646848470334955,30.554544531105865,30.47695210693595,30.872230806352487,30.828932606870698
2026-06-04 11:30:57,2026-06-04 11:30:57,2026-06-04 11:35:57,30.78285093017594,30.62271477740729,30.346791411961764,30.597176953591134,30.91116704302464,30.67165905179813,30.646848470334955,30.554544531105865,30.47695210693595,30.872230806352487,30.828932606870698
2026-06-04 11:35:12,2026-06-04 11:35:11,2026-06-04 11:40:11,30.25141216858571,30.764260751187795,30.568782728425447,30.778760896809963,31.457546013533847,30.85501090224686,30.931039596154694,30.53489303378619,30.368180074841042,32.02347533930748,31.97542161829058
2026-06-04 11:35:12,2026-06-04 11:35:11,2026-06-04 11:40:11,30.25141216858571,30.764260751187795,30.568782728425447,30.778760896809963,31.457546013533847,30.85501090224686,30.931039596154694,30.53489303378619,30.368180074841042,32.02347533930748,31.97542161829058
2026-06-04 11:40:13,2026-06-04 11:40:13,2026-06-04 11:45:13,30.033056558662622,30.80034556439617,30.660779998528852,30.768956805880876,30.965116476142917,30.80662181637367,30.689060867982136,30.668998650314776,30.366609873634186,31.814438457453345,31.656395221204388
2026-06-04 11:40:13,2026-06-04 11:40:13,2026-06-04 11:45:13,30.033056558662622,30.80034556439617,30.660779998528852,30.768956805880876,30.965116476142917,30.80662181637367,30.689060867982136,30.668998650314776,30.366609873634186,31.814438457453345,31.656395221204388
2026-06-04 11:40:58,2026-06-04 11:40:58,2026-06-04 11:45:58,30.785740629316688,30.515775018368135,30.394522195151477,30.487499324486503,30.473035529981072,30.413238825743367,30.497532965551382,30.37278143223385,30.478107058240848,30.3963610538336,30.850182815577487
2026-06-04 11:40:58,2026-06-04 11:40:58,2026-06-04 11:45:58,30.785740629316688,30.515775018368135,30.394522195151477,30.487499324486503,30.473035529981072,30.413238825743367,30.497532965551382,30.37278143223385,30.478107058240848,30.3963610538336,30.850182815577487
2026-06-04 11:45:14,2026-06-04 11:45:14,2026-06-04 11:50:14,30.369808890647278,30.87969580071609,30.97157077116859,30.969645224905694,30.93397882538353,30.822262911045254,30.69830759511811,30.700286644919977,30.44466518829809,31.9747512975559,31.810652759373987
2026-06-04 11:45:14,2026-06-04 11:45:14,2026-06-04 11:50:14,30.369808890647278,30.87969580071609,30.97157077116859,30.969645224905694,30.93397882538353,30.822262911045254,30.69830759511811,30.700286644919977,30.44466518829809,31.9747512975559,31.810652759373987
2026-06-04 11:50:14,2026-06-04 11:50:14,2026-06-04 11:55:14,30.55149605129305,30.951774311220657,30.953463728776793,30.900303496565197,31.06520939240213,30.983971821609277,30.932001040857187,30.711409843374245,30.6123228684226,32.1169442951263,31.882362640359933
2026-06-04 11:50:14,2026-06-04 11:50:14,2026-06-04 11:55:14,30.55149605129305,30.951774311220657,30.953463728776793,30.900303496565197,31.06520939240213,30.983971821609277,30.932001040857187,30.711409843374245,30.6123228684226,32.1169442951263,31.882362640359933
2026-06-04 11:50:58,2026-06-04 11:50:58,2026-06-04 11:55:58,31.228333119782842,30.591056793193477,30.498163578760092,30.51191321764126,30.57388199206867,30.49539245214766,30.687265745214074,30.374985323364555,30.48308580296624,30.49118663763813,30.92929379659769
2026-06-04 11:50:58,2026-06-04 11:50:58,2026-06-04 11:55:58,31.228333119782842,30.591056793193477,30.498163578760092,30.51191321764126,30.57388199206867,30.49539245214766,30.687265745214074,30.374985323364555,30.48308580296624,30.49118663763813,30.92929379659769
2026-06-04 11:55:14,2026-06-04 11:55:14,2026-06-04 12:00:14,30.44891422264526,30.977258292465052,30.830530461057407,30.818778535230702,31.12507503040782,31.01868593749497,30.97810438655929,30.594644643128046,30.49905347254011,31.9771684402968,31.803088829741945
2026-06-04 11:55:14,2026-06-04 11:55:14,2026-06-04 12:00:14,30.44891422264526,30.977258292465052,30.830530461057407,30.818778535230702,31.12507503040782,31.01868593749497,30.97810438655929,30.594644643128046,30.49905347254011,31.9771684402968,31.803088829741945
2026-06-04 11:56:00,2026-06-04 11:56:00,2026-06-04 12:01:00,31.026057526177976,30.60366681459735,30.443463016546442,30.46019108532926,30.570644385778003,30.51233264666759,30.71559638182619,30.330648475594092,30.45732305723364,30.44203930141699,30.902449655082965
2026-06-04 11:56:00,2026-06-04 11:56:00,2026-06-04 12:01:00,31.026057526177976,30.60366681459735,30.443463016546442,30.46019108532926,30.570644385778003,30.51233264666759,30.71559638182619,30.330648475594092,30.45732305723364,30.44203930141699,30.902449655082965
2026-06-04 12:00:15,2026-06-04 12:00:15,2026-06-04 12:05:15,30.18009909749964,31.04451453125136,30.998564218181308,30.886766853488105,31.07420478745766,30.861852764138973,30.87289341612209,30.740240530565544,30.76207112115137,31.9693476813096,31.633343778002413
2026-06-04 12:00:15,2026-06-04 12:00:15,2026-06-04 12:05:15,30.18009909749964,31.04451453125136,30.998564218181308,30.886766853488105,31.07420478745766,30.861852764138973,30.87289341612209,30.740240530565544,30.76207112115137,31.9693476813096,31.633343778002413
2026-06-04 12:05:16,2026-06-04 12:05:16,2026-06-04 12:10:16,30.242864251964786,31.002774543210123,30.685738181143687,30.697969137539122,31.03806556810946,30.769957641317944,30.929083699333038,30.72537769139416,30.42558817257652,31.951836207281712,31.787824731622738
2026-06-04 12:05:16,2026-06-04 12:05:16,2026-06-04 12:10:16,30.242864251964786,31.002774543210123,30.685738181143687,30.697969137539122,31.03806556810946,30.769957641317944,30.929083699333038,30.72537769139416,30.42558817257652,31.951836207281712,31.787824731622738
2026-06-04 12:06:01,2026-06-04 12:06:01,2026-06-04 12:11:01,31.157177635758163,30.618656706172146,30.406387610765876,30.438953139716336,30.533563137851374,30.37644939264452,30.635263249238537,30.40238318427815,30.44388334914056,30.45726585357903,30.890903155292833
2026-06-04 12:06:01,2026-06-04 12:06:01,2026-06-04 12:11:01,31.157177635758163,30.618656706172146,30.406387610765876,30.438953139716336,30.533563137851374,30.37644939264452,30.635263249238537,30.40238318427815,30.44388334914056,30.45726585357903,30.890903155292833
2026-06-04 12:10:16,2026-06-04 12:10:16,2026-06-04 12:15:16,30.284537209531514,31.002549937722755,30.706801696550002,30.654143397108065,31.192496409148603,30.960049580525745,30.716012314345843,30.79928779672103,30.55489358996944,31.85706900706858,31.716683765264424
2026-06-04 12:10:16,2026-06-04 12:10:16,2026-06-04 12:15:16,30.284537209531514,31.002549937722755,30.706801696550002,30.654143397108065,31.192496409148603,30.960049580525745,30.716012314345843,30.79928779672103,30.55489358996944,31.85706900706858,31.716683765264424
2026-06-04 12:11:02,2026-06-04 12:11:02,2026-06-04 12:16:02,30.96913688538307,30.60366681459735,30.3881897899626,30.393776412755688,30.602864494701855,30.483811379289833,30.519646673565294,30.40238318427815,30.478694616906758,30.43873658983291,30.868964436970963
2026-06-04 12:11:02,2026-06-04 12:11:02,2026-06-04 12:16:02,30.96913688538307,30.60366681459735,30.3881897899626,30.393776412755688,30.602864494701855,30.483811379289833,30.519646673565294,30.40238318427815,30.478694616906758,30.43873658983291,30.868964436970963
2026-06-04 12:15:17,2026-06-04 12:15:17,2026-06-04 12:20:17,30.427535855391092,30.933112864809587,30.616696949049384,30.916809721452374,31.2145222054189,31.103745202331538,30.749783941121432,30.85676462235814,30.455746167942365,31.93928086938066,31.792948480097465
2026-06-04 12:15:17,2026-06-04 12:15:17,2026-06-04 12:20:17,30.427535855391092,30.933112864809587,30.616696949049384,30.916809721452374,31.2145222054189,31.103745202331538,30.749783941121432,30.85676462235814,30.455746167942365,31.93928086938066,31.792948480097465
2026-06-04 12:20:17,2026-06-04 12:20:17,2026-06-04 12:25:17,30.094586505360013,31.086253795792395,31.017591035578505,30.89915261291543,31.055375893992995,31.00630426206374,30.959138354887664,30.983187850072635,30.785023352612058,32.21270387131918,31.798462533363036
2026-06-04 12:20:17,2026-06-04 12:20:17,2026-06-04 12:25:17,30.094586505360013,31.086253795792395,31.017591035578505,30.89915261291543,31.055375893992995,31.00630426206374,30.959138354887664,30.983187850072635,30.785023352612058,32.21270387131918,31.798462533363036
2026-06-04 12:21:02,2026-06-04 12:21:02,2026-06-04 12:26:02,31.146401711890487,30.64081296467195,30.50128727502299,30.53986370736959,30.524443581228994,30.479386585119926,30.700789762910976,30.474118262905108,30.49683386486361,30.510073822036347,30.89860082181959
2026-06-04 12:21:02,2026-06-04 12:21:02,2026-06-04 12:26:02,31.146401711890487,30.64081296467195,30.50128727502299,30.53986370736959,30.524443581228994,30.479386585119926,30.700789762910976,30.474118262905108,30.49683386486361,30.510073822036347,30.89860082181959
2026-06-04 12:25:18,2026-06-04 12:25:17,2026-06-04 12:30:17,30.121446090428663,30.835897191197095,30.75295811741349,31.12445052890749,31.022875716558072,30.955258899914632,30.988779951222877,30.858335531874772,30.507704972138498,32.07764672839421,31.715903155682724
2026-06-04 12:25:18,2026-06-04 12:25:17,2026-06-04 12:30:17,30.121446090428663,30.835897191197095,30.75295811741349,31.12445052890749,31.022875716558072,30.955258899914632,30.988779951222877,30.858335531874772,30.507704972138498,32.07764672839421,31.715903155682724
2026-06-04 12:30:18,2026-06-04 12:30:18,2026-06-04 12:35:18,30.0713619456276,30.90606905112029,30.848070038941895,30.99933627983525,31.224441623957375,30.915587930413782,31.002460322606826,30.860203448495074,30.495022157342387,32.05832314829746,31.855218477007025
2026-06-04 12:30:18,2026-06-04 12:30:18,2026-06-04 12:35:18,30.0713619456276,30.90606905112029,30.848070038941895,30.99933627983525,31.224441623957375,30.915587930413782,31.002460322606826,30.860203448495074,30.495022157342387,32.05832314829746,31.855218477007025
2026-06-04 12:31:03,2026-06-04 12:31:03,2026-06-04 12:36:03,31.054200463207692,30.526716499157285,30.436469729386506,30.54302635218517,30.620691299052343,30.45599356819981,30.676007255481185,30.397493574688365,30.463843143140597,30.46300535393895,30.917211260981215
2026-06-04 12:31:03,2026-06-04 12:31:03,2026-06-04 12:36:03,31.054200463207692,30.526716499157285,30.436469729386506,30.54302635218517,30.620691299052343,30.45599356819981,30.676007255481185,30.397493574688365,30.463843143140597,30.46300535393895,30.917211260981215
2026-06-04 12:35:18,2026-06-04 12:35:18,2026-06-04 12:40:18,29.85752347009414,31.02029816816357,30.96139067730543,30.954259954912,31.322932553363263,31.029421827546873,30.87179331327005,31.00436749933939,30.67251501339328,32.0274542605834,31.863653749837894
2026-06-04 12:35:18,2026-06-04 12:35:18,2026-06-04 12:40:18,29.85752347009414,31.02029816816357,30.96139067730543,30.954259954912,31.322932553363263,31.029421827546873,30.87179331327005,31.00436749933939,30.67251501339328,32.0274542605834,31.863653749837894
2026-06-04 12:36:04,2026-06-04 12:36:04,2026-06-04 12:41:04,31.049752699282003,30.627313257422394,30.49257363446206,30.50066072386546,30.643365772375684,30.503233530153864,30.601647038757864,30.478975742817404,30.4968186689028,30.462794812494955,30.92362998523184
2026-06-04 12:36:04,2026-06-04 12:36:04,2026-06-04 12:41:04,31.049752699282003,30.627313257422394,30.49257363446206,30.50066072386546,30.643365772375684,30.503233530153864,30.601647038757864,30.478975742817404,30.4968186689028,30.462794812494955,30.92362998523184
2026-06-04 12:40:18,2026-06-04 12:40:18,2026-06-04 12:45:18,29.41926339237017,31.02862871389581,30.999277900175066,30.841367705691024,31.30340483915932,31.132414818638967,30.920130494112595,30.755630614414564,30.437761377109176,31.92924406074182,31.776469396918827
2026-06-04 12:40:18,2026-06-04 12:40:18,2026-06-04 12:45:18,29.41926339237017,31.02862871389581,30.999277900175066,30.841367705691024,31.30340483915932,31.132414818638967,30.920130494112595,30.755630614414564,30.437761377109176,31.92924406074182,31.776469396918827
2026-06-04 12:45:18,2026-06-04 12:45:18,2026-06-04 12:50:18,29.6679828123828,30.942346554908195,30.944626599395125,30.807729015751246,31.111279615069535,31.133528418559948,30.885129466049378,31.080106329808487,30.822643827020492,31.915677534200785,31.68464346064271
2026-06-04 12:45:18,2026-06-04 12:45:18,2026-06-04 12:50:18,29.6679828123828,30.942346554908195,30.944626599395125,30.807729015751246,31.111279615069535,31.133528418559948,30.885129466049378,31.080106329808487,30.822643827020492,31.915677534200785,31.68464346064271
2026-06-04 12:46:04,2026-06-04 12:46:04,2026-06-04 12:51:04,30.96550518892327,30.576738666916707,30.484991040085454,30.462219732615498,30.542918670040986,30.53162378913383,30.63183131970118,30.471041325046492,30.49712575789991,30.45317219912443,30.85718294316578
2026-06-04 12:46:04,2026-06-04 12:46:04,2026-06-04 12:51:04,30.96550518892327,30.576738666916707,30.484991040085454,30.462219732615498,30.542918670040986,30.53162378913383,30.63183131970118,30.471041325046492,30.49712575789991,30.45317219912443,30.85718294316578
2026-06-04 12:50:19,2026-06-04 12:50:19,2026-06-04 12:55:19,29.963680310146756,31.020917643830913,30.9417425238381,30.963022818715327,31.14248873628243,31.090403164662003,30.991807495979263,31.138379360249086,30.705344873926403,32.0116524711095,31.771364619680924
2026-06-04 12:50:19,2026-06-04 12:50:19,2026-06-04 12:55:19,29.963680310146756,31.020917643830913,30.9417425238381,30.963022818715327,31.14248873628243,31.090403164662003,30.991807495979263,31.138379360249086,30.705344873926403,32.0116524711095,31.771364619680924
2026-06-04 12:51:05,2026-06-04 12:51:05,2026-06-04 12:56:05,30.91769004670818,30.60303303305215,30.480423803504433,30.529270653520346,30.571811962214042,30.503586476740224,30.68648708694357,30.551972685411748,30.463330886346007,30.473738555512877,30.886208234708207
2026-06-04 12:51:05,2026-06-04 12:51:05,2026-06-04 12:56:05,30.91769004670818,30.60303303305215,30.480423803504433,30.529270653520346,30.571811962214042,30.503586476740224,30.68648708694357,30.551972685411748,30.463330886346007,30.473738555512877,30.886208234708207
2026-06-04 12:55:20,2026-06-04 12:55:19,2026-06-04 13:00:19,29.98091831293995,31.145122075403652,31.08484788245508,31.115430547427604,31.23143977015233,31.06485481786174,31.123306136716472,31.296741722919464,31.349087760681034,32.22301774850993,32.03987755339054
2026-06-04 12:55:20,2026-06-04 12:55:19,2026-06-04 13:00:19,29.98091831293995,31.145122075403652,31.08484788245508,31.115430547427604,31.23143977015233,31.06485481786174,31.123306136716472,31.296741722919464,31.349087760681034,32.22301774850993,32.03987755339054
2026-06-04 13:00:20,2026-06-04 13:00:20,2026-06-04 13:05:20,29.88544495963047,31.121705685370358,31.013891127629623,31.173995494841787,31.146903029879326,31.07809436261515,31.07653189827516,31.093277291631747,31.259110546779304,32.32157392943465,31.948218813525415
2026-06-04 13:00:20,2026-06-04 13:00:20,2026-06-04 13:05:20,29.88544495963047,31.121705685370358,31.013891127629623,31.173995494841787,31.146903029879326,31.07809436261515,31.07653189827516,31.093277291631747,31.259110546779304,32.32157392943465,31.948218813525415
2026-06-04 13:01:06,2026-06-04 13:01:06,2026-06-04 13:06:06,31.078742833993616,30.685877167515425,30.514913168696943,30.607595381970572,30.564689281793992,30.511630840320752,30.745830766305605,30.47461156642486,30.454046592094016,30.4989055925335,30.95862623909313
2026-06-04 13:01:06,2026-06-04 13:01:06,2026-06-04 13:06:06,31.078742833993616,30.685877167515425,30.514913168696943,30.607595381970572,30.564689281793992,30.511630840320752,30.745830766305605,30.47461156642486,30.454046592094016,30.4989055925335,30.95862623909313
2026-06-04 13:05:20,2026-06-04 13:05:20,2026-06-04 13:10:20,29.907023427631373,31.085104546293657,30.95334861984811,31.168423480225137,31.270124946492853,31.15500670589794,30.923492845483167,31.0565328701694,31.07365683584923,32.171949101935795,32.025419212389295
2026-06-04 13:05:20,2026-06-04 13:05:20,2026-06-04 13:10:20,29.907023427631373,31.085104546293657,30.95334861984811,31.168423480225137,31.270124946492853,31.15500670589794,30.923492845483167,31.0565328701694,31.07365683584923,32.171949101935795,32.025419212389295
2026-06-04 13:10:21,2026-06-04 13:10:20,2026-06-04 13:15:20,29.579110450442663,30.941554529229034,30.931367061527713,31.038581341289056,31.21559911929463,31.077509513295574,30.78985764898109,31.005235899199032,30.396807009542567,32.06441792016229,31.6156447602719
2026-06-04 13:10:21,2026-06-04 13:10:20,2026-06-04 13:15:20,29.579110450442663,30.941554529229034,30.931367061527713,31.038581341289056,31.21559911929463,31.077509513295574,30.78985764898109,31.005235899199032,30.396807009542567,32.06441792016229,31.6156447602719
2026-06-04 13:11:07,2026-06-04 13:11:07,2026-06-04 13:16:07,30.82385580794011,30.577570624060836,30.47741957046756,30.537150981529958,30.596772195980655,30.510849124795655,30.535109317150503,30.470555472767273,30.418060107812764,30.456381129587108,30.838393926318414
2026-06-04 13:11:07,2026-06-04 13:11:07,2026-06-04 13:16:07,30.82385580794011,30.577570624060836,30.47741957046756,30.537150981529958,30.596772195980655,30.510849124795655,30.535109317150503,30.470555472767273,30.418060107812764,30.456381129587108,30.838393926318414
2026-06-04 13:15:21,2026-06-04 13:15:21,2026-06-04 13:20:21,29.478286247669573,30.83905002738008,30.848321738282124,30.827296122434678,31.135077757969164,31.05850368810807,30.681406629407284,30.840796599562943,30.511388839532813,32.11710290031425,31.57748048362127
2026-06-04 13:15:21,2026-06-04 13:15:21,2026-06-04 13:20:21,29.478286247669573,30.83905002738008,30.848321738282124,30.827296122434678,31.135077757969164,31.05850368810807,30.681406629407284,30.840796599562943,30.511388839532813,32.11710290031425,31.57748048362127
2026-06-04 13:20:21,2026-06-04 13:20:21,2026-06-04 13:25:21,29.898555373489327,31.06553610408938,31.025859937830628,30.9138055229077,31.296209081933526,30.897790660034197,30.872922740646,30.992916453581973,30.540296852077965,32.103986952178886,31.91105817762779
2026-06-04 13:20:21,2026-06-04 13:20:21,2026-06-04 13:25:21,29.898555373489327,31.06553610408938,31.025859937830628,30.9138055229077,31.296209081933526,30.897790660034197,30.872922740646,30.992916453581973,30.540296852077965,32.103986952178886,31.91105817762779
2026-06-04 13:21:07,2026-06-04 13:21:07,2026-06-04 13:26:07,30.993706861530978,30.627192708370366,30.506757690694197,30.489892391331882,30.637357799208523,30.440183159492957,30.62228142142752,30.449539908687697,30.489952507529107,30.4701125668953,30.93396804410013
2026-06-04 13:21:07,2026-06-04 13:21:07,2026-06-04 13:26:07,30.993706861530978,30.627192708370366,30.506757690694197,30.489892391331882,30.637357799208523,30.440183159492957,30.62228142142752,30.449539908687697,30.489952507529107,30.4701125668953,30.93396804410013
2026-06-04 13:25:21,2026-06-04 13:25:21,2026-06-04 13:30:21,29.881899887767318,31.068162372577692,31.33608161011033,31.05050196573803,31.33420661630818,31.080159503957702,30.958538255714952,31.01225079634858,31.27532765582399,32.215629179215036,31.941780824316677
2026-06-04 13:25:21,2026-06-04 13:25:21,2026-06-04 13:30:21,29.881899887767318,31.068162372577692,31.33608161011033,31.05050196573803,31.33420661630818,31.080159503957702,30.958538255714952,31.01225079634858,31.27532765582399,32.215629179215036,31.941780824316677
2026-06-04 13:26:08,2026-06-04 13:26:08,2026-06-04 13:31:08,31.095974898666363,30.67669471990594,30.62308235795116,30.578750104835596,30.643743192905674,30.506966842831098,30.703847752724055,30.493124979502387,30.520954347051287,30.492063508309194,30.95312121506073
2026-06-04 13:26:08,2026-06-04 13:26:08,2026-06-04 13:31:08,31.095974898666363,30.67669471990594,30.62308235795116,30.578750104835596,30.643743192905674,30.506966842831098,30.703847752724055,30.493124979502387,30.520954347051287,30.492063508309194,30.95312121506073
2026-06-04 13:30:22,2026-06-04 13:30:22,2026-06-04 13:35:22,29.72831339993007,31.355477110403772,31.08532394179443,31.317000830251807,31.471761315985912,31.119465224248984,30.983915552866886,31.10551744074774,31.264461186253953,32.326171459150444,31.94372525876447
2026-06-04 13:30:22,2026-06-04 13:30:22,2026-06-04 13:35:22,29.72831339993007,31.355477110403772,31.08532394179443,31.317000830251807,31.471761315985912,31.119465224248984,30.983915552866886,31.10551744074774,31.264461186253953,32.326171459150444,31.94372525876447
2026-06-04 13:35:22,2026-06-04 13:35:22,2026-06-04 13:40:22,29.984626179014047,31.02025491367269,30.991716075530597,31.198122826081555,31.142048765141794,31.106576092038058,30.929975061258297,31.086630714248695,30.948297164343945,32.36468808698169,31.95777897067565
2026-06-04 13:35:22,2026-06-04 13:35:22,2026-06-04 13:40:22,29.984626179014047,31.02025491367269,30.991716075530597,31.198122826081555,31.142048765141794,31.106576092038058,30.929975061258297,31.086630714248695,30.948297164343945,32.36468808698169,31.95777897067565
2026-06-04 13:36:09,2026-06-04 13:36:09,2026-06-04 13:41:09,30.85312972760513,30.656726462549333,30.489175228767174,30.61499721062398,30.545049243364403,30.514256813184,30.638068184973296,30.487709715438754,30.421328855616892,30.49698310827204,30.959790563227983
2026-06-04 13:36:09,2026-06-04 13:36:09,2026-06-04 13:41:09,30.85312972760513,30.656726462549333,30.489175228767174,30.61499721062398,30.545049243364403,30.514256813184,30.638068184973296,30.487709715438754,30.421328855616892,30.49698310827204,30.959790563227983
2026-06-04 13:40:23,2026-06-04 13:40:22,2026-06-04 13:45:22,29.214635337310625,31.149452444867052,31.01357592910692,31.05881258148164,31.154265381010536,30.91406742574094,30.903117169316427,30.966337749293984,30.553191688032676,32.105812392504106,31.7118113805945
2026-06-04 13:40:23,2026-06-04 13:40:22,2026-06-04 13:45:22,29.214635337310625,31.149452444867052,31.01357592910692,31.05881258148164,31.154265381010536,30.91406742574094,30.903117169316427,30.966337749293984,30.553191688032676,32.105812392504106,31.7118113805945
2026-06-04 13:41:10,2026-06-04 13:41:10,2026-06-04 13:46:10,30.76955247920562,30.632369501238,30.504945267936726,30.520519402607594,30.5665627516745,30.431326094296967,30.62453498486823,30.438627190811417,30.444833588151493,30.442818017192195,30.871419963966307
2026-06-04 13:41:10,2026-06-04 13:41:10,2026-06-04 13:46:10,30.76955247920562,30.632369501238,30.504945267936726,30.520519402607594,30.5665627516745,30.431326094296967,30.62453498486823,30.438627190811417,30.444833588151493,30.442818017192195,30.871419963966307
2026-06-04 13:45:23,2026-06-04 13:45:23,2026-06-04 13:50:23,29.638119048507523,30.91361868246351,30.86531490080877,30.878088251291043,31.198413698333944,30.69800896482371,30.925440551854646,30.790695735550717,30.476500475184526,31.853599527398377,31.75719533010763
2026-06-04 13:45:23,2026-06-04 13:45:23,2026-06-04 13:50:23,29.638119048507523,30.91361868246351,30.86531490080877,30.878088251291043,31.198413698333944,30.69800896482371,30.925440551854646,30.790695735550717,30.476500475184526,31.853599527398377,31.75719533010763
2026-06-04 13:50:24,2026-06-04 13:50:23,2026-06-04 13:55:23,29.433630143898476,30.82540737148311,30.671559870167652,30.497323013219955,31.110555393717487,30.67748365886819,30.82243754690042,30.571603353864536,30.34455905409487,31.75087468074396,31.71422041169698
2026-06-04 13:50:24,2026-06-04 13:50:23,2026-06-04 13:55:23,29.433630143898476,30.82540737148311,30.671559870167652,30.497323013219955,31.110555393717487,30.67748365886819,30.82243754690042,30.571603353864536,30.34455905409487,31.75087468074396,31.71422041169698
2026-06-04 13:51:11,2026-06-04 13:51:11,2026-06-04 13:56:11,30.565921220504325,30.502945619257808,30.38595482283659,30.342002477678438,30.551040732542695,30.361397673388424,30.57713106721477,30.30556309595749,30.468877829696595,30.43221363798059,30.86736118620936
2026-06-04 13:51:11,2026-06-04 13:51:11,2026-06-04 13:56:11,30.565921220504325,30.502945619257808,30.38595482283659,30.342002477678438,30.551040732542695,30.361397673388424,30.57713106721477,30.30556309595749,30.468877829696595,30.43221363798059,30.86736118620936
2026-06-04 13:55:24,2026-06-04 13:55:24,2026-06-04 14:00:24,29.224091068646665,30.50512131031255,30.514861026779325,30.44139321259637,30.91278111032481,30.4096088576326,30.66269895437954,30.51158775397402,30.041674069814057,31.57463249965756,31.66567923243138
2026-06-04 13:55:24,2026-06-04 13:55:24,2026-06-04 14:00:24,29.224091068646665,30.50512131031255,30.514861026779325,30.44139321259637,30.91278111032481,30.4096088576326,30.66269895437954,30.51158775397402,30.041674069814057,31.57463249965756,31.66567923243138
2026-06-04 14:00:24,2026-06-04 14:00:24,2026-06-04 14:05:24,29.233441484247503,30.565163172933122,30.448059841106502,30.47678348601983,30.90813491622971,30.499726787422798,30.701849308925098,30.374444812667925,29.699951809272267,31.606005395213003,31.454623969803453
2026-06-04 14:00:24,2026-06-04 14:00:24,2026-06-04 14:05:24,29.233441484247503,30.565163172933122,30.448059841106502,30.47678348601983,30.90813491622971,30.499726787422798,30.701849308925098,30.374444812667925,29.699951809272267,31.606005395213003,31.454623969803453
2026-06-04 14:01:12,2026-06-04 14:01:12,2026-06-04 14:06:12,30.31672358132909,30.360742145880153,30.308307669324982,30.36601728111813,30.49309682015731,30.288564958640315,30.49657647202986,30.270564688885415,30.451068178616968,30.43062206748906,30.771483647138172
2026-06-04 14:01:12,2026-06-04 14:01:12,2026-06-04 14:06:12,30.31672358132909,30.360742145880153,30.308307669324982,30.36601728111813,30.49309682015731,30.288564958640315,30.49657647202986,30.270564688885415,30.451068178616968,30.43062206748906,30.771483647138172
2026-06-04 14:05:25,2026-06-04 14:05:25,2026-06-04 14:10:25,28.983528515672596,30.459172913561563,30.33449016686242,30.32052664468935,30.95317902366261,30.158390013341556,30.65313303503101,30.401901279024877,29.16378500218351,31.274094694683328,31.317907975302205
2026-06-04 14:05:25,2026-06-04 14:05:25,2026-06-04 14:10:25,28.983528515672596,30.459172913561563,30.33449016686242,30.32052664468935,30.95317902366261,30.158390013341556,30.65313303503101,30.401901279024877,29.16378500218351,31.274094694683328,31.317907975302205
2026-06-04 14:10:25,2026-06-04 14:10:25,2026-06-04 14:15:25,28.389009369098176,30.482476363997005,30.385428035125145,30.51487311664254,31.00696560969433,30.507583489455342,30.57374061451704,30.560086628407248,29.458672351645745,31.674440616527168,31.452007424082858
2026-06-04 14:10:25,2026-06-04 14:10:25,2026-06-04 14:15:25,28.389009369098176,30.482476363997005,30.385428035125145,30.51487311664254,31.00696560969433,30.507583489455342,30.57374061451704,30.560086628407248,29.458672351645745,31.674440616527168,31.452007424082858
2026-06-04 14:11:14,2026-06-04 14:11:14,2026-06-04 14:16:14,29.988201878469116,30.34455124912587,30.285538079816718,30.353194347857503,30.53074352368203,30.299245374641103,30.40928518456742,30.347257685551966,30.519480807704287,30.475501553819786,30.7620114558493
2026-06-04 14:11:14,2026-06-04 14:11:14,2026-06-04 14:16:14,29.988201878469116,30.34455124912587,30.285538079816718,30.353194347857503,30.53074352368203,30.299245374641103,30.40928518456742,30.347257685551966,30.519480807704287,30.475501553819786,30.7620114558493
2026-06-04 14:15:26,2026-06-04 14:15:26,2026-06-04 14:20:26,28.358655092972764,30.47366362158063,30.269249316719407,30.31726835616311,30.742927700544723,30.149497537477668,30.385466058253925,30.270342379591977,29.23370449334252,31.29048126846471,31.259211334687983
2026-06-04 14:15:26,2026-06-04 14:15:26,2026-06-04 14:20:26,28.358655092972764,30.47366362158063,30.269249316719407,30.31726835616311,30.742927700544723,30.149497537477668,30.385466058253925,30.270342379591977,29.23370449334252,31.29048126846471,31.259211334687983
2026-06-04 14:20:26,2026-06-04 14:20:26,2026-06-04 14:25:26,28.314966542303146,30.458862076385756,30.432641468632774,30.66823402995429,30.761850950192375,30.371658291869224,30.4300004721876,30.31998600126152,29.169468863180814,31.435052718291256,31.474693365665527
2026-06-04 14:20:26,2026-06-04 14:20:26,2026-06-04 14:25:26,28.314966542303146,30.458862076385756,30.432641468632774,30.66823402995429,30.761850950192375,30.371658291869224,30.4300004721876,30.31998600126152,29.169468863180814,31.435052718291256,31.474693365665527
2026-06-04 14:21:15,2026-06-04 14:21:15,2026-06-04 14:26:15,30.062038630291482,30.344300929297795,30.29957529580974,30.41522394547999,30.441239209808703,30.231810281444304,30.326182410195646,30.2147587043259,30.463112498655892,30.42349833876918,30.768729304267126
2026-06-04 14:21:15,2026-06-04 14:21:15,2026-06-04 14:26:15,30.062038630291482,30.344300929297795,30.29957529580974,30.41522394547999,30.441239209808703,30.231810281444304,30.326182410195646,30.2147587043259,30.463112498655892,30.42349833876918,30.768729304267126
2026-06-04 14:25:26,2026-06-04 14:25:26,2026-06-04 14:30:26,28.29710669676382,30.468193169239452,30.25655964165924,30.451898881438748,30.79712747995647,30.361049785644244,30.359504285699014,30.123815709842287,28.94131412046316,31.273230272243765,31.283064098944326
2026-06-04 14:25:26,2026-06-04 14:25:26,2026-06-04 14:30:26,28.29710669676382,30.468193169239452,30.25655964165924,30.451898881438748,30.79712747995647,30.361049785644244,30.359504285699014,30.123815709842287,28.94131412046316,31.273230272243765,31.283064098944326
2026-06-04 14:26:16,2026-06-04 14:26:16,2026-06-04 14:31:16,29.949132310959484,30.34477239381889,30.254729859757628,30.378968602436718,30.468476465851396,30.294248141125024,30.308681889299475,30.197608634998453,30.46838196183266,30.382390334278142,30.70483719131597
2026-06-04 14:26:16,2026-06-04 14:26:16,2026-06-04 14:31:16,29.949132310959484,30.34477239381889,30.254729859757628,30.378968602436718,30.468476465851396,30.294248141125024,30.308681889299475,30.197608634998453,30.46838196183266,30.382390334278142,30.70483719131597
2026-06-04 14:30:26,2026-06-04 14:30:26,2026-06-04 14:35:26,28.157089304403982,30.635909331278647,30.250632384528114,30.75867218346455,30.719079617444983,30.243917710311937,30.641495430908886,30.144669681239833,29.059236493119528,31.248410174551452,31.489665164790484
2026-06-04 14:30:26,2026-06-04 14:30:26,2026-06-04 14:35:26,28.157089304403982,30.635909331278647,30.250632384528114,30.75867218346455,30.719079617444983,30.243917710311937,30.641495430908886,30.144669681239833,29.059236493119528,31.248410174551452,31.489665164790484
2026-06-04 14:35:26,2026-06-04 14:35:26,2026-06-04 14:40:26,28.299190869754295,30.52076813526719,29.993234142673302,30.454019489118604,30.516215009138794,30.163668418047642,30.553606078040097,29.97775315662289,29.42554506980906,31.128155395772747,31.23333839890441
2026-06-04 14:35:26,2026-06-04 14:35:26,2026-06-04 14:40:26,28.299190869754295,30.52076813526719,29.993234142673302,30.454019489118604,30.516215009138794,30.163668418047642,30.553606078040097,29.97775315662289,29.42554506980906,31.128155395772747,31.23333839890441
