timestamp,Điểm 3,Điểm 4,Điểm 5,Điểm 6,Điểm 7,Điểm 8,Điểm 2,Điểm 1,Điểm 9,Điểm 10,Vùng 1,Vùng 2,Vùng 3
2026-06-03 11:11:46,,,,,,,,27.224681854248047,,,,,
2026-06-03 11:13:50,30.061113357543945,29.328908920288086,30.061113357543945,30.353994369506836,29.768230438232422,30.061113357543945,30.061113357543945,,,,31.086200714111328,31.37908172607422,
2026-06-03 11:16:20,,,,,,,,27.467090606689453,,,,,
2026-06-03 11:16:23,29.621789932250977,30.061113357543945,30.20755386352539,30.793317794799805,30.20755386352539,30.061113357543945,30.061113357543945,,,,30.93975830078125,31.525524139404297,
2026-06-03 11:21:28,,,,,,,,27.476110458374023,,,,,
2026-06-03 11:21:39,29.621789932250977,29.47534942626953,29.9146728515625,30.353994369506836,30.353994369506836,30.353994369506836,29.9146728515625,,,,30.93975830078125,31.232641220092773,
2026-06-03 11:26:29,,,,,,,,26.751920700073242,,,,,
2026-06-03 11:26:39,30.20755386352539,29.768230438232422,29.621789932250977,29.9146728515625,29.9146728515625,29.9146728515625,30.061113357543945,,,,30.793317794799805,31.086200714111328,
2026-06-03 11:31:30,,,,,,,,26.73999786376953,,,,,
2026-06-03 11:31:42,30.09490203857422,29.63129234313965,29.785829544067383,30.403976440429688,30.09490203857422,30.249439239501953,30.09490203857422,,,,30.867586135864258,31.176660537719727,
2026-06-03 11:36:31,,,,,,,,26.72805404663086,,,,,
2026-06-03 11:36:42,30.09490203857422,29.63129234313965,29.785829544067383,30.249439239501953,30.09490203857422,30.249439239501953,29.476755142211914,,,,31.022123336791992,31.33119773864746,
2026-06-03 11:41:32,,,,,,,,27.18568992614746,,,,,
2026-06-03 11:41:43,30.161197662353516,29.72209930419922,30.01483154296875,30.30756187438965,29.72209930419922,30.01483154296875,30.453927993774414,,,,30.746658325195312,31.185754776000977,
2026-06-03 11:46:22,,,,,,,,27.074316024780273,,,,,
2026-06-03 11:46:44,29.69573974609375,29.256771087646484,29.256771087646484,29.988384246826172,29.69573974609375,29.69573974609375,29.988384246826172,,,,30.57367515563965,30.71999740600586,
2026-06-03 12:59:00,30.30466651916504,30.45174217224121,31.18712043762207,30.745893478393555,30.45174217224121,30.598817825317383,30.30466651916504,,,,31.334196090698242,31.481271743774414,
2026-06-03 12:59:01,,,,,,,,29.36876106262207,,,,,
2026-06-03 13:02:13,30.45168113708496,30.157527923583984,30.892908096313477,30.45168113708496,30.157527923583984,30.45168113708496,30.30460548400879,,,,31.481210708618164,31.62828826904297,
2026-06-03 13:04:12,,,,,,,,28.894149780273438,,,,,
2026-06-03 13:07:14,30.45162010192871,30.010391235351562,30.745771408081055,30.010391235351562,29.86331558227539,30.598695755004883,29.86331558227539,,,,31.334074020385742,31.62822723388672,
2026-06-03 13:09:13,,,,,,,,28.794851303100586,,,,,
2026-06-03 13:10:40,30.01031494140625,30.01031494140625,30.304468154907227,30.4515438079834,29.863239288330078,30.01031494140625,30.01031494140625,,,,31.186922073364258,31.628150939941406,
2026-06-03 13:10:43,,,,,,,,28.551387786865234,,,,,
2026-06-03 13:15:47,30.815032958984375,30.535602569580078,31.234180450439453,30.954748153686523,30.395885467529297,30.675317764282227,30.535602569580078,,,,31.6533260345459,31.6533260345459,
2026-06-03 13:15:51,,,,,,,,28.503068923950195,,,,,
2026-06-03 13:20:48,30.544918060302734,29.95696449279785,29.95696449279785,30.544918060302734,30.103952407836914,29.662986755371094,30.397930145263672,,,,31.132869720458984,31.27985954284668,
2026-06-03 13:20:58,,,,,,,,28.217605590820312,,,,,
2026-06-03 13:22:13,30.691905975341797,30.83889389038086,31.426847457885742,31.132869720458984,30.250940322875977,30.691905975341797,30.103952407836914,,,,31.426847457885742,31.573835372924805,
2026-06-03 13:22:17,,,,,,,,28.208566665649414,,,,,
2026-06-03 13:22:40,30.544918060302734,30.397930145263672,30.250940322875977,30.83889389038086,30.397930145263672,30.544918060302734,30.691905975341797,,,,31.426847457885742,31.573835372924805,
2026-06-03 13:22:43,,,,,,,,28.44568634033203,,,,,
2026-06-03 13:25:04,30.3715763092041,30.665468215942383,30.518522262573242,30.665468215942383,30.518522262573242,30.665468215942383,30.3715763092041,,,,31.400197982788086,31.400197982788086,
2026-06-03 13:25:07,,,,,,,,28.196496963500977,,,,,
2026-06-03 13:30:12,29.46706771850586,30.054698944091797,30.054698944091797,30.3485164642334,29.907791137695312,30.201608657836914,29.907791137695312,,,,31.229963302612305,31.523780822753906,
2026-06-03 13:30:22,,,,,,,,27.947399139404297,,,,,
2026-06-03 13:35:13,30.468997955322266,30.76272964477539,30.76272964477539,30.909595489501953,30.468997955322266,30.76272964477539,30.468997955322266,,,,31.643922805786133,31.937652587890625,
2026-06-03 13:35:24,,,,,,,,28.443838119506836,,,,,
2026-06-03 13:40:04,30.11600112915039,29.9692325592041,30.55630874633789,30.40953826904297,30.11600112915039,30.11600112915039,30.11600112915039,,,,31.143383026123047,31.143383026123047,
2026-06-03 13:40:14,,,,,,,,27.98875617980957,,,,,
2026-06-03 13:45:04,29.479816436767578,29.186439514160156,29.91988182067871,30.213258743286133,29.91988182067871,29.91988182067871,29.479816436767578,,,,30.653322219848633,30.800010681152344,
2026-06-03 13:45:14,,,,,,,,27.84510040283203,,,,,
2026-06-03 13:50:05,29.750207901000977,29.750207901000977,29.750207901000977,30.19015884399414,29.60355567932129,30.043508529663086,29.89685821533203,,,,30.923412322998047,31.0700626373291,
2026-06-03 13:50:15,,,,,,,,28.069799423217773,,,,,
2026-06-03 13:55:05,29.700912475585938,29.700912475585938,29.700912475585938,30.433765411376953,29.407772064208984,29.700912475585938,29.99405288696289,,,,30.58033561706543,31.02004623413086,
2026-06-03 13:55:15,,,,,,,,27.305639266967773,,,,,
2026-06-03 14:00:06,30.114215850830078,29.674633026123047,30.114215850830078,30.407270431518555,29.8211612701416,30.2607421875,30.114215850830078,,,,31.13990592956543,31.286434173583984,
2026-06-03 14:00:15,,,,,,,,27.727617263793945,,,,,
2026-06-03 14:05:07,29.967687606811523,29.38157844543457,29.967687606811523,30.407270431518555,30.114215850830078,30.114215850830078,29.674633026123047,,,,30.993379592895508,31.13990592956543,
2026-06-03 14:05:16,,,,,,,,28.00940704345703,,,,,
2026-06-03 14:09:05,30.387353897094727,30.094364166259766,30.240859985351562,30.826839447021484,29.508384704589844,29.801374435424805,29.508384704589844,,,,31.119829177856445,31.26632308959961,
2026-06-03 14:09:06,,,,,,,,28.258106231689453,,,,,
2026-06-03 14:14:15,29.62199592590332,29.32911491394043,29.768436431884766,30.207759857177734,29.62199592590332,29.768436431884766,29.914878845214844,,,,30.939964294433594,31.232847213745117,
2026-06-03 14:14:25,,,,,,,,28.258106231689453,,,,,
2026-06-03 14:19:16,30.095104217529297,29.786029815673828,30.5587158203125,30.24964141845703,29.940567016601562,29.940567016601562,29.940567016601562,,,,31.022327423095703,31.176864624023438,
2026-06-03 14:19:26,,,,,,,,27.045135498046875,,,,,
2026-06-03 14:24:18,29.86866569519043,29.86866569519043,29.57593536376953,30.89322853088379,29.86866569519043,29.57593536376953,29.57593536376953,,,,30.89322853088379,31.332324981689453,
2026-06-03 14:24:28,,,,,,,,27.003267288208008,,,,,
2026-06-03 14:29:18,30.700157165527344,29.968704223632812,30.26128578186035,30.407575607299805,29.82241439819336,30.700157165527344,29.968704223632812,,,,31.139028549194336,31.28531837463379,
2026-06-03 14:29:29,,,,,,,,26.866945266723633,,,,,
2026-06-03 14:34:18,30.065284729003906,29.04181671142578,29.91907501220703,29.480445861816406,29.480445861816406,29.33423614501953,29.33423614501953,,,,30.650123596191406,31.08875274658203,
2026-06-03 14:34:20,,,,,,,,27.37381362915039,,,,,
2026-06-03 14:39:19,29.949432373046875,29.177997589111328,29.949432373046875,30.10371971130371,29.949432373046875,29.949432373046875,30.10371971130371,,,,30.87515640258789,31.18372917175293,
2026-06-03 14:39:30,,,,,,,,26.387537002563477,,,,,
2026-06-03 14:44:13,29.105924606323242,29.398075103759766,29.398075103759766,30.128450393676758,29.982376098632812,29.69022560119629,29.54414939880371,,,,30.712751388549805,31.004901885986328,
2026-06-03 14:44:16,,,,,,,,27.310571670532227,,,,,
2026-06-03 14:47:02,30.42060089111328,29.54414939880371,29.836299896240234,30.128450393676758,29.836299896240234,29.982376098632812,29.54414939880371,,,,30.42060089111328,30.858827590942383,
2026-06-03 14:47:05,,,,,,,,26.832612991333008,,,,,
2026-06-03 14:52:11,29.81311798095703,29.81311798095703,30.105192184448242,30.397268295288086,30.105192184448242,29.959156036376953,30.251230239868164,,,,30.83538055419922,30.981416702270508,
2026-06-03 14:52:21,,,,,,,,26.80263900756836,,,,,
2026-06-03 14:57:12,29.59680938720703,29.59680938720703,29.735504150390625,30.151588439941406,29.458114624023438,29.59680938720703,29.59680938720703,,,,30.567672729492188,30.98375701904297,
2026-06-03 14:57:22,,,,,,,,26.318946838378906,,,,,
2026-06-03 14:58:26,29.87419891357422,29.59680938720703,30.012893676757812,29.87419891357422,29.458114624023438,29.59680938720703,29.59680938720703,,,,30.567672729492188,31.122451782226562,
2026-06-03 14:58:29,,,,,,,,26.5428466796875,,,,,
2026-06-03 15:02:14,30.290283203125,29.458114624023438,29.59680938720703,29.735504150390625,29.59680938720703,30.151588439941406,30.151588439941406,,,,30.567672729492188,30.845062255859375,
2026-06-03 15:02:17,,,,,,,,27.008451461791992,,,,,
2026-06-03 15:04:31,29.735504150390625,29.458114624023438,30.151588439941406,30.290283203125,29.458114624023438,29.59680938720703,29.87419891357422,,,,30.567672729492188,30.70636749267578,
2026-06-03 15:04:34,,,,,,,,26.763654708862305,,,,,
2026-06-03 15:09:39,28.578601837158203,29.3255558013916,29.17959976196289,30.63916778564453,29.90938377380371,29.90938377380371,29.617469787597656,,,,30.63916778564453,31.077037811279297,
2026-06-03 15:09:50,,,,,,,,26.053359985351562,,,,,
2026-06-03 15:14:40,30.347253799438477,29.3255558013916,29.90938377380371,30.785123825073242,30.055339813232422,30.63916778564453,29.90938377380371,,,,30.785123825073242,31.222993850708008,
2026-06-03 15:14:40,,,,,,,,27.45585823059082,,,,,
2026-06-03 15:19:40,29.59098243713379,29.445068359375,29.882810592651367,29.882810592651367,29.736896514892578,29.445068359375,29.445068359375,,,,30.46646499633789,30.61237907409668,
2026-06-03 15:19:50,,,,,,,,27.20203399658203,,,,,
2026-06-03 15:24:41,29.736896514892578,29.59098243713379,29.736896514892578,30.174636840820312,30.3205509185791,29.736896514892578,29.736896514892578,,,,30.61237907409668,31.050121307373047,
2026-06-03 15:24:52,,,,,,,,26.730670928955078,,,,,
2026-06-03 15:29:42,29.71368980407715,30.005443572998047,29.71368980407715,29.85956573486328,29.71368980407715,29.567813873291016,30.005443572998047,,,,30.443071365356445,30.73482322692871,
2026-06-03 15:29:43,,,,,,,,26.259309768676758,,,,,
2026-06-03 15:34:43,30.15131950378418,29.421937942504883,29.85956573486328,30.73482322692871,30.297195434570312,29.567813873291016,29.85956573486328,,,,31.026575088500977,31.17245101928711,
2026-06-03 15:34:43,,,,,,,,26.721647262573242,,,,,
2026-06-03 15:39:43,29.85956573486328,30.005443572998047,29.85956573486328,30.297195434570312,30.005443572998047,29.71368980407715,29.27606201171875,,,,30.73482322692871,31.318326950073242,
2026-06-03 15:39:43,,,,,,,,26.485990524291992,,,,,
2026-06-03 15:44:44,29.978822708129883,29.687156677246094,29.249658584594727,29.687156677246094,30.707984924316406,29.832988739013672,29.832988739013672,,,,30.562152862548828,30.999650955200195,
2026-06-03 15:44:45,,,,,,,,26.706655502319336,,,,,
2026-06-03 15:49:44,29.10382652282715,28.81216049194336,29.541324615478516,29.832988739013672,29.541324615478516,29.541324615478516,28.95799446105957,,,,30.12465476989746,30.562152862548828,
2026-06-03 15:49:46,,,,,,,,27.17185401916504,,,,,
2026-06-03 15:52:23,29.541324615478516,28.503339767456055,29.395492553710938,30.12465476989746,29.395492553710938,29.832988739013672,29.395492553710938,,,,30.41632080078125,30.707984924316406,
2026-06-03 15:52:36,29.395492553710938,28.95799446105957,29.687156677246094,29.832988739013672,29.395492553710938,29.395492553710938,29.249658584594727,29.687156677246094,,,30.27048683166504,30.562152862548828,
2026-06-03 15:53:11,29.541324615478516,29.10382652282715,29.541324615478516,29.541324615478516,29.541324615478516,29.687156677246094,29.395492553710938,29.541324615478516,,,30.27048683166504,30.562152862548828,
2026-06-03 15:53:14,,,,,,,,26.942272186279297,,,,,
2026-06-03 15:53:31,29.978822708129883,28.95799446105957,30.12465476989746,29.832988739013672,29.395492553710938,29.395492553710938,29.832988739013672,29.10382652282715,,,30.41632080078125,30.853818893432617,
2026-06-03 15:53:35,,,,,,,,26.936254501342773,,,,,
2026-06-03 15:56:49,29.10382652282715,28.66632843017578,29.541324615478516,29.687156677246094,29.687156677246094,29.687156677246094,29.10382652282715,29.249658584594727,,,30.27048683166504,30.41632080078125,
2026-06-03 15:56:52,,,,,,,,26.930233001708984,,,,,
2026-06-03 16:00:33,29.395492553710938,28.95799446105957,29.249658584594727,29.687156677246094,29.249658584594727,29.687156677246094,28.95799446105957,29.541324615478516,,,30.27048683166504,30.562152862548828,
2026-06-03 16:00:36,,,,,,,,26.930233001708984,,,,,
2026-06-03 16:03:32,29.249658584594727,29.249658584594727,29.10382652282715,30.12465476989746,29.687156677246094,29.832988739013672,28.66632843017578,29.395492553710938,,,30.562152862548828,30.562152862548828,
2026-06-03 16:03:34,,,,,,,,26.4560546875,,,,,
2026-06-03 16:07:47,29.541324615478516,29.395492553710938,29.832988739013672,30.27048683166504,29.978822708129883,29.687156677246094,29.978822708129883,29.541324615478516,,,30.707984924316406,30.853818893432617,
2026-06-03 16:12:56,29.395492553710938,29.249658584594727,29.541324615478516,29.832988739013672,30.27048683166504,29.687156677246094,29.10382652282715,29.978822708129883,,,30.562152862548828,30.707984924316406,
2026-06-03 16:15:46,29.687156677246094,29.10382652282715,29.10382652282715,30.27048683166504,29.687156677246094,29.249658584594727,29.395492553710938,29.687156677246094,,,30.41632080078125,30.707984924316406,
2026-06-03 16:15:49,,,,,,,,26.87904930114746,,,,,
2026-06-03 16:20:55,29.832988739013672,29.249658584594727,28.95799446105957,29.832988739013672,29.978822708129883,29.978822708129883,29.249658584594727,30.27048683166504,,,30.707984924316406,30.853818893432617,
2026-06-03 16:21:06,,,,,,,,26.885066986083984,,,,,
2026-06-03 16:25:55,29.687156677246094,29.10382652282715,29.687156677246094,30.12465476989746,29.978822708129883,30.12465476989746,29.687156677246094,29.687156677246094,,,30.707984924316406,30.853818893432617,
2026-06-03 16:25:57,,,,,,,,26.643604278564453,,,,,
2026-06-03 16:30:56,29.2430477142334,28.496782302856445,28.95140266418457,29.972156524658203,28.95140266418457,29.38886833190918,29.2430477142334,29.2430477142334,,,30.117977142333984,30.409622192382812,
2026-06-03 16:31:07,,,,,,,,25.931304931640625,,,,,
2026-06-03 16:32:52,29.09063148498535,28.490232467651367,29.09063148498535,29.673877716064453,28.799009323120117,29.09063148498535,29.38225555419922,29.38225555419922,,,29.965499877929688,30.111312866210938,
2026-06-03 16:32:55,,,,,,,,27.102397918701172,,,,,
2026-06-03 16:38:00,29.36571502685547,29.074148178100586,29.074148178100586,30.240419387817383,29.511499404907227,29.36571502685547,29.657283782958984,29.9488525390625,,,30.5319881439209,30.823556900024414,
2026-06-03 16:38:10,,,,,,,,26.390169143676758,,,,,
2026-06-03 16:43:01,29.511499404907227,29.074148178100586,29.657283782958984,30.094635009765625,29.21993064880371,29.21993064880371,29.511499404907227,29.803068161010742,,,30.38620376586914,30.969341278076172,
2026-06-03 16:43:11,,,,,,,,26.866985321044922,,,,,
2026-06-03 16:48:01,29.657283782958984,28.928363800048828,29.074148178100586,29.9488525390625,29.074148178100586,29.511499404907227,29.36571502685547,29.657283782958984,,,30.38620376586914,30.5319881439209,
2026-06-03 16:48:01,,,,,,,,26.649606704711914,,,,,
2026-06-03 16:53:02,29.657283782958984,29.36571502685547,29.803068161010742,30.094635009765625,29.803068161010742,29.36571502685547,29.803068161010742,29.511499404907227,,,30.823556900024414,30.969341278076172,
2026-06-03 16:53:12,,,,,,,,26.942272186279297,,,,,
2026-06-03 16:58:03,30.29051399230957,29.998783111572266,30.873973846435547,30.873973846435547,30.144649505615234,30.436378479003906,30.144649505615234,29.998783111572266,,,31.16570472717285,31.31157112121582,
2026-06-03 16:58:13,,,,,,,,27.95771598815918,,,,,
2026-06-03 17:03:03,30.07195472717285,30.8018741607666,30.6558895111084,30.6558895111084,30.07195472717285,30.363922119140625,30.217939376831055,30.217939376831055,,,31.53179168701172,31.67047691345215,
2026-06-03 17:03:14,,,,,,,,27.552570343017578,,,,,
2026-06-03 17:08:04,30.447265625,30.8856201171875,30.8856201171875,31.4700927734375,30.5933837890625,30.739501953125,30.8856201171875,30.5933837890625,,,31.755023956298828,31.893836975097656,
2026-06-03 17:08:15,,,,,,,,28.161869049072266,,,,,
2026-06-03 17:13:06,30.088512420654297,30.52725601196289,30.088512420654297,30.81974983215332,30.234760284423828,29.942264556884766,30.673503875732422,30.52725601196289,,,31.258493423461914,31.550987243652344,
2026-06-03 17:13:16,,,,,,,,28.17020606994629,,,,,
2026-06-03 17:18:07,31.01563262939453,30.706581115722656,30.39752960205078,31.17015838623047,30.706581115722656,30.55205535888672,30.55205535888672,30.243003845214844,,,31.479209899902344,31.78826141357422,
2026-06-03 17:18:18,,,,,,,,28.731340408325195,,,,,
2026-06-03 17:21:16,30.670379638671875,30.816858291625977,30.377422332763672,30.963336944580078,30.230941772460938,30.523900985717773,30.670379638671875,30.084463119506836,,,31.402772903442383,31.549251556396484,
2026-06-03 17:21:19,,,,,,,,28.773967742919922,,,,,
2026-06-03 17:26:24,30.57369613647461,31.30649185180664,30.427135467529297,30.57369613647461,30.72025489807129,31.01337432861328,31.15993309020996,30.86681365966797,,,31.453052520751953,31.599611282348633,
2026-06-03 17:26:35,,,,,,,,29.103866577148438,,,,,
2026-06-03 17:31:26,31.233417510986328,30.940061569213867,31.526771545410156,31.673450469970703,30.940061569213867,31.233417510986328,30.940061569213867,30.940061569213867,,,31.96680450439453,32.11348342895508,
2026-06-03 17:31:37,,,,,,,,28.919925689697266,,,,,
2026-06-03 17:33:37,31.553544998168945,30.966663360595703,31.70026397705078,31.70026397705078,30.966663360595703,30.966663360595703,31.406824111938477,31.260103225708008,,,32.14042663574219,32.14042663574219,
2026-06-03 17:33:40,,,,,,,,30.053728103637695,,,,,
2026-06-03 17:38:46,31.14438819885254,30.989381790161133,31.14438819885254,31.454402923583984,30.834373474121094,30.989381790161133,30.834373474121094,31.454402923583984,,,31.91942596435547,32.074432373046875,
2026-06-03 17:38:57,,,,,,,,29.00494384765625,,,,,
2026-06-03 17:41:13,31.299396514892578,30.989381790161133,31.76441764831543,30.679367065429688,30.989381790161133,31.14438819885254,30.679367065429688,30.834373474121094,29.74932289123535,,31.91942596435547,31.91942596435547,
2026-06-03 17:43:59,,,,,,,,27.758298873901367,,,,,
2026-06-03 17:46:15,30.989381790161133,31.14438819885254,30.679367065429688,31.299396514892578,31.299396514892578,30.834373474121094,30.989381790161133,30.369352340698242,30.059337615966797,,31.76441764831543,32.074432373046875,
2026-06-03 17:49:01,,,,,,,,27.94137191772461,,,,,
2026-06-03 17:51:16,31.033180236816406,30.299041748046875,30.44586944580078,31.033180236816406,31.033180236816406,30.8863525390625,30.8863525390625,31.180007934570312,30.299041748046875,,31.767318725585938,31.62049102783203,
2026-06-03 17:54:02,,,,,,,,29.357513427734375,,,,,
2026-06-03 17:56:17,30.739524841308594,30.592697143554688,31.32683563232422,31.62049102783203,31.180007934570312,30.8863525390625,31.033180236816406,31.033180236816406,30.44586944580078,,31.767318725585938,31.914146423339844,
2026-06-03 17:56:31,30.592697143554688,31.033180236816406,30.739524841308594,30.8863525390625,31.180007934570312,30.8863525390625,31.033180236816406,30.44586944580078,30.44586944580078,,31.767318725585938,31.914146423339844,
2026-06-03 17:59:03,,,,,,,,29.575176239013672,,,,,
2026-06-03 18:01:31,30.739524841308594,31.180007934570312,30.44586944580078,30.739524841308594,30.739524841308594,30.739524841308594,30.8863525390625,31.180007934570312,30.8863525390625,,31.914146423339844,31.914146423339844,
2026-06-03 18:04:04,,,,,,,,28.454750061035156,,,,,
2026-06-03 18:06:33,31.609411239624023,31.299396514892578,31.14438819885254,31.14438819885254,30.989381790161133,30.989381790161133,31.14438819885254,30.52436065673828,30.52436065673828,,31.91942596435547,32.074432373046875,
2026-06-03 18:09:06,,,,,,,,29.860387802124023,,,,,
2026-06-03 18:11:34,31.253252029418945,30.812414169311523,31.106306076049805,30.812414169311523,31.253252029418945,31.253252029418945,31.547142028808594,31.547142028808594,30.959360122680664,,32.2818717956543,32.2818717956543,
2026-06-03 18:14:07,,,,,,,,29.68533706665039,,,,,
2026-06-03 18:16:37,31.039766311645508,30.45146369934082,31.039766311645508,31.039766311645508,30.892690658569336,30.598539352416992,30.745615005493164,31.18684196472168,31.18684196472168,,31.922218322753906,32.21636962890625,
2026-06-03 18:19:08,,,,,,,,29.528457641601562,,,,,
2026-06-03 18:21:38,31.628318786621094,31.187089920043945,30.8929386138916,30.74586296081543,31.187089920043945,31.48124122619629,31.040014266967773,31.628318786621094,30.598787307739258,,32.21662139892578,32.06954574584961,
2026-06-03 18:24:10,,,,,,,,29.776473999023438,,,,,
2026-06-03 18:26:38,31.040109634399414,30.74595832824707,30.893033981323242,30.598880767822266,31.481338500976562,30.893033981323242,30.893033981323242,30.74595832824707,31.040109634399414,,32.069644927978516,32.069644927978516,
2026-06-03 18:29:01,,,,,,,,30.251413345336914,,,,,
2026-06-03 18:31:40,30.74595832824707,31.18718719482422,31.33426284790039,31.18718719482422,30.893033981323242,31.18718719482422,31.18718719482422,31.628416061401367,30.598880767822266,,32.069644927978516,32.069644927978516,
2026-06-03 18:34:11,,,,,,,,29.385221481323242,,,,,
2026-06-03 18:36:41,31.33426284790039,31.18718719482422,31.33426284790039,31.77549171447754,31.481338500976562,31.33426284790039,31.481338500976562,31.77549171447754,30.598880767822266,,32.36379623413086,32.36379623413086,
2026-06-03 18:39:13,,,,,,,,29.168704986572266,,,,,
2026-06-03 18:41:43,32.069644927978516,31.040109634399414,31.481338500976562,32.37196731567383,31.77549171447754,31.628416061401367,31.628416061401367,31.628416061401367,31.040109634399414,,32.52721405029297,32.83770751953125,
2026-06-03 18:44:14,,,,,,,,29.66558074951172,,,,,
2026-06-03 18:46:44,31.923198699951172,31.629045486450195,32.68309783935547,31.923198699951172,31.776123046875,32.21735382080078,31.776123046875,31.923198699951172,31.923198699951172,,33.148841857910156,32.993595123291016,
2026-06-03 18:49:15,,,,,,,,29.683860778808594,,,,,
2026-06-03 18:51:46,32.37276077270508,31.923358917236328,31.187971115112305,31.482126235961914,31.923358917236328,31.776281356811523,31.923358917236328,31.482126235961914,31.482126235961914,,32.83850860595703,32.83850860595703,
2026-06-03 18:54:05,,,,,,,,29.929170608520508,,,,,
2026-06-03 18:56:48,32.52792739868164,31.776199340820312,31.040813446044922,31.923274993896484,31.33496856689453,32.07035446166992,32.07035446166992,31.482044219970703,31.482044219970703,,32.83842468261719,32.99367141723633,
2026-06-03 18:59:15,,,,,,,,29.947463989257812,,,,,
2026-06-03 19:01:50,32.07035446166992,31.482044219970703,31.33496856689453,32.07035446166992,31.482044219970703,32.52792739868164,31.629121780395508,32.217430114746094,31.776199340820312,,32.68317413330078,32.83842468261719,
2026-06-03 19:04:16,,,,,,,,30.180702209472656,,,,,
2026-06-03 19:06:51,32.217369079589844,31.040752410888672,31.629060745239258,31.629060745239258,31.33490753173828,32.07029342651367,31.776138305664062,32.07029342651367,31.629060745239258,,32.68311309814453,32.68311309814453,
2026-06-03 19:09:17,,,,,,,,31.089509963989258,,,,,
2026-06-03 19:11:51,31.629060745239258,31.776138305664062,31.187829971313477,31.481983184814453,31.481983184814453,31.629060745239258,31.776138305664062,31.629060745239258,31.481983184814453,,32.52786636352539,32.52786636352539,
2026-06-03 19:14:18,,,,,,,,30.435426712036133,,,,,
2026-06-03 19:16:53,32.07029342651367,31.776138305664062,31.481983184814453,32.07029342651367,31.629060745239258,31.629060745239258,31.776138305664062,32.217369079589844,32.07029342651367,,32.68311309814453,32.83835983276367,
2026-06-03 19:19:19,,,,,,,,30.214313507080078,,,,,
2026-06-03 19:21:54,31.776138305664062,31.776138305664062,31.33490753173828,31.776138305664062,31.776138305664062,31.629060745239258,31.629060745239258,31.923213958740234,31.629060745239258,,32.99361038208008,32.99361038208008,
2026-06-03 19:24:09,,,,,,,,30.74302101135254,,,,,
2026-06-03 19:26:55,31.481983184814453,31.33490753173828,31.187829971313477,31.33490753173828,31.776138305664062,32.217369079589844,32.07029342651367,31.629060745239258,31.33490753173828,,32.83835983276367,32.83835983276367,
2026-06-03 19:29:20,,,,,,,,30.510984420776367,,,,,
2026-06-03 19:31:56,31.923213958740234,31.776138305664062,31.629060745239258,32.07029342651367,31.629060745239258,31.923213958740234,31.629060745239258,32.07029342651367,31.776138305664062,,32.83835983276367,32.83835983276367,
2026-06-03 19:34:23,,,,,,,,30.040700912475586,,,,,
2026-06-03 19:36:57,32.372615814208984,32.217369079589844,31.629060745239258,32.07029342651367,31.923213958740234,32.52786636352539,32.217369079589844,31.923213958740234,31.923213958740234,,32.83835983276367,32.83835983276367,
2026-06-03 19:39:13,,,,,,,,30.294191360473633,,,,,
2026-06-03 19:41:58,31.923259735107422,31.77618408203125,32.07033920288086,32.07033920288086,31.629106521606445,31.77618408203125,31.77618408203125,32.07033920288086,31.48202896118164,,32.838409423828125,32.68315887451172,
2026-06-03 19:44:24,,,,,,,,30.77988052368164,,,,,
2026-06-03 19:47:00,31.923259735107422,31.629106521606445,31.77618408203125,31.923259735107422,31.77618408203125,31.629106521606445,31.33495330810547,32.07033920288086,31.77618408203125,,32.68315887451172,32.838409423828125,
2026-06-03 19:49:25,,,,,,,,30.303346633911133,,,,,
2026-06-03 19:52:01,31.923259735107422,31.33495330810547,32.07033920288086,31.923259735107422,31.48202896118164,31.77618408203125,32.07033920288086,31.77618408203125,31.629106521606445,,32.68315887451172,32.68315887451172,
2026-06-03 19:54:16,,,,,,,,31.25641632080078,,,,,
2026-06-03 19:57:02,32.528011322021484,31.923358917236328,31.776281356811523,32.0704345703125,31.62920379638672,32.21751403808594,32.0704345703125,31.776281356811523,31.62920379638672,,32.83850860595703,32.83850860595703,
2026-06-03 19:59:26,,,,,,,,30.559993743896484,,,,,
2026-06-03 20:02:04,32.21751403808594,32.528011322021484,32.21751403808594,31.923358917236328,32.0704345703125,32.37276077270508,31.923358917236328,32.21751403808594,31.923358917236328,,32.99375534057617,33.14900588989258,
2026-06-03 20:04:29,,,,,,,,30.798311233520508,,,,,
2026-06-03 20:07:06,32.21751403808594,31.923358917236328,31.482126235961914,31.62920379638672,31.776281356811523,32.21751403808594,31.923358917236328,32.0704345703125,32.21751403808594,,33.14900588989258,33.14900588989258,
2026-06-03 20:09:31,,,,,,,,31.030471801757812,,,,,
2026-06-03 20:12:07,31.776281356811523,32.0704345703125,32.21751403808594,31.62920379638672,32.0704345703125,32.0704345703125,32.683258056640625,32.528011322021484,31.923358917236328,,33.14900588989258,33.459503173828125,
2026-06-03 20:14:21,,,,,,,,30.559993743896484,,,,,
2026-06-03 20:17:07,31.923358917236328,31.923358917236328,32.0704345703125,32.21751403808594,32.21751403808594,31.776281356811523,32.37276077270508,32.0704345703125,31.923358917236328,,33.14900588989258,33.14900588989258,
2026-06-03 20:19:31,,,,,,,,30.095563888549805,,,,,
2026-06-03 20:22:10,31.923419952392578,31.923419952392578,31.62926483154297,32.07049560546875,31.776342391967773,32.683319091796875,32.21757507324219,31.923419952392578,31.62926483154297,,32.99381637573242,32.99381637573242,
2026-06-03 20:24:21,,,,,,,,31.048954010009766,,,,,
2026-06-03 20:27:11,31.776342391967773,31.923419952392578,31.923419952392578,31.776342391967773,32.37282180786133,32.07049560546875,31.33510971069336,32.07049560546875,31.923419952392578,,32.83856964111328,32.99381637573242,
2026-06-03 20:29:33,,,,,,,,30.5783748626709,,,,,
2026-06-03 20:32:11,31.776342391967773,31.62926483154297,31.776342391967773,32.21757507324219,31.776342391967773,31.923419952392578,32.07049560546875,31.62926483154297,31.33510971069336,,32.83856964111328,32.99381637573242,
2026-06-03 20:34:23,,,,,,,,31.54729461669922,,,,,
2026-06-03 20:37:13,31.923419952392578,31.62926483154297,32.21757507324219,31.923419952392578,32.21757507324219,31.923419952392578,31.776342391967773,32.07049560546875,31.482187271118164,,32.99381637573242,33.14906692504883,
2026-06-03 20:39:35,,,,,,,,30.593677520751953,,,,,
2026-06-03 20:42:14,32.21757507324219,31.482187271118164,31.62926483154297,32.37282180786133,31.776342391967773,31.923419952392578,31.482187271118164,31.482187271118164,31.776342391967773,,32.683319091796875,33.14906692504883,
2026-06-03 20:44:26,,,,,,,,31.073572158813477,,,,,
2026-06-03 20:47:15,32.21757507324219,31.923419952392578,31.62926483154297,32.07049560546875,31.923419952392578,32.21757507324219,32.21757507324219,32.07049560546875,32.07049560546875,,32.99381637573242,32.99381637573242,
2026-06-03 20:49:36,,,,,,,,31.070486068725586,,,,,
2026-06-03 20:52:16,32.217620849609375,31.48223304748535,31.923465728759766,32.217620849609375,31.923465728759766,31.77638816833496,32.07054138183594,32.217620849609375,32.217620849609375,,32.99386215209961,33.149112701416016,
2026-06-03 20:54:37,,,,,,,,31.070486068725586,,,,,
2026-06-03 20:57:17,32.07057189941406,31.188108444213867,31.482263565063477,32.07057189941406,31.482263565063477,31.776418685913086,31.62934112548828,32.2176513671875,31.776418685913086,,32.52814865112305,32.68339920043945,
2026-06-03 20:59:38,,,,,,,,30.84128761291504,,,,,
2026-06-03 21:02:17,32.2176513671875,31.92349624633789,31.62934112548828,31.62934112548828,31.62934112548828,31.776418685913086,31.62934112548828,31.92349624633789,31.482263565063477,,32.68339920043945,33.14914321899414,
2026-06-03 21:04:29,,,,,,,,30.141231536865234,,,,,
2026-06-03 21:07:18,32.52814865112305,31.92349624633789,32.372901916503906,32.2176513671875,32.07057189941406,32.2176513671875,32.2176513671875,31.92349624633789,31.92349624633789,,33.14914321899414,33.14914321899414,
2026-06-03 21:09:39,,,,,,,,29.908828735351562,,,,,
2026-06-03 21:12:18,32.372901916503906,31.62934112548828,31.188108444213867,31.92349624633789,31.92349624633789,32.07057189941406,31.92349624633789,31.92349624633789,32.52814865112305,,32.993896484375,32.838645935058594,
2026-06-03 21:14:29,,,,,,,,29.67034339904785,,,,,
2026-06-03 21:17:19,31.776418685913086,31.62934112548828,31.335186004638672,31.62934112548828,31.62934112548828,32.07057189941406,31.482263565063477,32.07057189941406,32.07057189941406,,32.68339920043945,32.68339920043945,
2026-06-03 21:19:39,,,,,,,,29.91490936279297,,,,,
2026-06-03 21:22:19,31.92349624633789,32.07057189941406,31.92349624633789,31.776418685913086,31.482263565063477,32.372901916503906,31.482263565063477,32.07057189941406,32.2176513671875,,32.838645935058594,33.14914321899414,
2026-06-03 21:24:40,,,,,,,,30.881195068359375,,,,,
2026-06-03 21:27:20,31.776418685913086,31.92349624633789,31.335186004638672,32.2176513671875,32.2176513671875,31.92349624633789,31.776418685913086,32.07057189941406,32.372901916503906,,32.993896484375,32.838645935058594,
2026-06-03 21:29:41,,,,,,,,31.358261108398438,,,,,
2026-06-03 21:32:22,31.92349624633789,31.62934112548828,32.07057189941406,32.52814865112305,32.07057189941406,31.92349624633789,31.776418685913086,31.62934112548828,32.07057189941406,,32.993896484375,33.14914321899414,
2026-06-03 21:34:31,,,,,,,,31.364418029785156,,,,,
2026-06-03 21:37:22,31.92349624633789,31.335186004638672,31.776418685913086,31.62934112548828,32.07057189941406,31.62934112548828,31.62934112548828,31.92349624633789,31.776418685913086,,32.68339920043945,32.68339920043945,
2026-06-03 21:39:41,,,,,,,,30.887317657470703,,,,,
2026-06-03 21:42:23,32.2176513671875,31.188108444213867,31.776418685913086,31.92349624633789,32.07057189941406,32.07057189941406,31.482263565063477,32.372901916503906,31.92349624633789,,32.838645935058594,32.838645935058594,
2026-06-03 21:44:32,,,,,,,,30.16559600830078,,,,,
2026-06-03 21:47:24,31.776418685913086,31.62934112548828,31.62934112548828,31.62934112548828,31.188108444213867,31.776418685913086,31.335186004638672,32.07057189941406,31.62934112548828,,32.838645935058594,32.838645935058594,
2026-06-03 21:49:42,,,,,,,,30.654890060424805,,,,,
2026-06-03 21:52:24,31.92349624633789,31.92349624633789,31.776418685913086,31.776418685913086,31.776418685913086,31.62934112548828,31.776418685913086,32.07057189941406,31.92349624633789,,32.52814865112305,32.838645935058594,
2026-06-03 21:54:32,,,,,,,,30.893455505371094,,,,,
2026-06-03 21:57:26,31.92349624633789,31.62934112548828,31.776418685913086,31.62934112548828,31.188108444213867,31.92349624633789,31.188108444213867,31.482263565063477,32.07057189941406,,32.52814865112305,32.68339920043945,
2026-06-03 21:59:43,,,,,,,,31.138164520263672,,,,,
2026-06-03 22:02:27,32.37296676635742,32.37296676635742,32.37296676635742,32.68346405029297,31.776485443115234,31.776485443115234,31.776485443115234,32.52821731567383,32.52821731567383,,33.30445861816406,33.45970916748047,
2026-06-03 22:04:34,,,,,,,,30.183839797973633,,,,,
2026-06-03 22:07:28,32.52821731567383,31.923564910888672,32.070640563964844,32.21772003173828,32.21772003173828,32.52821731567383,32.21772003173828,32.070640563964844,32.21772003173828,,33.30445861816406,33.30445861816406,
2026-06-03 22:09:44,,,,,,,,30.673261642456055,,,,,
2026-06-03 22:12:28,32.52821731567383,32.21772003173828,31.776485443115234,31.776485443115234,32.838714599609375,32.21772003173828,32.070640563964844,32.37296676635742,32.070640563964844,,33.30445861816406,33.45970916748047,
2026-06-03 22:14:45,,,,,,,,30.905725479125977,,,,,
2026-06-03 22:17:28,32.21772003173828,31.923564910888672,32.21772003173828,32.68346405029297,32.070640563964844,32.21772003173828,32.21772003173828,32.37296676635742,32.21772003173828,,33.14921188354492,33.30445861816406,
2026-06-03 22:19:46,,,,,,,,30.679344177246094,,,,,
2026-06-03 22:22:29,32.070640563964844,31.482330322265625,32.37296676635742,31.62940788269043,31.776485443115234,31.923564910888672,32.37296676635742,32.21772003173828,31.923564910888672,,32.993961334228516,33.45970916748047,
2026-06-03 22:24:36,,,,,,,,30.42852783203125,,,,,
2026-06-03 22:27:30,32.070640563964844,32.37296676635742,31.923564910888672,31.923564910888672,32.21772003173828,32.52821731567383,31.923564910888672,32.68346405029297,32.52821731567383,,33.45970916748047,33.30445861816406,
2026-06-03 22:29:47,,,,,,,,30.911876678466797,,,,,
2026-06-03 22:32:30,32.070640563964844,31.776485443115234,32.37296676635742,32.21772003173828,32.070640563964844,32.52821731567383,31.923564910888672,32.070640563964844,32.37296676635742,,32.993961334228516,33.14921188354492,
2026-06-03 22:34:37,,,,,,,,31.395235061645508,,,,,
2026-06-03 22:37:30,32.070640563964844,31.776485443115234,32.070640563964844,31.776485443115234,32.070640563964844,32.070640563964844,31.923564910888672,31.923564910888672,32.37296676635742,,32.838714599609375,32.838714599609375,
2026-06-03 22:39:48,,,,,,,,31.162771224975586,,,,,
2026-06-03 22:42:30,32.52821731567383,32.21772003173828,32.070640563964844,32.21772003173828,32.37296676635742,31.923564910888672,31.923564910888672,32.37296676635742,32.21772003173828,,33.14921188354492,33.14921188354492,
2026-06-03 22:44:39,,,,,,,,30.679344177246094,,,,,
2026-06-03 22:47:30,32.52821731567383,32.21772003173828,32.21772003173828,32.52821731567383,32.21772003173828,32.52821731567383,31.923564910888672,32.993961334228516,32.37296676635742,,33.30445861816406,33.61495590209961,
2026-06-03 22:49:49,,,,,,,,30.214263916015625,,,,,
2026-06-03 22:52:31,32.070640563964844,31.923564910888672,31.62940788269043,32.070640563964844,31.776485443115234,32.37296676635742,32.070640563964844,32.070640563964844,32.21772003173828,,32.838714599609375,33.14921188354492,
2026-06-03 22:54:40,,,,,,,,30.68548011779785,,,,,
2026-06-03 22:57:31,32.070640563964844,31.776485443115234,32.37296676635742,32.21772003173828,32.21772003173828,32.37296676635742,32.21772003173828,32.52821731567383,32.838714599609375,,33.14921188354492,33.45970916748047,
2026-06-03 22:59:50,,,,,,,,31.178142547607422,,,,,
2026-06-03 23:02:32,32.070640563964844,31.923564910888672,32.070640563964844,31.923564910888672,31.776485443115234,31.923564910888672,32.21772003173828,32.070640563964844,32.070640563964844,,32.838714599609375,32.993961334228516,
2026-06-03 23:04:51,,,,,,,,31.416828155517578,,,,,
2026-06-03 23:07:32,32.21776580810547,31.92361068725586,32.07068634033203,31.776531219482422,31.482376098632812,32.21776580810547,31.92361068725586,32.21776580810547,32.07068634033203,,32.83876037597656,33.14925765991211,
2026-06-03 23:09:52,,,,,,,,31.178142547607422,,,,,
2026-06-03 23:12:33,31.776561737060547,31.482406616210938,31.776561737060547,32.373046875,31.923641204833984,31.776561737060547,32.070716857910156,31.923641204833984,32.070716857910156,,32.994041442871094,32.83879089355469,
2026-06-03 23:14:43,,,,,,,,30.703821182250977,,,,,
2026-06-03 23:17:34,32.070716857910156,31.776561737060547,31.776561737060547,31.629484176635742,31.482406616210938,31.629484176635742,32.070716857910156,32.373046875,32.52829360961914,,32.83879089355469,32.994041442871094,
2026-06-03 23:19:53,,,,,,,,30.942514419555664,,,,,
2026-06-03 23:22:35,31.629484176635742,31.923641204833984,31.923641204833984,31.776561737060547,31.776561737060547,32.070716857910156,31.629484176635742,32.070716857910156,31.776561737060547,,32.68354415893555,32.994041442871094,
2026-06-03 23:24:54,,,,,,,,31.419902801513672,,,,,
2026-06-03 23:27:36,32.373046875,32.070716857910156,32.217796325683594,32.373046875,32.070716857910156,32.070716857910156,32.070716857910156,32.52829360961914,32.52829360961914,,32.994041442871094,32.994041442871094,
2026-06-03 23:29:55,,,,,,,,30.942514419555664,,,,,
2026-06-03 23:32:36,31.629484176635742,31.923641204833984,31.776561737060547,32.070716857910156,32.070716857910156,32.070716857910156,31.923641204833984,32.217796325683594,32.52829360961914,,32.994041442871094,33.149288177490234,
2026-06-03 23:34:45,,,,,,,,31.18735694885254,,,,,
2026-06-03 23:37:36,32.070716857910156,31.776561737060547,31.923641204833984,32.373046875,31.923641204833984,31.776561737060547,31.923641204833984,32.52829360961914,32.373046875,,32.994041442871094,33.149288177490234,
2026-06-03 23:39:56,,,,,,,,31.181209564208984,,,,,
2026-06-03 23:42:38,32.070716857910156,31.776561737060547,32.070716857910156,32.52829360961914,31.776561737060547,31.923641204833984,32.070716857910156,32.52829360961914,31.776561737060547,,32.994041442871094,33.149288177490234,
2026-06-03 23:44:57,,,,,,,,31.18735694885254,,,,,
2026-06-03 23:47:38,31.923641204833984,31.776561737060547,31.335329055786133,32.070716857910156,31.335329055786133,31.776561737060547,32.52829360961914,32.070716857910156,32.373046875,,32.994041442871094,32.83879089355469,
2026-06-03 23:49:47,,,,,,,,31.43222999572754,,,,,
2026-06-03 23:52:39,32.37310791015625,31.629545211791992,32.37310791015625,32.070777893066406,32.37310791015625,32.070777893066406,31.776622772216797,32.070777893066406,32.217857360839844,,32.994102478027344,33.30459976196289,
2026-06-03 23:54:57,,,,,,,,30.477323532104492,,,,,
2026-06-03 23:57:40,32.217857360839844,32.217857360839844,31.776622772216797,32.217857360839844,31.776622772216797,32.217857360839844,31.776622772216797,31.776622772216797,32.37310791015625,,32.83885192871094,32.83885192871094,
2026-06-03 23:59:58,,,,,,,,30.709936141967773,,,,,
2026-06-04 00:02:41,32.070777893066406,31.629545211791992,31.629545211791992,31.776622772216797,31.776622772216797,31.923702239990234,31.482467651367188,31.923702239990234,31.629545211791992,,32.83885192871094,32.994102478027344,
2026-06-04 00:04:49,,,,,,,,30.728267669677734,,,,,
2026-06-04 00:07:41,32.217857360839844,31.629545211791992,32.070777893066406,32.217857360839844,32.217857360839844,31.629545211791992,31.629545211791992,31.776622772216797,32.217857360839844,,32.994102478027344,33.30459976196289,
2026-06-04 00:10:00,,,,,,,,31.677133560180664,,,,,
2026-06-04 00:12:42,32.070777893066406,31.776622772216797,32.070777893066406,31.923702239990234,31.629545211791992,31.923702239990234,31.923702239990234,31.629545211791992,32.217857360839844,,32.83885192871094,32.83885192871094,
2026-06-04 00:14:51,,,,,,,,30.960905075073242,,,,,
2026-06-04 00:17:42,32.83885192871094,32.217857360839844,32.52835464477539,32.52835464477539,32.37310791015625,32.6836051940918,31.629545211791992,32.6836051940918,32.070777893066406,,33.30459976196289,33.30459976196289,
2026-06-04 00:20:01,,,,,,,,31.205785751342773,,,,,
2026-06-04 00:22:43,32.52835464477539,31.923702239990234,31.629545211791992,31.776622772216797,31.629545211791992,32.37310791015625,31.629545211791992,31.923702239990234,32.070777893066406,,32.6836051940918,32.83885192871094,
2026-06-04 00:24:51,,,,,,,,31.21194076538086,,,,,
2026-06-04 00:27:44,32.37310791015625,31.629545211791992,31.923702239990234,31.776622772216797,31.776622772216797,32.070777893066406,32.070777893066406,32.37310791015625,32.217857360839844,,32.994102478027344,33.149349212646484,
2026-06-04 00:30:02,,,,,,,,30.97316551208496,,,,,
2026-06-04 00:32:45,32.6836051940918,31.335390090942383,31.923702239990234,32.52835464477539,32.070777893066406,31.629545211791992,32.070777893066406,32.217857360839844,32.217857360839844,,33.149349212646484,32.994102478027344,
2026-06-04 00:35:03,,,,,,,,31.21194076538086,,,,,
2026-06-04 00:37:45,32.52835464477539,32.070777893066406,31.776622772216797,32.070777893066406,31.923702239990234,32.217857360839844,31.629545211791992,32.217857360839844,31.629545211791992,,32.83885192871094,32.994102478027344,
2026-06-04 00:39:53,,,,,,,,30.2568416595459,,,,,
2026-06-04 00:42:46,32.37310791015625,31.629545211791992,31.776622772216797,32.070777893066406,31.776622772216797,32.217857360839844,31.776622772216797,32.217857360839844,32.6836051940918,,32.994102478027344,32.994102478027344,
2026-06-04 00:45:03,,,,,,,,31.21194076538086,,,,,
2026-06-04 00:47:46,32.5284309387207,32.07085418701172,32.217933654785156,32.217933654785156,32.217933654785156,32.37318420410156,32.07085418701172,31.923778533935547,32.68368148803711,,33.30467987060547,33.30467987060547,
2026-06-04 00:49:54,,,,,,,,31.218080520629883,,,,,
2026-06-04 00:52:47,32.37318420410156,31.923778533935547,32.07085418701172,32.07085418701172,32.5284309387207,32.68368148803711,32.5284309387207,32.37318420410156,32.37318420410156,,33.30467987060547,33.30467987060547,
2026-06-04 00:55:04,,,,,,,,31.450716018676758,,,,,
2026-06-04 00:57:48,32.07085418701172,32.217933654785156,32.217933654785156,32.217933654785156,32.5284309387207,32.07085418701172,32.37318420410156,32.5284309387207,32.217933654785156,,33.14942932128906,33.30467987060547,
2026-06-04 00:59:54,,,,,,,,30.80632781982422,,,,,
2026-06-04 01:02:48,31.923778533935547,31.923778533935547,32.217933654785156,31.77669906616211,31.629621505737305,31.923778533935547,31.629621505737305,31.77669906616211,32.37318420410156,,32.994178771972656,32.994178771972656,
2026-06-04 01:05:04,,,,,,,,30.97316551208496,,,,,
2026-06-04 01:07:49,32.994178771972656,31.923778533935547,31.923778533935547,31.77669906616211,31.629621505737305,31.923778533935547,32.07085418701172,32.217933654785156,32.37318420410156,,32.994178771972656,33.14942932128906,
2026-06-04 01:10:05,,,,,,,,31.58245086669922,,,,,
2026-06-04 01:12:50,32.5284309387207,32.217933654785156,31.629621505737305,32.07085418701172,32.07085418701172,31.629621505737305,31.923778533935547,32.37318420410156,32.217933654785156,,32.838932037353516,32.994178771972656,
2026-06-04 01:14:56,,,,,,,,31.32374382019043,,,,,
2026-06-04 01:17:51,31.923778533935547,31.77669906616211,31.923778533935547,32.37318420410156,31.77669906616211,32.07085418701172,31.77669906616211,31.629621505737305,32.217933654785156,,32.838932037353516,32.994178771972656,
2026-06-04 01:20:07,,,,,,,,31.591697692871094,,,,,
2026-06-04 01:22:51,32.217933654785156,32.37318420410156,31.77669906616211,32.5284309387207,32.07085418701172,31.923778533935547,32.07085418701172,32.217933654785156,32.07085418701172,,33.14942932128906,33.14942932128906,
2026-06-04 01:24:57,,,,,,,,31.32374382019043,,,,,
2026-06-04 01:27:52,32.37318420410156,33.14942932128906,32.07085418701172,32.5284309387207,32.217933654785156,32.217933654785156,32.07085418701172,32.838932037353516,32.37318420410156,,33.14942932128906,33.30467987060547,
2026-06-04 01:30:08,,,,,,,,30.80632781982422,,,,,
2026-06-04 01:32:52,32.217933654785156,32.07085418701172,31.923778533935547,32.37318420410156,31.923778533935547,32.217933654785156,31.923778533935547,32.07085418701172,32.07085418701172,,32.994178771972656,32.994178771972656,
2026-06-04 01:35:09,,,,,,,,32.11537551879883,,,,,
2026-06-04 01:37:52,32.37318420410156,31.77669906616211,32.217933654785156,32.07085418701172,32.217933654785156,32.217933654785156,32.217933654785156,32.217933654785156,32.217933654785156,,33.30467987060547,33.45992660522461,
2026-06-04 01:39:59,,,,,,,,31.591697692871094,,,,,
2026-06-04 01:42:53,32.373252868652344,31.77676773071289,31.923845291137695,33.304744720458984,32.528499603271484,32.373252868652344,31.77676773071289,31.923845291137695,32.21800231933594,,33.14949417114258,33.304744720458984,
2026-06-04 01:45:10,,,,,,,,31.339122772216797,,,,,
2026-06-04 01:47:54,32.373252868652344,31.923845291137695,32.21800231933594,32.21800231933594,32.373252868652344,32.0709228515625,32.21800231933594,31.48261070251465,32.68375015258789,,32.99424743652344,32.99424743652344,
2026-06-04 01:50:00,,,,,,,,30.821619033813477,,,,,
2026-06-04 01:52:54,32.373252868652344,32.0709228515625,31.629688262939453,31.629688262939453,32.21800231933594,32.528499603271484,32.0709228515625,32.373252868652344,32.528499603271484,,33.304744720458984,33.61524200439453,
2026-06-04 01:55:11,,,,,,,,31.59787368774414,,,,,
2026-06-04 01:57:55,32.0709228515625,31.629688262939453,31.48261070251465,31.629688262939453,31.629688262939453,31.923845291137695,31.923845291137695,31.923845291137695,31.923845291137695,,32.83899688720703,32.99424743652344,
2026-06-04 02:00:01,,,,,,,,31.859691619873047,,,,,
2026-06-04 02:02:56,32.528499603271484,32.0709228515625,32.528499603271484,32.21800231933594,31.923845291137695,32.373252868652344,32.373252868652344,32.373252868652344,32.0709228515625,,33.304744720458984,33.304744720458984,
2026-06-04 02:05:12,,,,,,,,31.348331451416016,,,,,
2026-06-04 02:07:56,32.68375015258789,32.0709228515625,32.0709228515625,32.528499603271484,32.21800231933594,31.77676773071289,31.77676773071289,32.0709228515625,32.21800231933594,,33.14949417114258,32.99424743652344,
2026-06-04 02:10:03,,,,,,,,31.339122772216797,,,,,
2026-06-04 02:12:56,31.92387580871582,31.33556365966797,31.92387580871582,31.92387580871582,32.070953369140625,32.37328338623047,31.629718780517578,32.37328338623047,32.52853012084961,,32.99427795410156,32.99427795410156,
2026-06-04 02:15:13,,,,,,,,31.59787368774414,,,,,
2026-06-04 02:17:58,32.83909225463867,32.37334442138672,32.071014404296875,31.92393684387207,32.683841705322266,32.83909225463867,32.21809387207031,32.21809387207031,32.83909225463867,,33.14958953857422,33.460086822509766,
2026-06-04 02:20:03,,,,,,,,31.08341407775879,,,,,
2026-06-04 02:22:58,32.683841705322266,31.482702255249023,32.37334442138672,31.92393684387207,32.071014404296875,32.21809387207031,31.92393684387207,31.92393684387207,32.52859115600586,,32.99433898925781,33.14958953857422,
2026-06-04 02:25:13,,,,,,,,31.095687866210938,,,,,
2026-06-04 02:27:58,32.071014404296875,31.629779815673828,31.776859283447266,31.92393684387207,32.071014404296875,31.776859283447266,31.629779815673828,31.776859283447266,32.071014404296875,,32.83909225463867,32.83909225463867,
2026-06-04 02:30:14,,,,,,,,30.83077621459961,,,,,
2026-06-04 02:32:59,32.52859115600586,31.482702255249023,31.776859283447266,32.21809387207031,32.071014404296875,32.071014404296875,32.071014404296875,32.37334442138672,32.37334442138672,,32.99433898925781,33.14958953857422,
2026-06-04 02:35:15,,,,,,,,31.60710906982422,,,,,
2026-06-04 02:37:59,32.071014404296875,31.776859283447266,31.629779815673828,31.629779815673828,31.776859283447266,32.071014404296875,31.482702255249023,32.071014404296875,31.629779815673828,,32.683841705322266,32.99433898925781,
2026-06-04 02:40:05,,,,,,,,31.872072219848633,,,,,
2026-06-04 02:43:00,32.37334442138672,32.37334442138672,32.21809387207031,32.071014404296875,32.21809387207031,32.21809387207031,32.21809387207031,32.21809387207031,32.52859115600586,,32.99433898925781,33.14958953857422,
2026-06-04 02:45:16,,,,,,,,30.83689308166504,,,,,
2026-06-04 02:48:00,32.071014404296875,32.071014404296875,31.92393684387207,31.92393684387207,31.776859283447266,31.92393684387207,31.776859283447266,31.92393684387207,32.21809387207031,,32.99433898925781,32.99433898925781,
2026-06-04 02:50:06,,,,,,,,31.613277435302734,,,,,
2026-06-04 02:53:01,31.92393684387207,31.629779815673828,31.482702255249023,31.482702255249023,31.33562469482422,31.776859283447266,31.92393684387207,31.92393684387207,31.776859283447266,,32.83909225463867,32.83909225463867,
2026-06-04 02:55:16,,,,,,,,31.354482650756836,,,,,
2026-06-04 02:58:01,32.071014404296875,31.776859283447266,31.629779815673828,32.071014404296875,31.776859283447266,32.21809387207031,31.92393684387207,32.21809387207031,32.21809387207031,,32.683841705322266,32.83909225463867,
2026-06-04 03:00:07,,,,,,,,31.354482650756836,,,,,
2026-06-04 03:03:02,32.071014404296875,31.629779815673828,32.071014404296875,31.776859283447266,32.21809387207031,32.21809387207031,32.21809387207031,32.21809387207031,32.37334442138672,,33.14958953857422,33.304840087890625,
2026-06-04 03:05:17,,,,,,,,31.095687866210938,,,,,
2026-06-04 03:08:02,31.776859283447266,32.21809387207031,32.071014404296875,32.83909225463867,32.071014404296875,32.683841705322266,32.683841705322266,32.37334442138672,32.52859115600586,,33.304840087890625,33.77058792114258,
2026-06-04 03:10:08,,,,,,,,30.584205627441406,,,,,
2026-06-04 03:13:03,32.07109069824219,31.924013137817383,32.37342071533203,32.07109069824219,32.07109069824219,32.07109069824219,31.924013137817383,32.37342071533203,32.37342071533203,,32.839168548583984,32.839168548583984,
2026-06-04 03:15:18,,,,,,,,32.13707733154297,,,,,
2026-06-04 03:18:04,32.52867126464844,32.07109069824219,32.52867126464844,32.218170166015625,32.37342071533203,32.07109069824219,31.924013137817383,32.218170166015625,32.52867126464844,,32.99441909790039,33.30491638183594,
2026-06-04 03:20:19,,,,,,,,31.360641479492188,,,,,
2026-06-04 03:23:04,32.68391799926758,32.218170166015625,32.07109069824219,32.52867126464844,32.218170166015625,32.52867126464844,32.68391799926758,32.218170166015625,32.52867126464844,,33.460166931152344,33.460166931152344,
2026-06-04 03:25:09,,,,,,,,31.878265380859375,,,,,
2026-06-04 03:28:05,32.68391799926758,31.924013137817383,32.218170166015625,31.924013137817383,32.52867126464844,32.52867126464844,32.52867126464844,32.37342071533203,32.99441909790039,,33.30491638183594,33.460166931152344,
2026-06-04 03:30:20,,,,,,,,30.33146095275879,,,,,
2026-06-04 03:33:06,32.07109069824219,31.924013137817383,32.07109069824219,32.218170166015625,31.924013137817383,32.07109069824219,32.07109069824219,31.924013137817383,32.37342071533203,,33.1496696472168,33.30491638183594,
2026-06-04 03:35:21,,,,,,,,31.625606536865234,,,,,
2026-06-04 03:38:07,32.68391799926758,32.37342071533203,32.37342071533203,32.52867126464844,32.218170166015625,32.37342071533203,32.218170166015625,32.68391799926758,32.99441909790039,,33.1496696472168,33.460166931152344,
2026-06-04 03:40:12,,,,,,,,31.360641479492188,,,,,
2026-06-04 03:43:07,32.07109069824219,31.924013137817383,32.07109069824219,32.218170166015625,31.924013137817383,32.07109069824219,31.924013137817383,31.776935577392578,32.07109069824219,,33.1496696472168,33.460166931152344,
2026-06-04 03:45:23,,,,,,,,30.8552303314209,,,,,
2026-06-04 03:48:08,32.218170166015625,31.62985610961914,31.33570098876953,32.52867126464844,31.924013137817383,32.37342071533203,31.924013137817383,32.218170166015625,32.218170166015625,,33.1496696472168,33.30491638183594,
2026-06-04 03:50:14,,,,,,,,30.590290069580078,,,,,
2026-06-04 03:53:08,32.218170166015625,32.218170166015625,31.33570098876953,32.07109069824219,32.07109069824219,32.07109069824219,32.07109069824219,32.37342071533203,31.924013137817383,,32.99441909790039,32.99441909790039,
2026-06-04 03:55:24,,,,,,,,31.114076614379883,,,,,
2026-06-04 03:58:09,32.218223571777344,31.482830047607422,31.776987075805664,32.218223571777344,31.776987075805664,32.6839714050293,31.9240665435791,32.071144104003906,32.071144104003906,,32.994468688964844,33.304969787597656,
2026-06-04 04:00:25,,,,,,,,31.3729248046875,,,,,
2026-06-04 04:03:11,32.218238830566406,32.07115936279297,32.37348937988281,32.37348937988281,32.37348937988281,32.839237213134766,31.629924774169922,32.37348937988281,32.68398666381836,,33.615482330322266,33.30498504638672,
2026-06-04 04:05:26,,,,,,,,30.86135482788086,,,,,
2026-06-04 04:08:11,32.37348937988281,31.482845306396484,31.629924774169922,32.37348937988281,31.777002334594727,31.777002334594727,31.777002334594727,32.07115936279297,32.839237213134766,,32.994483947753906,33.46023178100586,
2026-06-04 04:10:16,,,,,,,,31.37908363342285,,,,,
2026-06-04 04:13:12,32.37348937988281,31.777002334594727,31.777002334594727,31.335765838623047,32.37348937988281,31.924081802368164,31.629924774169922,32.37348937988281,32.07115936279297,,32.994483947753906,33.14973449707031,
2026-06-04 04:15:26,,,,,,,,31.89061737060547,,,,,
2026-06-04 04:18:13,32.37348937988281,31.924081802368164,32.37348937988281,32.52873611450195,32.07115936279297,32.07115936279297,32.07115936279297,31.777002334594727,32.218238830566406,,33.30498504638672,33.30498504638672,
2026-06-04 04:20:17,,,,,,,,31.63794708251953,,,,,
2026-06-04 04:23:13,32.37348937988281,31.482845306396484,31.482845306396484,31.629924774169922,32.218238830566406,32.218238830566406,31.924081802368164,32.218238830566406,32.37348937988281,,32.839237213134766,32.994483947753906,
2026-06-04 04:25:27,,,,,,,,32.40830993652344,,,,,
2026-06-04 04:28:13,32.218238830566406,31.924081802368164,32.218238830566406,32.52873611450195,31.924081802368164,32.37348937988281,32.07115936279297,32.07115936279297,32.994483947753906,,32.994483947753906,33.14973449707031,
2026-06-04 04:30:17,,,,,,,,31.63794708251953,,,,,
2026-06-04 04:33:13,32.37348937988281,32.218238830566406,32.218238830566406,32.52873611450195,32.218238830566406,32.37348937988281,32.07115936279297,32.37348937988281,32.52873611450195,,33.14973449707031,33.46023178100586,
2026-06-04 04:35:28,,,,,,,,31.37908363342285,,,,,
2026-06-04 04:38:13,31.629924774169922,32.07115936279297,32.218238830566406,32.07115936279297,31.924081802368164,32.37348937988281,31.777002334594727,32.218238830566406,31.924081802368164,,32.994483947753906,33.14973449707031,
2026-06-04 04:40:18,,,,,,,,30.60249137878418,,,,,
2026-06-04 04:43:14,31.777002334594727,32.07115936279297,32.07115936279297,32.37348937988281,31.777002334594727,32.52873611450195,32.52873611450195,32.68398666381836,32.37348937988281,,33.14973449707031,33.14973449707031,
2026-06-04 04:45:28,,,,,,,,31.394447326660156,,,,,
2026-06-04 04:48:14,32.994483947753906,32.37348937988281,32.37348937988281,32.37348937988281,31.777002334594727,32.218238830566406,32.37348937988281,32.07115936279297,32.218238830566406,,33.14973449707031,33.14973449707031,
2026-06-04 04:50:19,,,,,,,,31.659515380859375,,,,,
2026-06-04 04:53:15,32.21831512451172,32.07123565673828,31.924158096313477,31.77707862854004,32.21831512451172,32.373565673828125,31.630001068115234,32.21831512451172,32.68406295776367,,33.14981460571289,33.14981460571289,
2026-06-04 04:55:29,,,,,,,,32.17116928100586,,,,,
2026-06-04 04:58:15,32.07123565673828,31.630001068115234,31.924158096313477,32.07123565673828,31.630001068115234,31.630001068115234,32.07123565673828,32.07123565673828,32.68406295776367,,32.83931350708008,32.994564056396484,
2026-06-04 05:00:19,,,,,,,,31.63794708251953,,,,,
2026-06-04 05:03:16,31.924158096313477,32.21831512451172,32.21831512451172,33.14981460571289,32.373565673828125,32.07123565673828,32.21831512451172,32.83931350708008,32.52881622314453,,33.30506134033203,33.30506134033203,
2026-06-04 05:05:30,,,,,,,,31.394447326660156,,,,,
2026-06-04 05:08:16,32.52881622314453,32.52881622314453,32.52881622314453,32.83931350708008,32.373565673828125,32.373565673828125,32.52881622314453,32.68406295776367,32.68406295776367,,33.46031188964844,33.615562438964844,
2026-06-04 05:10:31,,,,,,,,31.912261962890625,,,,,
2026-06-04 05:13:16,33.14981460571289,32.07123565673828,32.52881622314453,32.83931350708008,32.994564056396484,32.994564056396484,32.373565673828125,32.994564056396484,32.52881622314453,,33.46031188964844,33.615562438964844,
2026-06-04 05:15:21,,,,,,,,31.126340866088867,,,,,
2026-06-04 05:18:17,32.21831512451172,31.77707862854004,32.07123565673828,32.52881622314453,32.83931350708008,32.21831512451172,31.77707862854004,32.21831512451172,32.373565673828125,,33.30506134033203,33.14981460571289,
2026-06-04 05:20:32,,,,,,,,31.141664505004883,,,,,
2026-06-04 05:23:17,32.52881622314453,32.68406295776367,31.77707862854004,32.373565673828125,32.68406295776367,32.52881622314453,32.68406295776367,32.21831512451172,32.83931350708008,,33.30506134033203,33.46031188964844,
2026-06-04 05:25:33,,,,,,,,31.400590896606445,,,,,
2026-06-04 05:28:17,32.68406295776367,32.52881622314453,32.21831512451172,32.68406295776367,32.83931350708008,32.83931350708008,32.68406295776367,32.68406295776367,32.994564056396484,,33.615562438964844,33.926063537597656,
2026-06-04 05:30:23,,,,,,,,31.13553810119629,,,,,
2026-06-04 05:33:18,32.52881622314453,32.373565673828125,32.373565673828125,32.52881622314453,32.07123565673828,32.52881622314453,32.07123565673828,32.994564056396484,32.994564056396484,,33.30506134033203,33.46031188964844,
2026-06-04 05:35:33,,,,,,,,31.659515380859375,,,,,
2026-06-04 05:38:18,32.21831512451172,32.373565673828125,32.07123565673828,32.07123565673828,32.373565673828125,32.52881622314453,32.373565673828125,32.68406295776367,32.373565673828125,,33.14981460571289,33.14981460571289,
2026-06-04 05:40:23,,,,,,,,31.394447326660156,,,,,
2026-06-04 05:43:19,32.52881622314453,32.68406295776367,32.52881622314453,32.994564056396484,32.373565673828125,32.994564056396484,32.373565673828125,32.994564056396484,33.615562438964844,,33.46031188964844,33.615562438964844,
2026-06-04 05:45:33,,,,,,,,31.40365219116211,,,,,
2026-06-04 05:48:20,32.373565673828125,32.52881622314453,32.07123565673828,32.52881622314453,31.77707862854004,32.07123565673828,31.77707862854004,32.68406295776367,32.373565673828125,,32.994564056396484,32.994564056396484,
2026-06-04 05:50:34,,,,,,,,31.918439865112305,,,,,
2026-06-04 05:53:22,32.68406295776367,31.924158096313477,32.373565673828125,32.994564056396484,32.52881622314453,32.373565673828125,31.924158096313477,32.07123565673828,31.77707862854004,,33.46031188964844,33.14981460571289,
2026-06-04 05:55:35,,,,,,,,30.882740020751953,,,,,
2026-06-04 05:58:22,32.83931350708008,32.373565673828125,32.21831512451172,32.52881622314453,32.373565673828125,32.373565673828125,32.21831512451172,33.30506134033203,32.52881622314453,,33.30506134033203,33.46031188964844,
2026-06-04 06:00:25,,,,,,,,31.141664505004883,,,,,
2026-06-04 06:03:23,32.21831512451172,32.52881622314453,32.21831512451172,32.21831512451172,32.21831512451172,31.924158096313477,32.07123565673828,32.21831512451172,32.68406295776367,,33.30506134033203,33.14981460571289,
2026-06-04 06:05:35,,,,,,,,30.885786056518555,,,,,
2026-06-04 06:08:24,31.77707862854004,31.924158096313477,32.373565673828125,32.52881622314453,32.07123565673828,32.07123565673828,32.21831512451172,32.68406295776367,32.68406295776367,,33.14981460571289,33.46031188964844,
2026-06-04 06:10:26,,,,,,,,31.141664505004883,,,,,
2026-06-04 06:13:25,31.77715492248535,31.335918426513672,32.37364196777344,32.21839141845703,32.37364196777344,32.68414306640625,31.92423439025879,31.92423439025879,32.37364196777344,,32.9946403503418,33.1498908996582,
2026-06-04 06:15:36,,,,,,,,32.18045425415039,,,,,
2026-06-04 06:18:25,32.528892517089844,31.48299789428711,32.21839141845703,32.528892517089844,32.21839141845703,32.21839141845703,32.071311950683594,32.9946403503418,32.37364196777344,,33.460391998291016,33.460391998291016,
2026-06-04 06:20:37,,,,,,,,31.40365219116211,,,,,
2026-06-04 06:23:25,32.528892517089844,31.630077362060547,32.071311950683594,31.77715492248535,32.37364196777344,32.528892517089844,31.630077362060547,32.21839141845703,32.37364196777344,,33.1498908996582,33.30514144897461,
2026-06-04 06:25:27,,,,,,,,32.18666458129883,,,,,
2026-06-04 06:28:25,32.37364196777344,32.071311950683594,32.21839141845703,32.37364196777344,32.071311950683594,32.071311950683594,31.188840866088867,32.21839141845703,31.48299789428711,,33.1498908996582,33.1498908996582,
2026-06-04 06:30:38,,,,,,,,31.662586212158203,,,,,
2026-06-04 06:33:26,31.92423439025879,32.21839141845703,32.21839141845703,32.21839141845703,31.92423439025879,32.21839141845703,32.21839141845703,32.528892517089844,32.839393615722656,,33.460391998291016,33.460391998291016,
2026-06-04 06:35:29,,,,,,,,32.70457077026367,,,,,
2026-06-04 06:38:26,32.071311950683594,32.071311950683594,31.92423439025879,32.071311950683594,31.92423439025879,32.21839141845703,32.37364196777344,32.37364196777344,32.37364196777344,,33.30514144897461,33.30514144897461,
2026-06-04 06:40:38,,,,,,,,31.41596221923828,,,,,
2026-06-04 06:43:26,32.071311950683594,32.68414306640625,32.37364196777344,31.92423439025879,32.37364196777344,32.528892517089844,32.37364196777344,32.37364196777344,32.37364196777344,,33.30514144897461,33.30514144897461,
2026-06-04 06:45:39,,,,,,,,31.93389892578125,,,,,
2026-06-04 06:48:27,32.68414306640625,32.071311950683594,32.68414306640625,32.68414306640625,32.071311950683594,32.071311950683594,32.528892517089844,32.68414306640625,32.37364196777344,,33.30514144897461,33.460391998291016,
2026-06-04 06:50:29,,,,,,,,31.40981101989746,,,,,
2026-06-04 06:53:29,31.92423439025879,31.92423439025879,32.528892517089844,32.839393615722656,32.68414306640625,32.37364196777344,31.92423439025879,31.92423439025879,32.528892517089844,,33.1498908996582,33.30514144897461,
2026-06-04 06:55:41,,,,,,,,30.89802360534668,,,,,
2026-06-04 06:58:29,32.37364196777344,32.071311950683594,31.77715492248535,32.21839141845703,32.37364196777344,31.630077362060547,32.071311950683594,31.92423439025879,32.528892517089844,,32.9946403503418,33.1498908996582,
2026-06-04 07:00:31,,,,,,,,30.89802360534668,,,,,
2026-06-04 07:03:30,32.68414306640625,32.37364196777344,31.92423439025879,32.37364196777344,32.21839141845703,32.528892517089844,32.528892517089844,31.92423439025879,32.37364196777344,,33.30514144897461,33.30514144897461,
2026-06-04 07:05:41,,,,,,,,31.68109130859375,,,,,
2026-06-04 07:08:31,32.68414306640625,32.37364196777344,32.528892517089844,32.68414306640625,32.071311950683594,32.839393615722656,32.071311950683594,32.37364196777344,32.68414306640625,,33.460391998291016,33.460391998291016,
2026-06-04 07:10:42,,,,,,,,31.42210578918457,,,,,
2026-06-04 07:13:31,31.630077362060547,31.630077362060547,31.92423439025879,32.68414306640625,32.21839141845703,32.68414306640625,31.77715492248535,32.37364196777344,31.92423439025879,,33.1498908996582,32.9946403503418,
2026-06-04 07:15:32,,,,,,,,31.163118362426758,,,,,
2026-06-04 07:18:31,31.630077362060547,31.335918426513672,31.92423439025879,32.528892517089844,32.21839141845703,32.21839141845703,32.071311950683594,31.630077362060547,32.071311950683594,,32.9946403503418,33.30514144897461,
2026-06-04 07:20:43,,,,,,,,31.163118362426758,,,,,
2026-06-04 07:23:32,31.92423439025879,32.21839141845703,31.77715492248535,32.37364196777344,32.21839141845703,31.92423439025879,31.335918426513672,31.77715492248535,32.21839141845703,,33.1498908996582,33.1498908996582,
2026-06-04 07:25:33,,,,,,,,31.94626235961914,,,,,
2026-06-04 07:28:32,32.37364196777344,32.21839141845703,32.37364196777344,32.21839141845703,31.77715492248535,32.21839141845703,32.21839141845703,32.21839141845703,32.68414306640625,,33.1498908996582,33.30514144897461,
2026-06-04 07:30:44,,,,,,,,32.72327423095703,,,,,
2026-06-04 07:33:32,32.071311950683594,31.92423439025879,31.77715492248535,32.528892517089844,31.92423439025879,31.92423439025879,32.37364196777344,32.21839141845703,32.68414306640625,,33.30514144897461,33.30514144897461,
2026-06-04 07:35:34,,,,,,,,31.42210578918457,,,,,
2026-06-04 07:38:33,32.528892517089844,32.37364196777344,31.92423439025879,32.21839141845703,32.21839141845703,32.21839141845703,31.92423439025879,32.21839141845703,32.21839141845703,,33.1498908996582,33.460391998291016,
2026-06-04 07:40:44,,,,,,,,31.95244026184082,,,,,
2026-06-04 07:43:34,32.37364196777344,31.77715492248535,32.071311950683594,32.21839141845703,32.528892517089844,32.21839141845703,31.92423439025879,31.92423439025879,32.528892517089844,,33.30514144897461,33.30514144897461,
2026-06-04 07:45:34,,,,,,,,31.43440055847168,,,,,
2026-06-04 07:48:34,32.21839141845703,32.37364196777344,32.37364196777344,32.21839141845703,32.68414306640625,32.528892517089844,31.92423439025879,32.528892517089844,32.21839141845703,,33.30514144897461,33.460391998291016,
2026-06-04 07:50:45,,,,,,,,31.43440055847168,,,,,
2026-06-04 07:53:34,32.21839141845703,32.071311950683594,32.839393615722656,32.071311950683594,32.071311950683594,32.68414306640625,32.68414306640625,32.071311950683594,32.68414306640625,,33.30514144897461,33.30514144897461,
2026-06-04 07:55:35,,,,,,,,31.43440055847168,,,,,
2026-06-04 07:58:35,32.21846008300781,32.684207916259766,32.684207916259766,32.37371063232422,32.37371063232422,32.83945846557617,32.684207916259766,33.149959564208984,32.83945846557617,,33.61570739746094,33.61570739746094,
2026-06-04 08:00:45,,,,,,,,32.217655181884766,,,,,
2026-06-04 08:03:35,32.99470901489258,32.21846008300781,32.37371063232422,32.528961181640625,32.21846008300781,32.071380615234375,32.528961181640625,32.37371063232422,32.99470901489258,,33.46045684814453,33.61570739746094,
2026-06-04 08:05:46,,,,,,,,31.181501388549805,,,,,
2026-06-04 08:08:36,32.684207916259766,32.83945846557617,31.924301147460938,32.684207916259766,32.83945846557617,32.684207916259766,32.528961181640625,32.684207916259766,32.99470901489258,,33.61570739746094,33.61570739746094,
2026-06-04 08:10:47,,,,,,,,31.95244026184082,,,,,
2026-06-04 08:13:36,32.37371063232422,32.528961181640625,32.37371063232422,32.528961181640625,32.071380615234375,32.21846008300781,32.37371063232422,32.071380615234375,32.684207916259766,,33.305206298828125,33.61570739746094,
2026-06-04 08:15:48,,,,,,,,31.43440055847168,,,,,
2026-06-04 08:18:37,32.684207916259766,32.528961181640625,32.528961181640625,32.37371063232422,32.071380615234375,32.684207916259766,32.071380615234375,32.99470901489258,32.99470901489258,,33.46045684814453,33.61570739746094,
2026-06-04 08:20:38,,,,,,,,31.43440055847168,,,,,
2026-06-04 08:23:39,32.684207916259766,32.684207916259766,32.37371063232422,33.149959564208984,32.37371063232422,32.37371063232422,32.071380615234375,32.684207916259766,32.83945846557617,,33.61570739746094,33.46045684814453,
2026-06-04 08:25:49,,,,,,,,31.958616256713867,,,,,
2026-06-04 08:28:40,32.37371063232422,31.924301147460938,32.528961181640625,32.83945846557617,32.071380615234375,32.071380615234375,32.21846008300781,32.21846008300781,32.528961181640625,,33.305206298828125,33.46045684814453,
2026-06-04 08:30:49,,,,,,,,31.181501388549805,,,,,
2026-06-04 08:33:40,32.83945846557617,31.924301147460938,32.21846008300781,32.37371063232422,32.21846008300781,32.528961181640625,32.83945846557617,32.528961181640625,32.83945846557617,,33.305206298828125,33.46045684814453,
2026-06-04 08:35:50,,,,,,,,31.181501388549805,,,,,
2026-06-04 08:38:40,31.777223587036133,32.99470901489258,32.071380615234375,32.684207916259766,32.21846008300781,32.684207916259766,32.37371063232422,32.528961181640625,32.37371063232422,,33.305206298828125,33.46045684814453,
2026-06-04 08:40:41,,,,,,,,31.141664505004883,,,,,
2026-06-04 08:43:41,31.48287582397461,31.48287582397461,31.629955291748047,31.92411231994629,31.92411231994629,31.335796356201172,31.188718795776367,31.188718795776367,30.600404739379883,,32.684017181396484,32.684017181396484,
2026-06-04 08:45:51,,,,,,,,29.468095779418945,,,,,
2026-06-04 08:53:56,,,,,,,,27.845041275024414,,,,,
2026-06-04 08:53:58,31.18738555908203,30.599079132080078,30.893232345581055,31.77569007873535,30.746156692504883,30.746156692504883,30.304927825927734,30.599079132080078,28.929332733154297,,31.62861442565918,32.06984329223633,
2026-06-04 08:59:04,,,,,,,,27.521114349365234,,,,,
2026-06-04 08:59:15,30.59846305847168,29.863086700439453,30.010162353515625,30.892614364624023,30.304311752319336,31.039690017700195,30.451387405395508,30.59846305847168,28.92872428894043,,31.48091697692871,32.069217681884766,
2026-06-04 09:03:54,,,,,,,,27.8541316986084,,,,,
2026-06-04 09:04:15,30.450801849365234,29.862503051757812,30.450801849365234,30.892026901245117,30.009578704833984,30.450801849365234,29.715429306030273,30.450801849365234,28.19872283935547,,31.333250045776367,31.627399444580078,
2026-06-04 09:05:40,,,,,,,,28.048660278320312,,,,,
2026-06-04 09:05:42,30.156513214111328,29.71529197692871,29.86236572265625,31.480182647705078,30.3035888671875,30.597736358642578,30.156513214111328,30.89188575744629,28.7225399017334,,31.480182647705078,31.627256393432617,
2026-06-04 09:33:15,,,,,,,,26.500953674316406,,,,,
2026-06-04 09:33:18,30.855440139770508,30.709135055541992,31.001745223999023,31.294353485107422,30.270219802856445,30.709135055541992,29.685001373291016,30.562829971313477,29.24608612060547,,31.586963653564453,31.879573822021484,
2026-06-04 09:36:02,,,,,,,,26.996410369873047,,,,,
2026-06-04 09:36:04,30.709135055541992,30.12391471862793,30.709135055541992,31.73326873779297,30.562829971313477,30.855440139770508,30.562829971313477,30.855440139770508,29.24608612060547,,31.879573822021484,32.02587890625,
2026-06-04 09:41:00,,,,,,,,28.027599334716797,,,,,
2026-06-04 09:41:35,,,,,,,,27.791601181030273,,,,,
2026-06-04 09:41:37,31.015148162841797,30.576168060302734,30.429841995239258,31.746780395507812,30.868820190429688,31.161474227905273,30.868820190429688,31.161474227905273,30.429841995239258,,31.746780395507812,32.332088470458984,
2026-06-04 09:45:02,,,,,,,,28.60657501220703,,,,,
2026-06-04 09:45:04,32.21459197998047,31.504518508911133,31.504518508911133,31.650924682617188,31.358110427856445,32.07550811767578,31.797332763671875,31.358110427856445,31.065296173095703,,32.63185501098633,32.77094268798828,
2026-06-04 09:47:54,,,,,,,,28.61858367919922,,,,,
2026-06-04 09:47:57,31.558263778686523,31.558263778686523,31.118783950805664,32.14423751831055,31.41176986694336,31.265277862548828,31.118783950805664,31.41176986694336,30.9722900390625,,32.29072952270508,32.43722152709961,
2026-06-04 09:50:51,,,,,,,,29.146392822265625,,,,,
2026-06-04 09:50:53,31.43525505065918,30.995662689208984,31.28872299194336,32.02137756347656,31.142192840576172,31.581785202026367,31.142192840576172,31.43525505065918,30.849130630493164,,32.16790771484375,32.46097183227539,
2026-06-04 09:56:37,,,,,,,,29.45871353149414,,,,,
2026-06-04 09:56:39,31.389047622680664,31.242355346679688,31.975814819335938,31.53573989868164,31.242355346679688,31.82912254333496,31.242355346679688,31.53573989868164,30.802278518676758,,32.415889739990234,32.562583923339844,
2026-06-04 10:00:28,,,,,,,,28.786148071289062,,,,,
2026-06-04 10:00:30,31.709260940551758,30.8288516998291,31.26905632019043,31.415790557861328,30.8288516998291,30.8288516998291,30.9755859375,31.26905632019043,29.801706314086914,,31.85599708557129,32.14946746826172,
2026-06-04 10:04:16,,,,,,,,28.786148071289062,,,,,
2026-06-04 10:04:18,31.12232208251953,30.682117462158203,30.8288516998291,31.709260940551758,30.8288516998291,31.26905632019043,31.12232208251953,30.9755859375,29.801706314086914,,32.00273132324219,32.14946746826172,
2026-06-04 10:09:25,,,,,,,,28.285350799560547,,,,,
2026-06-04 10:09:35,30.9755859375,30.388647079467773,31.709260940551758,31.415790557861328,30.8288516998291,30.535381317138672,30.8288516998291,30.682117462158203,29.361501693725586,,31.85599708557129,32.00273132324219,
2026-06-04 10:14:15,,,,,,,,27.548255920410156,,,,,
2026-06-04 10:14:36,31.252384185791016,30.812259674072266,31.105674743652344,31.545799255371094,31.105674743652344,31.105674743652344,31.399091720581055,31.105674743652344,29.785303115844727,,31.985923767089844,32.27933883666992,
2026-06-04 10:19:25,,,,,,,,27.542240142822266,,,,,
2026-06-04 10:19:36,31.375682830810547,30.202320098876953,30.642332077026367,30.935672760009766,31.229013442993164,31.08234214782715,30.49566078186035,30.935672760009766,30.05565071105957,,31.669023513793945,32.10903549194336,
2026-06-04 10:24:16,,,,,,,,28.0335636138916,,,,,
2026-06-04 10:24:36,31.669023513793945,30.935672760009766,31.375682830810547,31.375682830810547,30.935672760009766,31.522354125976562,30.935672760009766,30.935672760009766,29.908979415893555,,32.255706787109375,32.40237808227539,
2026-06-04 10:29:26,,,,,,,,28.76483917236328,,,,,
2026-06-04 10:29:37,31.522354125976562,30.935672760009766,30.78900146484375,31.522354125976562,31.229013442993164,31.229013442993164,30.78900146484375,31.229013442993164,29.908979415893555,,31.962364196777344,32.10903549194336,
2026-06-04 10:34:27,,,,,,,,28.76483917236328,,,,,
2026-06-04 10:34:38,31.229013442993164,30.642332077026367,30.49566078186035,31.229013442993164,30.935672760009766,31.08234214782715,30.935672760009766,30.642332077026367,29.762310028076172,,31.81569480895996,31.962364196777344,
2026-06-04 10:38:16,,,,,,,,29.259674072265625,,,,,
2026-06-04 10:38:18,30.935672760009766,30.78900146484375,31.375682830810547,31.08234214782715,30.935672760009766,30.642332077026367,30.935672760009766,31.229013442993164,29.762310028076172,,31.962364196777344,32.10903549194336,
2026-06-04 10:43:14,,,,,,,,28.555438995361328,,,,,
2026-06-04 10:43:27,31.375682830810547,30.202320098876953,30.935672760009766,31.375682830810547,31.08234214782715,31.08234214782715,30.935672760009766,30.642332077026367,29.615638732910156,,31.522354125976562,31.81569480895996,
2026-06-04 10:46:58,,,,,,,,29.27190399169922,,,,,
2026-06-04 10:47:01,31.09566307067871,30.802278518676758,31.09566307067871,31.389047622680664,30.948970794677734,31.09566307067871,30.802278518676758,31.09566307067871,30.068819046020508,,31.975814819335938,32.26919937133789,
2026-06-04 10:50:54,,,,,,,,27.97370719909668,,,,,
2026-06-04 10:50:56,30.215511322021484,30.215511322021484,30.36220359802246,30.948970794677734,30.215511322021484,31.09566307067871,30.215511322021484,30.508895874023438,29.775434494018555,,31.389047622680664,31.82912254333496,
2026-06-04 10:55:53,,,,,,,,28.642597198486328,,,,,
2026-06-04 10:56:05,30.802278518676758,30.36220359802246,30.802278518676758,30.65558624267578,30.508895874023438,30.802278518676758,30.948970794677734,30.65558624267578,29.62874412536621,,31.682430267333984,31.82912254333496,
2026-06-04 11:01:03,,,,,,,,28.555438995361328,,,,,
2026-06-04 11:01:13,30.958967208862305,30.518842697143555,30.372135162353516,30.518842697143555,30.958967208862305,30.958967208862305,30.518842697143555,30.958967208862305,29.785303115844727,,31.545799255371094,31.839216232299805,
2026-06-04 11:05:53,,,,,,,,28.528133392333984,,,,,
2026-06-04 11:06:13,31.545799255371094,30.518842697143555,30.812259674072266,31.692508697509766,31.399091720581055,31.545799255371094,31.105674743652344,31.252384185791016,30.518842697143555,,32.132633209228516,32.27933883666992,
2026-06-04 11:11:03,,,,,,,,28.847347259521484,,,,,
2026-06-04 11:11:15,31.709260940551758,31.415790557861328,31.415790557861328,31.85599708557129,31.56252670288086,31.26905632019043,31.415790557861328,31.26905632019043,30.9755859375,,32.296199798583984,32.73640441894531,
2026-06-04 11:15:53,,,,,,,,30.403146743774414,,,,,
2026-06-04 11:16:16,31.329092025756836,31.035429000854492,31.475921630859375,31.76958465576172,31.035429000854492,31.182260513305664,31.329092025756836,31.182260513305664,30.301271438598633,,32.342227935791016,32.48171615600586,
2026-06-04 11:19:32,31.499330520629883,31.20559310913086,31.20559310913086,31.499330520629883,31.05872344970703,30.911855697631836,31.20559310913086,31.05872344970703,30.177509307861328,31.64620018005371,32.08680725097656,32.23367691040039,
2026-06-04 11:20:45,31.352462768554688,31.352462768554688,31.64620018005371,31.64620018005371,31.352462768554688,31.20559310913086,31.05872344970703,31.20559310913086,30.0306396484375,31.79306983947754,32.52741241455078,32.38054275512695,32.52741241455078
2026-06-04 11:21:04,,,,,,,,29.869577407836914,,,,,
2026-06-04 11:25:45,31.67292022705078,31.23218536376953,31.37909698486328,31.81983184814453,31.52600860595703,30.93836212158203,31.37909698486328,31.37909698486328,30.20380401611328,31.37909698486328,32.26056671142578,32.55438995361328,32.40747833251953
2026-06-04 11:26:05,,,,,,,,29.670059204101562,,,,,
2026-06-04 11:29:37,30.961605072021484,30.37380599975586,30.814655303955078,31.549402236938477,30.667705535888672,30.961605072021484,30.226858139038086,31.10855484008789,29.492111206054688,,31.990249633789062,32.13719940185547,31.696352005004883
2026-06-04 11:30:20,30.814655303955078,30.07990837097168,30.37380599975586,31.40245246887207,31.10855484008789,31.10855484008789,30.520755767822266,30.814655303955078,29.786008834838867,,31.990249633789062,31.990249633789062,
2026-06-04 11:31:07,,,,,,,,29.464393615722656,,,,,
2026-06-04 11:35:22,30.94502067565918,30.651174545288086,31.091941833496094,32.2673225402832,31.23886489868164,31.5327091217041,30.651174545288086,30.798097610473633,29.76963996887207,,32.5611686706543,32.5611686706543,
2026-06-04 11:35:58,,,,,,,,29.464393615722656,,,,,
2026-06-04 11:40:23,31.065357208251953,30.77159881591797,30.91847801208496,30.47783851623535,30.77159881591797,30.624717712402344,30.77159881591797,31.065357208251953,29.890321731567383,,31.799755096435547,32.09351348876953,
2026-06-04 11:41:08,,,,,,,,30.130538940429688,,,,,
2026-06-04 11:45:24,31.212236404418945,31.359115600585938,31.212236404418945,31.065357208251953,30.91847801208496,30.91847801208496,30.77159881591797,31.065357208251953,30.037200927734375,,32.09351348876953,32.387271881103516,
2026-06-04 11:45:58,,,,,,,,30.223785400390625,,,,,
2026-06-04 11:50:24,31.335765838623047,31.188922882080078,31.042081832885742,31.482608795166016,31.482608795166016,31.77629280090332,30.748397827148438,31.62944984436035,30.307870864868164,,32.348976135253906,32.48847579956055,
2026-06-04 11:51:08,,,,,,,,29.83148765563965,,,,,
2026-06-04 11:55:24,31.335765838623047,30.895238876342773,30.748397827148438,31.335765838623047,31.335765838623047,31.482608795166016,30.454713821411133,31.042081832885742,30.01418685913086,,32.069976806640625,32.348976135253906,
2026-06-04 11:56:10,,,,,,,,29.45205307006836,,,,,
2026-06-04 12:00:25,31.482608795166016,31.335765838623047,31.042081832885742,31.188922882080078,30.748397827148438,31.042081832885742,30.895238876342773,31.188922882080078,30.454713821411133,,32.069976806640625,32.069976806640625,
2026-06-04 12:01:00,,,,,,,,29.80249786376953,,,,,
2026-06-04 12:05:26,31.335765838623047,30.60155487060547,30.60155487060547,31.188922882080078,30.748397827148438,31.482608795166016,30.895238876342773,31.62944984436035,29.86734390258789,,32.069976806640625,32.348976135253906,
2026-06-04 12:06:11,,,,,,,,29.623754501342773,,,,,
2026-06-04 12:10:26,31.335765838623047,30.748397827148438,30.454713821411133,31.62944984436035,31.482608795166016,30.748397827148438,30.895238876342773,31.042081832885742,30.01418685913086,,31.923133850097656,32.209476470947266,
2026-06-04 12:11:12,,,,,,,,30.071184158325195,,,,,
2026-06-04 12:15:27,31.188922882080078,30.60155487060547,31.335765838623047,31.482608795166016,31.62944984436035,31.042081832885742,31.042081832885742,31.62944984436035,30.01418685913086,,32.069976806640625,32.348976135253906,
2026-06-04 12:16:02,,,,,,,,29.138933181762695,,,,,
2026-06-04 12:20:27,31.62944984436035,31.482608795166016,31.188922882080078,31.042081832885742,31.042081832885742,31.77629280090332,31.335765838623047,31.482608795166016,30.60155487060547,,32.48847579956055,32.348976135253906,
2026-06-04 12:21:12,,,,,,,,29.49453353881836,,,,,
2026-06-04 12:25:27,30.895238876342773,30.748397827148438,31.482608795166016,31.188922882080078,31.042081832885742,31.482608795166016,30.895238876342773,30.895238876342773,30.01418685913086,,32.209476470947266,32.209476470947266,
2026-06-04 12:26:03,,,,,,,,29.412546157836914,,,,,
2026-06-04 12:30:28,31.155616760253906,31.008827209472656,31.155616760253906,31.742769241333008,31.155616760253906,31.44919204711914,30.86203956604004,31.59598159790039,29.83452033996582,,32.17579650878906,32.45469284057617,
2026-06-04 12:31:13,,,,,,,,28.91836166381836,,,,,
2026-06-04 12:35:28,31.57255744934082,31.279054641723633,30.985553741455078,31.71930694580078,31.425806045532227,31.13230323791504,31.425806045532227,31.425806045532227,30.398548126220703,,32.15956115722656,32.453060150146484,
2026-06-04 12:36:14,,,,,,,,28.094585418701172,,,,,
2026-06-04 12:40:28,31.425806045532227,31.279054641723633,30.838802337646484,31.57255744934082,31.57255744934082,31.425806045532227,30.69205093383789,31.279054641723633,29.958295822143555,,32.01280975341797,32.306312561035156,
2026-06-04 12:41:04,,,,,,,,29.017093658447266,,,,,
2026-06-04 12:45:28,31.13230323791504,31.13230323791504,30.838802337646484,31.13230323791504,31.425806045532227,31.279054641723633,31.425806045532227,31.57255744934082,30.545299530029297,,32.01280975341797,32.15956115722656,
2026-06-04 12:46:14,,,,,,,,29.242290496826172,,,,,
2026-06-04 12:50:29,31.44919204711914,31.155616760253906,31.302404403686523,31.44919204711914,31.302404403686523,31.59598159790039,31.742769241333008,31.155616760253906,30.421674728393555,,32.17579650878906,32.315242767333984,
2026-06-04 12:51:15,,,,,,,,29.242290496826172,,,,,
2026-06-04 12:55:29,31.76958465576172,31.475921630859375,31.622753143310547,31.622753143310547,31.329092025756836,31.91641616821289,31.76958465576172,31.475921630859375,31.475921630859375,,32.48171615600586,32.76069641113281,
2026-06-04 12:56:06,,,,,,,,29.032270431518555,,,,,
2026-06-04 13:00:30,31.549402236938477,31.255502700805664,31.549402236938477,31.255502700805664,31.40245246887207,31.549402236938477,31.10855484008789,31.549402236938477,31.255502700805664,,32.57804870605469,32.57804870605469,
2026-06-04 13:01:16,,,,,,,,29.09351348876953,,,,,
2026-06-04 13:05:30,31.429086685180664,31.135103225708008,31.429086685180664,31.723072052001953,31.576080322265625,31.135103225708008,31.135103225708008,31.576080322265625,30.547136306762695,,32.303688049316406,32.722618103027344,
2026-06-04 13:06:06,,,,,,,,28.34107780456543,,,,,
2026-06-04 13:10:30,31.135103225708008,31.135103225708008,31.135103225708008,31.429086685180664,31.282094955444336,30.98811149597168,31.282094955444336,31.135103225708008,29.371200561523438,,32.16404724121094,32.01705551147461,
2026-06-04 13:11:17,,,,,,,,28.515167236328125,,,,,
2026-06-04 13:15:31,30.96822738647461,30.96822738647461,30.674306869506836,31.26214599609375,31.26214599609375,30.82126808166504,30.82126808166504,31.11518669128418,29.93950843811035,,32.29086685180664,31.996946334838867,
2026-06-04 13:16:07,,,,,,,,29.430809020996094,,,,,
2026-06-04 13:20:31,31.67963218688965,31.385787963867188,31.091941833496094,31.826555252075195,30.94502067565918,31.5327091217041,31.23886489868164,31.5327091217041,30.357330322265625,,32.2673225402832,32.5611686706543,
2026-06-04 13:21:17,,,,,,,,28.944225311279297,,,,,
2026-06-04 13:25:31,31.549402236938477,31.990249633789062,31.549402236938477,31.696352005004883,31.549402236938477,31.549402236938477,31.40245246887207,31.549402236938477,31.549402236938477,,32.43109893798828,32.57804870605469,
2026-06-04 13:26:18,,,,,,,,28.74034309387207,,,,,
2026-06-04 13:30:32,32.16404724121094,31.282094955444336,32.01705551147461,32.01705551147461,31.576080322265625,31.429086685180664,31.429086685180664,32.01705551147461,31.282094955444336,,32.582977294921875,32.582977294921875,
2026-06-04 13:31:09,,,,,,,,29.24837875366211,,,,,
2026-06-04 13:35:32,31.158369064331055,31.158369064331055,31.452428817749023,31.01133918762207,31.30539894104004,31.30539894104004,31.30539894104004,30.864309310913086,30.27618980407715,,32.60660934448242,32.60660934448242,
2026-06-04 13:36:19,,,,,,,,27.586837768554688,,,,,
2026-06-04 13:40:32,31.599456787109375,31.30539894104004,31.01133918762207,31.452428817749023,30.864309310913086,31.30539894104004,31.01133918762207,31.452428817749023,29.688072204589844,,32.18757629394531,32.18757629394531,
2026-06-04 13:41:20,,,,,,,,29.193592071533203,,,,,
2026-06-04 13:45:33,31.11518669128418,30.96822738647461,30.82126808166504,31.556066513061523,30.527347564697266,31.409107208251953,30.674306869506836,30.82126808166504,29.93950843811035,,31.849987030029297,32.29086685180664,
2026-06-04 13:46:10,,,,,,,,28.172401428222656,,,,,
2026-06-04 13:50:33,30.895238876342773,30.60155487060547,30.01418685913086,31.188922882080078,30.748397827148438,31.042081832885742,30.307870864868164,30.895238876342773,29.86734390258789,,31.77629280090332,32.209476470947266,
2026-06-04 13:51:21,,,,,,,,28.20268440246582,,,,,
2026-06-04 13:55:34,30.225427627563477,30.372135162353516,30.078720092773438,30.812259674072266,30.078720092773438,30.665552139282227,30.372135162353516,30.518842697143555,29.198471069335938,,31.545799255371094,32.132633209228516,
2026-06-04 13:56:12,,,,,,,,28.285350799560547,,,,,
2026-06-04 14:00:34,30.605836868286133,30.31261444091797,30.459226608276367,31.045671463012695,30.459226608276367,31.045671463012695,30.166004180908203,30.605836868286133,28.617422103881836,,31.632116317749023,31.77872657775879,
2026-06-04 14:01:22,,,,,,,,27.751724243164062,,,,,
2026-06-04 14:05:35,30.396251678466797,30.10323143005371,29.956722259521484,31.12879753112793,29.66370391845703,30.835779190063477,30.249740600585938,30.249740600585938,27.85980987548828,,31.12879753112793,31.56832504272461,
2026-06-04 14:06:13,,,,,,,,26.751920700073242,,,,,
2026-06-04 14:10:35,30.416404724121094,30.2618465423584,30.416404724121094,31.189193725585938,30.725521087646484,30.57096290588379,30.725521087646484,30.416404724121094,28.698083877563477,,31.80742645263672,31.80742645263672,
2026-06-04 14:11:24,,,,,,,,27.09531593322754,,,,,
2026-06-04 14:15:36,30.43980598449707,30.000778198242188,30.000778198242188,30.43980598449707,29.708091735839844,30.14712142944336,29.854434967041016,30.14712142944336,28.455034255981445,,31.171518325805664,31.464204788208008,
2026-06-04 14:16:14,,,,,,,,26.907516479492188,,,,,
2026-06-04 14:20:36,30.389949798583984,30.389949798583984,30.8287353515625,30.8287353515625,30.24368667602539,30.536211013793945,29.95116424560547,30.682472229003906,28.05889892578125,,31.413782119750977,31.852569580078125,
2026-06-04 14:21:25,,,,,,,,26.85959815979004,,,,,
2026-06-04 14:25:36,30.421274185180664,29.95836639404297,30.266971588134766,30.88418197631836,30.421274185180664,30.266971588134766,29.80406379699707,30.266971588134766,27.734596252441406,,31.192785263061523,31.50139045715332,
2026-06-04 14:26:26,,,,,,,,26.58769989013672,,,,,
2026-06-04 14:30:36,30.86786460876465,29.99132537841797,30.86786460876465,30.575685501098633,29.84523582458496,31.160043716430664,29.84523582458496,30.429595947265625,28.12868309020996,,31.160043716430664,31.875883102416992,
2026-06-04 14:31:17,,,,,,,,27.026479721069336,,,,,
2026-06-04 14:35:36,30.44466209411621,29.473630905151367,30.167224884033203,30.167224884033203,29.751068115234375,30.58338165283203,29.473630905151367,30.167224884033203,28.91875648498535,,30.99953842163086,31.415693283081055,
2026-06-04 14:36:27,,,,,,,,27.734010696411133,,,,,
2026-06-04 14:40:36,30.16058349609375,30.16058349609375,29.883167266845703,30.8541259765625,29.883167266845703,30.16058349609375,30.021875381469727,30.576709747314453,28.61031150817871,,30.992834091186523,31.270252227783203,
2026-06-04 14:41:17,,,,,,,,26.80263900756836,,,,,
2026-06-04 14:45:36,29.883167266845703,29.883167266845703,30.16058349609375,30.437999725341797,30.021875381469727,30.021875381469727,29.883167266845703,30.715417861938477,27.957565307617188,,31.131542205810547,31.408960342407227,
2026-06-04 14:46:28,,,,,,,,27.026479721069336,,,,,
2026-06-04 14:50:37,30.715417861938477,30.021875381469727,30.021875381469727,30.715417861938477,29.883167266845703,30.16058349609375,29.744457244873047,30.021875381469727,27.79438018798828,,30.992834091186523,31.54766845703125,
2026-06-04 14:51:18,,,,,,,,26.536861419677734,,,,,
2026-06-04 14:55:37,30.356246948242188,30.50221824645996,30.210275650024414,31.086103439331055,30.50221824645996,30.50221824645996,30.356246948242188,30.648189544677734,27.445409774780273,,31.3780460357666,31.662691116333008,
2026-06-04 14:56:29,,,,,,,,26.748668670654297,,,,,
2026-06-04 15:00:38,30.322895050048828,29.885143280029297,30.468812942504883,31.19839859008789,30.468812942504883,31.05248260498047,30.468812942504883,30.76064682006836,29.30147361755371,,31.490234375,31.782068252563477,
2026-06-04 15:01:19,,,,,,,,26.984397888183594,,,,,
2026-06-04 15:05:38,30.468812942504883,30.176977157592773,30.614730834960938,30.468812942504883,30.03106117248535,30.03106117248535,30.468812942504883,30.322895050048828,29.0096378326416,,31.344316482543945,31.636152267456055,
2026-06-04 15:06:30,,,,,,,,27.74007797241211,,,,,
2026-06-04 15:10:39,30.8109188079834,30.664920806884766,30.8109188079834,30.518922805786133,30.3729248046875,30.95691680908203,30.518922805786133,30.518922805786133,29.93492889404297,,31.540908813476562,31.81830596923828,
2026-06-04 15:11:20,,,,,,,,27.797653198242188,,,,,
2026-06-04 15:15:40,31.18693733215332,30.894670486450195,31.33306884765625,30.894670486450195,30.748537063598633,30.45627212524414,31.040803909301758,31.33306884765625,30.017871856689453,,31.90298843383789,31.90298843383789,
2026-06-04 15:16:30,,,,,,,,28.177061080932617,,,,,
2026-06-04 15:20:40,31.134660720825195,31.28094482421875,31.573511123657227,31.427227020263672,30.84209442138672,31.28094482421875,31.573511123657227,30.98837661743164,30.98837661743164,,32.304927825927734,32.15864562988281,
2026-06-04 15:21:31,,,,,,,,29.146392822265625,,,,,
2026-06-04 15:25:41,31.41176986694336,31.265277862548828,31.265277862548828,31.558263778686523,30.82579803466797,31.41176986694336,31.704755783081055,31.265277862548828,30.38631820678711,,32.29072952270508,32.43722152709961,
2026-06-04 15:26:22,,,,,,,,28.758729934692383,,,,,
2026-06-04 15:30:41,31.389047622680664,30.948970794677734,31.09566307067871,31.53573989868164,31.53573989868164,31.682430267333984,31.242355346679688,31.682430267333984,30.508895874023438,,32.26919937133789,32.415889739990234,
2026-06-04 15:31:32,,,,,,,,29.317764282226562,,,,,
2026-06-04 15:35:41,32.11365509033203,31.23218536376953,31.96674346923828,32.55438995361328,31.81983184814453,31.81983184814453,31.52600860595703,32.26056671142578,30.79145050048828,,32.70130157470703,32.70130157470703,
2026-06-04 15:36:22,,,,,,,,28.925996780395508,,,,,
2026-06-04 15:40:42,31.774057388305664,31.332836151123047,31.332836151123047,31.921131134033203,31.332836151123047,31.332836151123047,31.479909896850586,31.626983642578125,31.479909896850586,,32.634437561035156,32.634437561035156,
2026-06-04 15:41:32,,,,,,,,29.242290496826172,,,,,
2026-06-04 15:45:42,31.774253845214844,31.480106353759766,31.627180099487305,31.921329498291016,31.333030700683594,31.774253845214844,32.215476989746094,31.774253845214844,31.185956954956055,,32.35519790649414,32.49491882324219,
2026-06-04 15:46:33,,,,,,,,29.320106506347656,,,,,
2026-06-04 15:50:42,31.480356216430664,31.333280563354492,31.774505615234375,31.774505615234375,31.627429962158203,31.627429962158203,31.186206817626953,31.333280563354492,30.892057418823242,,32.35544967651367,32.49517059326172,
2026-06-04 15:51:23,,,,,,,,30.046085357666016,,,,,
2026-06-04 15:55:43,31.79678726196289,31.517343521118164,31.517343521118164,31.936508178710938,31.517343521118164,31.65706443786621,31.79678726196289,31.23790168762207,31.65706443786621,,32.65717315673828,32.80424880981445,
2026-06-04 15:56:33,,,,,,,,29.15960693359375,,,,,
2026-06-04 16:00:44,31.77484703063965,31.480697631835938,31.77484703063965,32.21607208251953,31.77484703063965,31.627771377563477,31.627771377563477,31.333621978759766,31.333621978759766,,32.80437088012695,32.80437088012695,
2026-06-04 16:01:34,,,,,,,,30.567445755004883,,,,,
2026-06-04 16:05:45,31.186750411987305,31.186750411987305,31.92212677001953,32.36335372924805,31.627975463867188,31.48090171813965,31.333826065063477,30.89259910583496,31.333826065063477,,32.216278076171875,32.51042938232422,
2026-06-04 16:06:24,,,,,,,,29.929170608520508,,,,,
2026-06-04 16:10:45,31.775203704833984,31.481054306030273,31.922279357910156,32.06935501098633,31.18690299987793,31.922279357910156,31.628128051757812,31.922279357910156,32.06935501098633,,32.68217086791992,32.83741760253906,
2026-06-04 16:11:34,,,,,,,,29.97186279296875,,,,,
2026-06-04 16:15:45,31.92242431640625,31.33411979675293,31.4811954498291,31.92242431640625,31.775348663330078,31.4811954498291,31.628273010253906,32.06949996948242,32.06949996948242,,32.837562561035156,32.837562561035156,
2026-06-04 16:16:35,,,,,,,,30.022418975830078,,,,,
2026-06-04 16:20:45,31.775440216064453,31.922515869140625,32.0695915222168,32.68240737915039,32.0695915222168,32.37191390991211,32.68240737915039,31.922515869140625,31.481287002563477,,33.14815139770508,33.30339813232422,
2026-06-04 16:21:26,,,,,,,,30.523242950439453,,,,,
2026-06-04 16:25:46,32.372013092041016,32.216766357421875,31.628461837768555,32.216766357421875,32.0696907043457,32.0696907043457,32.216766357421875,32.0696907043457,31.9226131439209,,33.148250579833984,32.993003845214844,
2026-06-04 16:26:36,,,,,,,,30.541614532470703,,,,,
2026-06-04 16:30:46,31.628522872924805,31.92267417907715,32.06975173950195,32.527320861816406,31.92267417907715,31.92267417907715,31.775598526000977,32.216827392578125,32.216827392578125,,32.993064880371094,33.148311614990234,
2026-06-04 16:31:27,,,,,,,,30.792171478271484,,,,,
2026-06-04 16:35:47,31.628665924072266,31.48158836364746,31.775741577148438,32.21697235107422,32.06989669799805,31.775741577148438,31.922819137573242,32.06989669799805,31.628665924072266,,32.99320983886719,32.99320983886719,
2026-06-04 16:36:36,,,,,,,,29.857215881347656,,,,,
2026-06-04 16:40:48,31.628711700439453,31.628711700439453,31.92286491394043,31.92286491394043,32.37226486206055,32.37226486206055,31.628711700439453,31.628711700439453,31.0404052734375,,32.838008880615234,32.838008880615234,
2026-06-04 16:41:37,,,,,,,,30.832080841064453,,,,,
2026-06-04 16:45:48,31.922971725463867,31.922971725463867,31.775894165039062,32.217124938964844,31.62881851196289,31.922971725463867,31.775894165039062,31.922971725463867,31.62881851196289,,32.83811569213867,33.14860916137695,
2026-06-04 16:46:27,,,,,,,,30.59674644470215,,,,,
2026-06-04 16:50:49,31.775894165039062,31.775894165039062,31.481740951538086,32.372371673583984,31.775894165039062,31.481740951538086,31.922971725463867,32.07004928588867,31.922971725463867,,32.83811569213867,32.68286895751953,
2026-06-04 16:51:37,,,,,,,,30.844371795654297,,,,,
2026-06-04 16:55:49,32.21720886230469,31.6289005279541,31.923053741455078,32.21720886230469,31.775978088378906,32.070133209228516,32.37245559692383,32.52770233154297,31.775978088378906,,32.993446350097656,33.3039436340332,
2026-06-04 16:56:27,,,,,,,,30.153409957885742,,,,,
2026-06-04 17:00:50,31.334808349609375,31.334808349609375,31.62896156311035,32.070194244384766,31.62896156311035,31.334808349609375,31.776039123535156,31.040653228759766,31.62896156311035,,32.527767181396484,32.683013916015625,
2026-06-04 17:01:38,,,,,,,,30.39191246032715,,,,,
2026-06-04 17:05:50,32.07027816772461,32.07027816772461,31.629045486450195,31.776123046875,31.923198699951172,31.629045486450195,31.48196792602539,31.776123046875,31.48196792602539,,32.68309783935547,32.68309783935547,
2026-06-04 17:06:28,,,,,,,,30.87197494506836,,,,,
2026-06-04 17:10:50,32.52785110473633,31.629045486450195,31.776123046875,32.07027816772461,31.776123046875,32.52785110473633,31.48196792602539,31.776123046875,31.923198699951172,,32.68309783935547,32.993595123291016,
2026-06-04 17:11:38,,,,,,,,30.410219192504883,,,,,
2026-06-04 17:15:51,32.21741485595703,32.07033920288086,31.77618408203125,32.52791213989258,31.77618408203125,32.07033920288086,31.48202896118164,31.923259735107422,31.923259735107422,,32.838409423828125,32.993656158447266,
2026-06-04 17:16:39,,,,,,,,29.92706298828125,,,,,
2026-06-04 17:20:51,31.923259735107422,31.77618408203125,31.77618408203125,32.37266159057617,31.77618408203125,32.07033920288086,31.77618408203125,31.923259735107422,31.923259735107422,,32.838409423828125,32.838409423828125,
2026-06-04 17:21:40,,,,,,,,30.66100311279297,,,,,
2026-06-04 17:25:52,32.0704345703125,31.776281356811523,31.923358917236328,32.528011322021484,32.21751403808594,31.923358917236328,32.0704345703125,32.37276077270508,32.683258056640625,,33.30425262451172,32.99375534057617,
2026-06-04 17:26:30,,,,,,,,30.654890060424805,,,,,
2026-06-04 17:30:52,32.83850860595703,31.776281356811523,31.62920379638672,32.0704345703125,32.0704345703125,32.528011322021484,32.0704345703125,32.21751403808594,32.83850860595703,,33.30425262451172,33.30425262451172,
2026-06-04 17:31:40,,,,,,,,30.673261642456055,,,,,
2026-06-04 17:35:52,32.528072357177734,31.923419952392578,32.528072357177734,32.37282180786133,32.683319091796875,32.528072357177734,32.21757507324219,32.528072357177734,32.83856964111328,,33.30431365966797,33.459564208984375,
2026-06-04 17:36:30,,,,,,,,31.395235061645508,,,,,
2026-06-04 17:40:52,33.14906692504883,32.07049560546875,32.21757507324219,32.528072357177734,32.37282180786133,32.37282180786133,32.37282180786133,32.99381637573242,32.07049560546875,,33.614810943603516,33.770057678222656,
2026-06-04 17:41:40,,,,,,,,30.9179744720459,,,,,
2026-06-04 17:45:53,32.07049560546875,31.33510971069336,31.62926483154297,31.33510971069336,31.776342391967773,31.482187271118164,31.776342391967773,31.776342391967773,31.776342391967773,,32.683319091796875,32.528072357177734,
2026-06-04 17:46:41,,,,,,,,30.691587448120117,,,,,
2026-06-04 17:50:53,32.528072357177734,32.07049560546875,32.21757507324219,32.528072357177734,32.07049560546875,32.37282180786133,31.923419952392578,31.923419952392578,32.21757507324219,,32.83856964111328,33.14906692504883,
2026-06-04 17:51:42,,,,,,,,30.703821182250977,,,,,
2026-06-04 17:55:53,32.2176513671875,31.92349624633789,32.838645935058594,32.372901916503906,31.62934112548828,32.07057189941406,31.776418685913086,31.776418685913086,32.372901916503906,,32.993896484375,33.14914321899414,
2026-06-04 17:56:32,,,,,,,,31.416828155517578,,,,,
2026-06-04 18:00:54,32.838645935058594,32.2176513671875,31.92349624633789,31.62934112548828,32.52814865112305,31.776418685913086,32.68339920043945,32.372901916503906,32.838645935058594,,33.14914321899414,33.14914321899414,
2026-06-04 18:01:43,,,,,,,,31.419902801513672,,,,,
2026-06-04 18:05:54,32.2176513671875,31.776418685913086,31.92349624633789,32.372901916503906,32.07057189941406,32.52814865112305,32.372901916503906,32.372901916503906,32.68339920043945,,33.30439376831055,33.45964050292969,
2026-06-04 18:06:44,,,,,,,,30.948646545410156,,,,,
2026-06-04 18:10:54,32.21772003173828,32.070640563964844,32.68346405029297,32.37296676635742,32.070640563964844,32.52821731567383,32.37296676635742,32.52821731567383,32.68346405029297,,33.14921188354492,33.14921188354492,
2026-06-04 18:11:35,,,,,,,,30.71605110168457,,,,,
2026-06-04 18:15:54,33.14921188354492,32.68346405029297,32.37296676635742,32.68346405029297,32.070640563964844,32.37296676635742,32.21772003173828,32.838714599609375,32.37296676635742,,33.30445861816406,33.61495590209961,
2026-06-04 18:16:45,,,,,,,,30.71605110168457,,,,,
2026-06-04 18:20:54,32.52821731567383,32.37296676635742,32.21772003173828,32.21772003173828,32.37296676635742,32.21772003173828,32.37296676635742,32.52821731567383,32.68346405029297,,33.30445861816406,33.61495590209961,
2026-06-04 18:21:35,,,,,,,,30.728267669677734,,,,,
2026-06-04 18:25:54,32.52829360961914,31.776561737060547,31.629484176635742,31.923641204833984,31.923641204833984,32.070716857910156,31.629484176635742,32.217796325683594,32.217796325683594,,33.149288177490234,32.994041442871094,
2026-06-04 18:26:45,,,,,,,,30.483421325683594,,,,,
2026-06-04 18:30:55,32.070716857910156,31.335329055786133,31.923641204833984,32.070716857910156,31.629484176635742,31.776561737060547,31.776561737060547,32.070716857910156,32.217796325683594,,32.83879089355469,33.149288177490234,
2026-06-04 18:31:46,,,,,,,,30.960905075073242,,,,,
2026-06-04 18:35:55,32.52829360961914,31.776561737060547,32.070716857910156,31.923641204833984,32.52829360961914,32.68354415893555,32.217796325683594,32.217796325683594,32.217796325683594,,32.994041442871094,33.149288177490234,
2026-06-04 18:36:36,,,,,,,,31.205785751342773,,,,,
2026-06-04 18:40:55,33.305091857910156,32.528846740722656,32.071266174316406,32.37359619140625,32.528846740722656,32.6840934753418,32.37359619140625,32.37359619140625,32.37359619140625,,33.770843505859375,33.92609405517578,
2026-06-04 18:41:46,,,,,,,,30.954776763916016,,,,,
2026-06-04 18:45:56,33.101627349853516,32.6603889465332,32.6603889465332,32.80746841430664,32.95454788208008,32.6603889465332,33.101627349853516,33.395790100097656,33.101627349853516,,33.83702850341797,33.68994903564453,
2026-06-04 18:46:37,,,,,,,,30.483421325683594,,,,,
2026-06-04 18:50:57,32.36703872680664,32.80828094482422,32.36703872680664,32.51411819458008,32.66120147705078,33.10244369506836,32.80828094482422,32.95536422729492,32.95536422729492,,33.69076919555664,33.3966064453125,
2026-06-04 18:51:47,,,,,,,,30.948646545410156,,,,,
2026-06-04 18:55:57,32.68627166748047,33.30728530883789,32.84152603149414,33.61779022216797,32.5310173034668,32.84152603149414,33.15203094482422,32.5310173034668,32.68627166748047,,34.23880386352539,34.08354949951172,
2026-06-04 18:56:37,,,,,,,,31.426067352294922,,,,,
2026-06-04 19:00:57,31.755252838134766,31.910507202148438,32.06576156616211,32.531524658203125,32.06576156616211,31.910507202148438,32.531524658203125,32.37627029418945,32.37627029418945,,33.46304702758789,33.46304702758789,
2026-06-04 19:01:47,,,,,,,,30.948646545410156,,,,,
2026-06-04 19:05:57,32.997718811035156,32.842464447021484,32.531951904296875,32.3766975402832,32.997718811035156,33.15297317504883,32.997718811035156,32.842464447021484,32.531951904296875,,33.46348571777344,33.46348571777344,
2026-06-04 19:06:37,,,,,,,,30.954776763916016,,,,,
2026-06-04 19:10:57,32.37703323364258,31.756011962890625,32.53228759765625,32.221778869628906,32.68754577636719,32.53228759765625,32.37703323364258,32.37703323364258,33.1533088684082,,33.46382141113281,33.46382141113281,
2026-06-04 19:11:47,,,,,,,,30.954776763916016,,,,,
2026-06-04 19:15:57,31.445858001708984,31.75636863708496,31.75636863708496,32.0668830871582,32.37739181518555,32.0668830871582,32.0668830871582,32.532649993896484,31.911624908447266,,33.1536750793457,33.308929443359375,
2026-06-04 19:16:48,,,,,,,,31.670957565307617,,,,,
2026-06-04 19:20:57,32.067039489746094,31.756528854370117,31.756528854370117,32.84332275390625,32.22229766845703,31.911785125732422,31.911785125732422,32.37755584716797,32.22229766845703,,32.99858093261719,33.15383529663086,
2026-06-04 19:21:39,,,,,,,,31.677133560180664,,,,,
2026-06-04 19:25:58,32.53297805786133,32.8434944152832,32.688236236572266,32.53297805786133,32.688236236572266,32.688236236572266,32.22246551513672,32.377723693847656,33.30926513671875,,33.61977767944336,33.46451950073242,
2026-06-04 19:26:49,,,,,,,,31.909683227539062,,,,,
2026-06-04 19:30:59,32.66401290893555,32.06749725341797,32.06749725341797,33.10526657104492,32.81109619140625,32.81109619140625,32.51692581176758,32.222755432128906,32.81109619140625,,33.39944076538086,33.25235366821289,
2026-06-04 19:31:49,,,,,,,,31.450716018676758,,,,,
2026-06-04 19:35:59,32.51700210571289,32.22283172607422,32.51700210571289,32.06757354736328,32.36991882324219,32.81117630004883,32.22283172607422,32.22283172607422,32.51700210571289,,33.25243377685547,33.25243377685547,
2026-06-04 19:36:39,,,,,,,,31.689489364624023,,,,,
2026-06-04 19:40:59,32.66426467895508,31.912490844726562,32.81135177612305,32.0677490234375,32.66426467895508,32.22300720214844,32.51717758178711,32.370094299316406,32.81135177612305,,33.25260925292969,33.10552215576172,
2026-06-04 19:41:49,,,,,,,,31.689489364624023,,,,,
2026-06-04 19:45:59,32.22308349609375,32.66434097290039,32.51725769042969,32.37017059326172,32.81142807006836,32.51725769042969,32.37017059326172,32.22308349609375,32.37017059326172,,33.39977264404297,33.39977264404297,
2026-06-04 19:46:50,,,,,,,,30.734390258789062,,,,,
2026-06-04 19:50:59,31.912628173828125,31.75737190246582,32.22314453125,32.66440200805664,32.37023162841797,32.81148910522461,31.912628173828125,32.37023162841797,32.66440200805664,,33.252750396728516,33.252750396728516,
2026-06-04 19:51:40,,,,,,,,31.928264617919922,,,,,
2026-06-04 19:56:00,32.06791687011719,31.602144241333008,31.602144241333008,32.06791687011719,31.91265869140625,31.757402420043945,31.757402420043945,31.44688606262207,32.06791687011719,,33.10569381713867,32.9586067199707,
2026-06-04 19:56:50,,,,,,,,31.58245086669922,,,,,
2026-06-04 20:01:00,31.912742614746094,32.22325897216797,32.66451644897461,32.517433166503906,32.517433166503906,33.105777740478516,32.22325897216797,31.757484436035156,32.06800079345703,,33.252864837646484,33.252864837646484,
2026-06-04 20:01:41,,,,,,,,31.065034866333008,,,,,
2026-06-04 20:06:00,32.37037658691406,31.91277313232422,32.8116340637207,32.51746368408203,32.664546966552734,32.223289489746094,32.95872116088867,33.10580825805664,33.10580825805664,,33.54706573486328,33.39997863769531,
2026-06-04 20:06:51,,,,,,,,31.591697692871094,,,,,
2026-06-04 20:11:01,32.370460510253906,32.068115234375,31.912857055664062,31.757598876953125,32.22337341308594,32.22337341308594,32.22337341308594,32.664634704589844,33.40006637573242,,33.54715347290039,33.40006637573242,
2026-06-04 20:11:41,,,,,,,,32.11537551879883,,,,,
2026-06-04 20:16:01,31.602371215820312,31.447113037109375,31.602371215820312,31.912887573242188,31.447113037109375,31.602371215820312,31.75762939453125,32.068145751953125,32.66466522216797,,32.66466522216797,32.66466522216797,
2026-06-04 20:16:51,,,,,,,,31.07423210144043,,,,,
2026-06-04 20:21:02,32.068206787109375,31.7576904296875,32.068206787109375,31.912948608398438,32.068206787109375,31.602432250976562,32.068206787109375,32.22346496582031,32.51763916015625,,32.81181335449219,32.81181335449219,
2026-06-04 20:21:53,,,,,,,,31.07423210144043,,,,,
2026-06-04 20:26:02,31.912948608398438,31.912948608398438,31.602432250976562,31.912948608398438,31.7576904296875,32.22346496582031,31.912948608398438,31.912948608398438,32.81181335449219,,32.81181335449219,32.81181335449219,
2026-06-04 20:26:43,,,,,,,,31.859691619873047,,,,,
2026-06-04 20:31:02,31.912948608398438,32.22346496582031,32.22346496582031,32.22346496582031,32.37055206298828,31.912948608398438,32.068206787109375,32.37055206298828,32.81181335449219,,33.105987548828125,32.81181335449219,
2026-06-04 20:31:53,,,,,,,,31.859691619873047,,,,,
2026-06-04 20:36:02,32.517723083496094,32.223548889160156,32.223548889160156,32.370635986328125,32.517723083496094,32.66481018066406,32.81189727783203,32.223548889160156,32.66481018066406,,33.400245666503906,33.25315856933594,
2026-06-04 20:36:44,,,,,,,,31.348331451416016,,,,,
2026-06-04 20:41:03,32.517723083496094,32.370635986328125,32.223548889160156,31.75777244567871,32.370635986328125,32.370635986328125,32.223548889160156,31.602514266967773,32.517723083496094,,33.10607147216797,33.25315856933594,
2026-06-04 20:41:53,,,,,,,,31.872072219848633,,,,,
2026-06-04 20:46:04,32.223548889160156,32.06829071044922,31.2919979095459,31.75777244567871,31.91303253173828,31.447256088256836,32.517723083496094,31.602514266967773,32.517723083496094,,32.958984375,32.958984375,
2026-06-04 20:46:54,,,,,,,,31.342174530029297,,,,,
2026-06-04 20:51:05,32.22357940673828,31.44728660583496,32.22357940673828,32.068321228027344,32.068321228027344,31.913063049316406,31.757802963256836,32.66484069824219,32.37066650390625,,32.811927795410156,32.959014892578125,
2026-06-04 20:51:44,,,,,,,,31.354482650756836,,,,,
2026-06-04 20:56:06,32.068382263183594,31.913124084472656,32.3707275390625,32.22364044189453,31.60260581970215,32.811988830566406,32.3707275390625,32.22364044189453,32.22364044189453,,33.106163024902344,33.106163024902344,
2026-06-04 20:56:54,,,,,,,,31.613277435302734,,,,,
2026-06-04 21:01:06,32.068382263183594,32.068382263183594,31.757863998413086,32.3707275390625,32.068382263183594,32.51781463623047,32.068382263183594,31.913124084472656,32.811988830566406,,33.106163024902344,32.959075927734375,
2026-06-04 21:01:45,,,,,,,,31.101829528808594,,,,,
2026-06-04 21:06:06,31.757863998413086,31.913124084472656,31.292089462280273,32.068382263183594,31.757863998413086,32.068382263183594,31.60260581970215,32.068382263183594,32.3707275390625,,32.811988830566406,32.66490173339844,
2026-06-04 21:06:55,,,,,,,,31.348331451416016,,,,,
2026-06-04 21:11:07,31.60260581970215,31.757863998413086,31.757863998413086,31.913124084472656,31.757863998413086,31.913124084472656,31.60260581970215,31.913124084472656,31.913124084472656,,32.811988830566406,32.959075927734375,
2026-06-04 21:11:56,,,,,,,,31.865886688232422,,,,,
2026-06-04 21:16:07,32.66490173339844,32.22364044189453,32.068382263183594,32.3707275390625,32.3707275390625,32.51781463623047,32.3707275390625,32.22364044189453,32.51781463623047,,33.25325012207031,33.25325012207031,
2026-06-04 21:16:47,,,,,,,,32.13086700439453,,,,,
2026-06-04 21:21:07,32.66490173339844,32.66490173339844,32.51781463623047,32.811988830566406,32.068382263183594,32.068382263183594,32.51781463623047,32.068382263183594,32.51781463623047,,33.25325012207031,33.25325012207031,
2026-06-04 21:21:57,,,,,,,,30.319303512573242,,,,,
2026-06-04 21:26:08,32.22364044189453,31.913124084472656,31.60260581970215,31.913124084472656,32.22364044189453,32.068382263183594,32.068382263183594,32.22364044189453,32.3707275390625,,33.106163024902344,32.959075927734375,
2026-06-04 21:26:47,,,,,,,,31.348331451416016,,,,,
2026-06-04 21:31:08,32.51781463623047,32.22364044189453,32.068382263183594,32.22364044189453,32.3707275390625,32.22364044189453,31.913124084472656,32.3707275390625,32.51781463623047,,33.25325012207031,33.106163024902344,
2026-06-04 21:31:57,,,,,,,,31.600933074951172,,,,,
2026-06-04 21:36:08,32.22364044189453,32.068382263183594,32.3707275390625,31.60260581970215,32.3707275390625,32.068382263183594,31.757863998413086,32.66490173339844,32.22364044189453,,33.106163024902344,33.106163024902344,
2026-06-04 21:36:47,,,,,,,,31.354482650756836,,,,,
2026-06-04 21:41:09,32.66490173339844,32.3707275390625,32.66490173339844,32.068382263183594,32.811988830566406,32.3707275390625,32.66490173339844,32.959075927734375,32.66490173339844,,33.54742431640625,33.25325012207031,
2026-06-04 21:41:57,,,,,,,,31.348331451416016,,,,,
2026-06-04 21:46:09,32.22364044189453,32.3707275390625,31.44734764099121,31.913124084472656,31.757863998413086,31.757863998413086,32.068382263183594,31.60260581970215,31.757863998413086,,32.811988830566406,32.66490173339844,
2026-06-04 21:46:58,,,,,,,,31.613277435302734,,,,,
2026-06-04 21:51:09,32.068382263183594,32.068382263183594,31.60260581970215,32.51781463623047,32.66490173339844,31.913124084472656,32.068382263183594,32.51781463623047,32.22364044189453,,32.959075927734375,32.959075927734375,
2026-06-04 21:51:48,,,,,,,,31.61945343017578,,,,,
2026-06-04 21:56:09,31.757863998413086,32.068382263183594,31.60260581970215,31.60260581970215,32.22364044189453,31.913124084472656,31.913124084472656,32.068382263183594,32.22364044189453,,32.811988830566406,32.811988830566406,
2026-06-04 21:56:58,,,,,,,,31.101829528808594,,,,,
2026-06-04 22:01:10,32.51781463623047,32.22364044189453,32.959075927734375,32.068382263183594,32.068382263183594,32.22364044189453,31.757863998413086,31.913124084472656,32.51781463623047,,33.106163024902344,33.106163024902344,
2026-06-04 22:01:49,,,,,,,,32.14326477050781,,,,,
2026-06-04 22:06:11,31.136926651000977,31.91322135925293,31.602703094482422,32.0684814453125,32.665000915527344,31.602703094482422,32.370826721191406,32.22373962402344,32.0684814453125,,32.95917510986328,32.95917510986328,
2026-06-04 22:06:59,,,,,,,,32.40209197998047,,,,,
2026-06-04 22:11:11,32.22373962402344,31.91322135925293,31.602703094482422,31.91322135925293,32.0684814453125,31.757963180541992,32.517913818359375,31.757963180541992,32.370826721191406,,32.81208801269531,32.81208801269531,
2026-06-04 22:12:00,,,,,,,,31.61945343017578,,,,,
2026-06-04 22:16:11,32.370826721191406,32.517913818359375,32.22373962402344,32.81208801269531,31.91322135925293,32.665000915527344,32.22373962402344,32.370826721191406,32.81208801269531,,32.95917510986328,33.10626220703125,
2026-06-04 22:16:50,,,,,,,,31.625606536865234,,,,,
2026-06-04 22:21:11,32.22373962402344,32.517913818359375,31.757963180541992,31.91322135925293,32.0684814453125,32.0684814453125,32.665000915527344,32.370826721191406,32.665000915527344,,33.10626220703125,33.25334930419922,
2026-06-04 22:22:01,,,,,,,,31.625606536865234,,,,,
2026-06-04 22:26:11,32.370826721191406,32.22373962402344,31.757963180541992,32.0684814453125,32.370826721191406,32.81208801269531,32.0684814453125,32.517913818359375,32.665000915527344,,33.25334930419922,33.10626220703125,
2026-06-04 22:26:51,,,,,,,,31.625606536865234,,,,,
2026-06-04 22:31:11,32.370826721191406,32.22373962402344,31.91322135925293,32.517913818359375,31.91322135925293,32.517913818359375,32.0684814453125,31.91322135925293,32.95917510986328,,33.10626220703125,33.10626220703125,
2026-06-04 22:32:02,,,,,,,,31.114076614379883,,,,,
2026-06-04 22:36:11,32.370826721191406,32.22373962402344,31.757963180541992,32.517913818359375,32.665000915527344,32.370826721191406,31.91322135925293,32.22373962402344,32.665000915527344,,33.10626220703125,33.10626220703125,
2026-06-04 22:36:52,,,,,,,,30.590290069580078,,,,,
2026-06-04 22:41:12,32.22373962402344,32.517913818359375,31.91322135925293,32.0684814453125,32.517913818359375,32.22373962402344,32.370826721191406,32.370826721191406,32.665000915527344,,33.40043640136719,33.10626220703125,
2026-06-04 22:42:02,,,,,,,,31.631771087646484,,,,,
2026-06-04 22:46:13,32.517913818359375,32.370826721191406,32.95917510986328,32.81208801269531,32.370826721191406,32.22373962402344,32.370826721191406,32.517913818359375,32.95917510986328,,33.547523498535156,33.40043640136719,
2026-06-04 22:47:03,,,,,,,,31.107948303222656,,,,,
2026-06-04 22:51:13,32.517913818359375,32.22373962402344,32.370826721191406,32.81208801269531,32.81208801269531,32.517913818359375,32.22373962402344,32.517913818359375,32.81208801269531,,33.40043640136719,33.40043640136719,
2026-06-04 22:51:54,,,,,,,,30.86135482788086,,,,,
2026-06-04 22:56:13,31.91322135925293,32.517913818359375,32.665000915527344,32.370826721191406,32.517913818359375,32.0684814453125,32.22373962402344,32.517913818359375,32.517913818359375,,33.25334930419922,33.40043640136719,
2026-06-04 22:57:04,,,,,,,,31.3729248046875,,,,,
2026-06-04 23:01:13,32.665000915527344,32.22373962402344,32.0684814453125,31.757963180541992,32.517913818359375,32.370826721191406,32.22373962402344,32.370826721191406,32.517913818359375,,33.40043640136719,33.10626220703125,
2026-06-04 23:01:54,,,,,,,,31.3729248046875,,,,,
2026-06-04 23:06:13,31.757963180541992,32.22373962402344,32.0684814453125,32.22373962402344,31.91322135925293,31.757963180541992,32.0684814453125,31.91322135925293,32.95917510986328,,32.81208801269531,32.81208801269531,
2026-06-04 23:07:04,,,,,,,,32.161869049072266,,,,,
2026-06-04 23:11:14,32.22373962402344,31.91322135925293,32.0684814453125,32.370826721191406,32.22373962402344,32.22373962402344,32.370826721191406,32.517913818359375,32.665000915527344,,32.95917510986328,33.10626220703125,
2026-06-04 23:11:54,,,,,,,,30.86135482788086,,,,,
2026-06-04 23:16:15,32.0684814453125,31.91322135925293,31.602703094482422,31.602703094482422,31.757963180541992,31.602703094482422,31.91322135925293,32.22373962402344,32.81208801269531,,32.95917510986328,32.95917510986328,
2026-06-04 23:17:04,,,,,,,,31.12021827697754,,,,,
2026-06-04 23:21:15,32.22381591796875,32.812164306640625,32.51799011230469,32.95925521850586,32.37090301513672,32.06855773925781,32.37090301513672,32.22381591796875,32.665077209472656,,33.400516510009766,33.400516510009766,
2026-06-04 23:21:54,,,,,,,,31.385221481323242,,,,,
2026-06-04 23:26:15,32.51799011230469,32.37090301513672,31.913297653198242,32.51799011230469,32.22381591796875,32.665077209472656,32.22381591796875,32.37090301513672,32.812164306640625,,33.400516510009766,33.547603607177734,
2026-06-04 23:27:04,,,,,,,,30.60857582092285,,,,,
2026-06-04 23:31:15,32.37090301513672,32.06855773925781,31.758039474487305,31.913297653198242,31.758039474487305,31.758039474487305,32.06855773925781,32.22381591796875,31.913297653198242,,32.95925521850586,32.95925521850586,
2026-06-04 23:32:05,,,,,,,,32.161869049072266,,,,,
2026-06-04 23:36:15,32.665077209472656,32.22381591796875,31.447521209716797,31.758039474487305,32.22381591796875,32.37090301513672,31.913297653198242,32.06855773925781,32.37090301513672,,33.10634231567383,32.95925521850586,
2026-06-04 23:36:55,,,,,,,,32.17116928100586,,,,,
2026-06-04 23:41:15,32.95925521850586,32.06855773925781,32.22381591796875,32.37090301513672,32.812164306640625,32.51799011230469,32.51799011230469,32.51799011230469,32.812164306640625,,33.547603607177734,33.547603607177734,
2026-06-04 23:42:05,,,,,,,,30.86745834350586,,,,,
2026-06-04 23:46:16,32.95925521850586,32.22381591796875,32.812164306640625,32.665077209472656,32.51799011230469,32.665077209472656,32.37090301513672,32.665077209472656,32.812164306640625,,33.400516510009766,33.547603607177734,
2026-06-04 23:46:55,,,,,,,,31.65335464477539,,,,,
2026-06-04 23:51:16,32.06855773925781,32.06855773925781,31.602779388427734,32.22381591796875,31.913297653198242,32.51799011230469,32.51799011230469,32.812164306640625,32.812164306640625,,32.95925521850586,33.10634231567383,
2026-06-04 23:52:05,,,,,,,,32.17116928100586,,,,,
2026-06-04 23:56:16,32.37090301513672,31.758039474487305,32.06855773925781,32.51799011230469,31.602779388427734,31.913297653198242,32.51799011230469,32.665077209472656,32.812164306640625,,33.10634231567383,32.95925521850586,
2026-06-04 23:56:56,,,,,,,,31.141664505004883,,,,,
2026-06-05 00:01:16,32.37090301513672,32.22381591796875,32.37090301513672,32.22381591796875,32.51799011230469,32.37090301513672,32.22381591796875,32.37090301513672,32.51799011230469,,33.400516510009766,33.2534294128418,
2026-06-05 00:02:05,,,,,,,,30.62685203552246,,,,,
2026-06-05 00:06:16,32.95925521850586,32.06855773925781,32.06855773925781,32.665077209472656,32.665077209472656,31.758039474487305,32.22381591796875,32.37090301513672,32.51799011230469,,33.2534294128418,33.10634231567383,
2026-06-05 00:07:06,,,,,,,,31.141664505004883,,,,,
2026-06-05 00:11:17,32.812164306640625,32.665077209472656,32.665077209472656,32.51799011230469,32.665077209472656,32.51799011230469,32.37090301513672,32.22381591796875,32.22381591796875,,33.2534294128418,33.547603607177734,
2026-06-05 00:12:07,,,,,,,,31.400590896606445,,,,,
2026-06-05 00:16:17,33.2534294128418,32.22381591796875,32.37090301513672,32.95925521850586,32.22381591796875,32.06855773925781,32.665077209472656,32.812164306640625,32.812164306640625,,33.6946907043457,33.547603607177734,
2026-06-05 00:16:57,,,,,,,,31.141664505004883,,,,,
2026-06-05 00:21:17,31.758039474487305,32.22381591796875,32.37090301513672,32.22381591796875,32.37090301513672,32.51799011230469,32.06855773925781,32.51799011230469,32.812164306640625,,33.2534294128418,33.10634231567383,
2026-06-05 00:22:07,,,,,,,,32.44561767578125,,,,,
2026-06-05 00:26:18,32.223907470703125,31.60287094116211,31.913389205932617,31.913389205932617,32.223907470703125,32.370994567871094,32.223907470703125,32.51808166503906,32.66516876220703,,33.25352096557617,33.1064338684082,
2026-06-05 00:26:58,,,,,,,,31.400590896606445,,,,,
2026-06-05 00:31:18,32.223907470703125,31.913389205932617,32.06864929199219,32.06864929199219,31.913389205932617,31.913389205932617,32.06864929199219,32.370994567871094,32.370994567871094,,32.959346771240234,32.959346771240234,
2026-06-05 00:32:08,,,,,,,,31.41596221923828,,,,,
2026-06-05 00:36:19,31.75813102722168,31.60287094116211,31.447612762451172,32.06864929199219,32.370994567871094,31.447612762451172,31.60287094116211,32.370994567871094,31.913389205932617,,32.66516876220703,32.66516876220703,
2026-06-05 00:37:09,,,,,,,,31.14472007751465,,,,,
2026-06-05 00:41:19,32.370994567871094,32.66516876220703,32.370994567871094,32.51808166503906,32.51808166503906,32.51808166503906,32.370994567871094,32.66516876220703,33.40060806274414,,33.40060806274414,33.69478225708008,
2026-06-05 00:41:59,,,,,,,,31.66876220703125,,,,,
2026-06-05 00:46:19,33.25352096557617,32.370994567871094,31.913389205932617,32.06864929199219,32.223907470703125,32.370994567871094,32.370994567871094,32.51808166503906,32.370994567871094,,33.25352096557617,33.40060806274414,
2026-06-05 00:47:09,,,,,,,,31.921520233154297,,,,,
2026-06-05 00:51:21,32.223907470703125,32.06864929199219,31.913389205932617,32.66516876220703,32.223907470703125,32.06864929199219,32.51808166503906,31.913389205932617,32.66516876220703,,33.1064338684082,32.959346771240234,
2026-06-05 00:52:10,,,,,,,,31.92771339416504,,,,,
2026-06-05 00:56:21,32.66516876220703,31.60287094116211,32.223907470703125,32.06864929199219,32.51808166503906,32.06864929199219,32.66516876220703,32.812255859375,32.51808166503906,,33.25352096557617,33.25352096557617,
2026-06-05 00:57:11,,,,,,,,31.66876220703125,,,,,
2026-06-05 01:01:21,32.66516876220703,32.370994567871094,32.812255859375,32.812255859375,32.223907470703125,32.51808166503906,32.812255859375,32.51808166503906,32.66516876220703,,33.25352096557617,33.25352096557617,
2026-06-05 01:02:02,,,,,,,,32.45183563232422,,,,,
2026-06-05 01:06:21,31.913389205932617,32.223907470703125,32.06864929199219,32.223907470703125,31.2923526763916,31.2923526763916,32.370994567871094,32.223907470703125,32.66516876220703,,33.1064338684082,32.959346771240234,
2026-06-05 01:07:11,,,,,,,,32.45183563232422,,,,,
2026-06-05 01:11:21,32.66516876220703,32.06864929199219,32.06864929199219,32.223907470703125,32.370994567871094,32.06864929199219,31.75813102722168,32.51808166503906,32.812255859375,,33.25352096557617,33.25352096557617,
2026-06-05 01:12:12,,,,,,,,31.92771339416504,,,,,
2026-06-05 01:16:21,32.51808166503906,32.223907470703125,32.370994567871094,32.223907470703125,32.223907470703125,32.223907470703125,32.223907470703125,32.51808166503906,32.51808166503906,,33.40060806274414,33.25352096557617,
2026-06-05 01:17:02,,,,,,,,31.687259674072266,,,,,
2026-06-05 01:21:21,32.51811218261719,31.602901458740234,32.22393798828125,32.37102508544922,31.913419723510742,32.51811218261719,31.913419723510742,32.22393798828125,32.66520309448242,,32.81229019165039,32.95937728881836,
2026-06-05 01:22:12,,,,,,,,31.41596221923828,,,,,
2026-06-05 01:26:22,32.06867980957031,31.758161544799805,31.758161544799805,31.913419723510742,32.22393798828125,31.447643280029297,31.913419723510742,32.37102508544922,32.51811218261719,,32.95937728881836,32.95937728881836,
2026-06-05 01:27:13,,,,,,,,31.94007682800293,,,,,
2026-06-05 01:31:22,32.06867980957031,31.758161544799805,32.06867980957031,32.22393798828125,32.06867980957031,32.22393798828125,31.913419723510742,32.06867980957031,32.37102508544922,,32.95937728881836,32.95937728881836,
2026-06-05 01:32:14,,,,,,,,32.192867279052734,,,,,
2026-06-05 01:36:22,32.22395324707031,31.758176803588867,31.29239845275879,32.37104034423828,31.758176803588867,31.758176803588867,31.602916717529297,32.51812744140625,32.51812744140625,,32.81230545043945,32.95939254760742,
2026-06-05 01:37:05,,,,,,,,31.68109130859375,,,,,
2026-06-05 01:41:23,32.66524887084961,32.371070861816406,32.518157958984375,32.66524887084961,32.95942306518555,32.371070861816406,32.371070861816406,32.371070861816406,32.81233596801758,,33.40068817138672,33.694862365722656,
2026-06-05 01:42:15,,,,,,,,30.904132843017578,,,,,
2026-06-05 01:46:24,32.371070861816406,32.22398376464844,32.66524887084961,32.95942306518555,32.371070861816406,32.81233596801758,32.518157958984375,33.253597259521484,32.81233596801758,,33.54777526855469,33.40068817138672,
2026-06-05 01:47:16,,,,,,,,31.687259674072266,,,,,
2026-06-05 01:51:24,32.518157958984375,32.371070861816406,32.371070861816406,32.66524887084961,32.22398376464844,32.22398376464844,32.22398376464844,32.95942306518555,32.66524887084961,,33.106510162353516,33.253597259521484,
2026-06-05 01:52:17,,,,,,,,31.42825698852539,,,,,
2026-06-05 01:56:24,32.371070861816406,32.371070861816406,32.371070861816406,32.518157958984375,32.0687255859375,32.518157958984375,32.0687255859375,32.0687255859375,32.81233596801758,,33.253597259521484,33.253597259521484,
2026-06-05 01:57:07,,,,,,,,31.169252395629883,,,,,
2026-06-05 02:01:24,32.518157958984375,32.518157958984375,32.0687255859375,32.95942306518555,32.518157958984375,32.371070861816406,32.0687255859375,32.81233596801758,32.95942306518555,,33.54777526855469,33.40068817138672,
2026-06-05 02:02:17,,,,,,,,31.94626235961914,,,,,
2026-06-05 02:06:25,32.81233596801758,32.66524887084961,32.518157958984375,33.106510162353516,32.371070861816406,32.66524887084961,31.758207321166992,32.518157958984375,33.253597259521484,,33.54777526855469,33.54777526855469,
2026-06-05 02:07:08,,,,,,,,31.687259674072266,,,,,
2026-06-05 02:11:25,32.66524887084961,32.22398376464844,32.371070861816406,31.758207321166992,32.81233596801758,32.371070861816406,32.22398376464844,32.22398376464844,32.66524887084961,,33.40068817138672,33.106510162353516,
2026-06-05 02:12:18,,,,,,,,31.95244026184082,,,,,
2026-06-05 02:16:25,32.518157958984375,32.22398376464844,32.371070861816406,31.758207321166992,32.66524887084961,32.518157958984375,32.66524887084961,32.81233596801758,32.0687255859375,,33.253597259521484,33.253597259521484,
2026-06-05 02:17:19,,,,,,,,31.43440055847168,,,,,
2026-06-05 02:21:26,32.0687255859375,32.0687255859375,32.22398376464844,32.371070861816406,31.91346549987793,31.602947235107422,32.518157958984375,32.81233596801758,32.81233596801758,,33.253597259521484,33.253597259521484,
2026-06-05 02:22:20,,,,,,,,31.958616256713867,,,,,
2026-06-05 02:26:26,31.91346549987793,31.602947235107422,31.91346549987793,31.758207321166992,32.0687255859375,32.22398376464844,32.371070861816406,32.95942306518555,32.0687255859375,,33.106510162353516,33.253597259521484,
2026-06-05 02:27:11,,,,,,,,31.687259674072266,,,,,
2026-06-05 02:31:27,32.81233596801758,32.0687255859375,32.518157958984375,32.518157958984375,31.91346549987793,31.602947235107422,32.0687255859375,32.371070861816406,32.66524887084961,,33.253597259521484,33.106510162353516,
2026-06-05 02:32:20,,,,,,,,32.217655181884766,,,,,
2026-06-05 02:36:28,32.66537857055664,32.06885528564453,32.06885528564453,32.518287658691406,32.518287658691406,32.22411346435547,32.518287658691406,32.66537857055664,32.518287658691406,,33.253726959228516,33.40081787109375,
2026-06-05 02:37:11,,,,,,,,32.217655181884766,,,,,
2026-06-05 02:41:28,32.95955276489258,32.37120056152344,32.95955276489258,32.66537857055664,32.22411346435547,32.518287658691406,32.66537857055664,32.518287658691406,32.95955276489258,,33.40081787109375,33.69499206542969,
2026-06-05 02:42:20,,,,,,,,31.69342041015625,,,,,
2026-06-05 02:46:28,32.81246566772461,32.22411346435547,32.66537857055664,32.518287658691406,32.518287658691406,32.37120056152344,32.37120056152344,32.37120056152344,32.518287658691406,,33.253726959228516,33.40081787109375,
2026-06-05 02:47:21,,,,,,,,31.958616256713867,,,,,
2026-06-05 02:51:29,32.66537857055664,32.518287658691406,32.518287658691406,32.66537857055664,32.66537857055664,32.518287658691406,32.66537857055664,32.66537857055664,33.253726959228516,,33.40081787109375,33.253726959228516,
2026-06-05 02:52:11,,,,,,,,32.7357292175293,,,,,
2026-06-05 02:56:29,31.91359519958496,32.518287658691406,31.91359519958496,32.06885528564453,32.37120056152344,32.06885528564453,32.518287658691406,32.37120056152344,32.95955276489258,,33.253726959228516,33.253726959228516,
2026-06-05 02:57:21,,,,,,,,31.69957733154297,,,,,
2026-06-05 03:01:29,32.66537857055664,32.66537857055664,32.518287658691406,32.81246566772461,32.22411346435547,32.37120056152344,31.91359519958496,32.66537857055664,33.10663986206055,,33.40081787109375,33.253726959228516,
2026-06-05 03:02:12,,,,,,,,31.181501388549805,,,,,
2026-06-05 03:06:29,32.22411346435547,32.66537857055664,32.06885528564453,32.81246566772461,32.95955276489258,32.22411346435547,32.518287658691406,32.518287658691406,33.10663986206055,,33.40081787109375,33.54790496826172,
2026-06-05 03:07:22,,,,,,,,31.69957733154297,,,,,
2026-06-05 03:11:29,32.06885528564453,32.37120056152344,32.37120056152344,32.518287658691406,32.66537857055664,32.518287658691406,32.06885528564453,32.66537857055664,32.518287658691406,,33.54790496826172,33.253726959228516,
2026-06-05 03:12:23,,,,,,,,32.47669219970703,,,,,
2026-06-05 03:16:30,32.81246566772461,32.66537857055664,32.66537857055664,32.22411346435547,32.95955276489258,32.81246566772461,33.253726959228516,32.95955276489258,33.54790496826172,,33.69499206542969,33.54790496826172,
2026-06-05 03:17:13,,,,,,,,31.708812713623047,,,,,
2026-06-05 03:21:30,32.95955276489258,32.518287658691406,32.95955276489258,32.37120056152344,32.518287658691406,32.37120056152344,32.66537857055664,32.22411346435547,32.518287658691406,,33.54790496826172,33.40081787109375,
2026-06-05 03:22:24,,,,,,,,31.449748992919922,,,,,
2026-06-05 03:26:30,32.81246566772461,32.66537857055664,32.518287658691406,32.66537857055664,32.81246566772461,32.518287658691406,32.66537857055664,32.81246566772461,33.253726959228516,,33.54790496826172,33.54790496826172,
2026-06-05 03:27:14,,,,,,,,31.967876434326172,,,,,
2026-06-05 03:31:32,32.22411346435547,32.95955276489258,31.60307502746582,32.37120056152344,32.66537857055664,32.518287658691406,32.37120056152344,31.60307502746582,32.518287658691406,,33.253726959228516,33.253726959228516,
2026-06-05 03:32:24,,,,,,,,32.2269401550293,,,,,
2026-06-05 03:36:32,32.22411346435547,31.91359519958496,32.37120056152344,31.91359519958496,31.91359519958496,32.22411346435547,32.22411346435547,32.06885528564453,32.37120056152344,,33.253726959228516,33.253726959228516,
2026-06-05 03:37:14,,,,,,,,31.967876434326172,,,,,
2026-06-05 03:41:32,32.37120056152344,32.37120056152344,32.518287658691406,31.91359519958496,31.91359519958496,32.37120056152344,32.06885528564453,32.22411346435547,32.518287658691406,,33.40081787109375,33.10663986206055,
2026-06-05 03:42:24,,,,,,,,31.714969635009766,,,,,
2026-06-05 03:46:32,32.518287658691406,32.37120056152344,32.81246566772461,32.37120056152344,32.22411346435547,32.06885528564453,31.75833511352539,32.81246566772461,32.37120056152344,,33.40081787109375,33.253726959228516,
2026-06-05 03:47:15,,,,,,,,31.455886840820312,,,,,
2026-06-05 03:51:33,32.37120056152344,32.37120056152344,32.37120056152344,32.37120056152344,31.75833511352539,32.37120056152344,32.06885528564453,32.66537857055664,32.06885528564453,,33.40081787109375,33.10663986206055,
2026-06-05 03:52:25,,,,,,,,32.23313522338867,,,,,
2026-06-05 03:56:33,32.37120056152344,32.06885528564453,32.518287658691406,32.37120056152344,32.518287658691406,32.66537857055664,31.91359519958496,32.518287658691406,32.37120056152344,,33.253726959228516,33.253726959228516,
2026-06-05 03:57:26,,,,,,,,32.49842071533203,,,,,
2026-06-05 04:01:33,33.106685638427734,32.518333435058594,32.518333435058594,32.371246337890625,32.8125114440918,33.106685638427734,32.959598541259766,33.106685638427734,32.66542434692383,,33.695037841796875,33.547950744628906,
2026-06-05 04:02:17,,,,,,,,32.2269401550293,,,,,
2026-06-05 04:06:34,32.665470123291016,32.37129211425781,32.37129211425781,32.812557220458984,32.665470123291016,32.665470123291016,32.224205017089844,32.37129211425781,32.812557220458984,,33.54800033569336,33.69508743286133,
2026-06-05 04:07:26,,,,,,,,31.72112274169922,,,,,
2026-06-05 04:11:34,32.95964813232422,32.51838302612305,32.95964813232422,32.665470123291016,32.812557220458984,32.224205017089844,32.37129211425781,33.253822326660156,33.40091323852539,,33.54800033569336,33.69508743286133,
2026-06-05 04:12:17,,,,,,,,31.72112274169922,,,,,
2026-06-05 04:16:35,33.10673522949219,32.665470123291016,33.10673522949219,32.812557220458984,32.812557220458984,32.665470123291016,32.665470123291016,32.95964813232422,33.253822326660156,,33.69508743286133,33.69508743286133,
2026-06-05 04:17:27,,,,,,,,31.989482879638672,,,,,
2026-06-05 04:21:35,32.224205017089844,32.224205017089844,32.068946838378906,32.224205017089844,31.758426666259766,32.37129211425781,32.224205017089844,32.37129211425781,32.95964813232422,,33.253822326660156,33.253822326660156,
2026-06-05 04:22:18,,,,,,,,32.49842071533203,,,,,
2026-06-05 04:26:35,32.37129211425781,32.665470123291016,31.913686752319336,32.224205017089844,32.665470123291016,32.37129211425781,32.068946838378906,32.37129211425781,32.812557220458984,,33.40091323852539,33.40091323852539,
2026-06-05 04:27:27,,,,,,,,31.980222702026367,,,,,
2026-06-05 04:31:35,32.224205017089844,32.51838302612305,31.913686752319336,32.224205017089844,32.37129211425781,32.665470123291016,32.068946838378906,32.812557220458984,32.665470123291016,,33.54800033569336,33.40091323852539,
2026-06-05 04:32:18,,,,,,,,32.239322662353516,,,,,
2026-06-05 04:36:35,32.95964813232422,32.665470123291016,31.913686752319336,32.812557220458984,32.51838302612305,32.665470123291016,31.913686752319336,32.37129211425781,32.068946838378906,,33.253822326660156,33.10673522949219,
2026-06-05 04:37:28,,,,,,,,32.239322662353516,,,,,
2026-06-05 04:41:36,33.253822326660156,32.812557220458984,32.51838302612305,32.37129211425781,33.10673522949219,32.812557220458984,32.812557220458984,33.10673522949219,33.253822326660156,,33.69508743286133,33.69508743286133,
2026-06-05 04:42:18,,,,,,,,31.983312606811523,,,,,
2026-06-05 04:46:36,32.812557220458984,32.51838302612305,32.224205017089844,32.665470123291016,32.665470123291016,33.40091323852539,33.10673522949219,32.665470123291016,33.8421745300293,,33.69508743286133,33.98926544189453,
2026-06-05 04:47:28,,,,,,,,32.2424201965332,,,,,
2026-06-05 04:51:36,32.224205017089844,31.758426666259766,31.603166580200195,32.37129211425781,31.913686752319336,32.37129211425781,32.068946838378906,32.37129211425781,32.37129211425781,,33.40091323852539,33.10673522949219,
2026-06-05 04:52:19,,,,,,,,31.465097427368164,,,,,
2026-06-05 04:56:36,31.758426666259766,32.068946838378906,31.603166580200195,31.913686752319336,32.37129211425781,32.224205017089844,32.068946838378906,31.603166580200195,32.51838302612305,,32.95964813232422,33.10673522949219,
2026-06-05 04:57:28,,,,,,,,32.24860763549805,,,,,
2026-06-05 05:01:37,31.603166580200195,32.224205017089844,32.224205017089844,32.51838302612305,32.51838302612305,32.665470123291016,32.37129211425781,32.37129211425781,32.068946838378906,,33.10673522949219,33.253822326660156,
2026-06-05 05:02:29,,,,,,,,32.239322662353516,,,,,
2026-06-05 05:06:37,32.37129211425781,32.068946838378906,31.758426666259766,31.913686752319336,32.37129211425781,31.913686752319336,32.224205017089844,32.51838302612305,32.665470123291016,,33.10673522949219,33.253822326660156,
2026-06-05 05:07:19,,,,,,,,32.2424201965332,,,,,
2026-06-05 05:11:38,32.37129211425781,32.224205017089844,32.068946838378906,32.51838302612305,32.37129211425781,32.51838302612305,32.665470123291016,32.51838302612305,32.95964813232422,,33.253822326660156,33.40091323852539,
2026-06-05 05:12:29,,,,,,,,31.471233367919922,,,,,
2026-06-05 05:16:39,32.665470123291016,32.665470123291016,31.913686752319336,32.51838302612305,32.224205017089844,32.37129211425781,32.812557220458984,32.665470123291016,32.95964813232422,,33.69508743286133,33.40091323852539,
2026-06-05 05:17:20,,,,,,,,31.989482879638672,,,,,
2026-06-05 05:21:39,32.37084197998047,32.37084197998047,32.2237548828125,32.51792907714844,31.913236618041992,32.37084197998047,32.812103271484375,32.959190368652344,32.812103271484375,,33.25336456298828,33.25336456298828,
2026-06-05 05:22:29,,,,,,,,30.9652099609375,,,,,
2026-06-05 05:26:40,31.757089614868164,32.067604064941406,32.222862243652344,32.36994934082031,32.222862243652344,32.067604064941406,32.36994934082031,32.517032623291016,32.664119720458984,,33.3995475769043,33.252464294433594,
2026-06-05 05:27:30,,,,,,,,31.245798110961914,,,,,
2026-06-05 05:31:40,32.06682205200195,31.911563873291016,31.445796966552734,32.06682205200195,31.75630760192871,31.911563873291016,31.135284423828125,31.445796966552734,31.75630760192871,,32.998355865478516,32.998355865478516,
2026-06-05 05:32:31,,,,,,,,31.523422241210938,,,,,
2026-06-05 05:36:40,31.28986930847168,31.755632400512695,32.06614303588867,32.53190612792969,32.06614303588867,32.06614303588867,31.910888671875,31.910888671875,30.979358673095703,,33.15292739868164,33.30818176269531,
2026-06-05 05:37:21,,,,,,,,31.791915893554688,,,,,
2026-06-05 05:41:40,32.53137969970703,32.065616607666016,32.22087097167969,32.841888427734375,32.53137969970703,32.841888427734375,32.6866340637207,32.53137969970703,32.6866340637207,,33.307647705078125,33.307647705078125,
2026-06-05 05:42:31,,,,,,,,31.532617568969727,,,,,
2026-06-05 05:46:41,32.375736236572266,32.220481872558594,31.599468231201172,32.220481872558594,32.686241149902344,32.53098678588867,32.375736236572266,32.686241149902344,32.53098678588867,,33.152000427246094,33.307254791259766,
2026-06-05 05:47:22,,,,,,,,31.791915893554688,,,,,
2026-06-05 05:51:41,32.95563888549805,32.367313385009766,32.22023010253906,32.808555603027344,32.808555603027344,32.808555603027344,32.661476135253906,33.102718353271484,33.24980163574219,,33.396881103515625,33.396881103515625,
2026-06-05 05:52:32,,,,,,,,32.32290267944336,,,,,
2026-06-05 05:56:42,33.249446868896484,32.6611213684082,32.808204650878906,33.10236740112305,32.514041900634766,33.10236740112305,32.514041900634766,32.955284118652344,33.39652633666992,,33.837772369384766,33.69068908691406,
2026-06-05 05:57:22,,,,,,,,32.06972885131836,,,,,
2026-06-05 06:01:42,33.102210998535156,32.808048248291016,32.66096878051758,32.66096878051758,32.66096878051758,32.95513153076172,32.66096878051758,32.808048248291016,33.102210998535156,,33.69053268432617,33.69053268432617,
2026-06-05 06:02:32,,,,,,,,31.291677474975586,,,,,
2026-06-05 06:06:42,32.954986572265625,32.954986572265625,33.10206604003906,33.10206604003906,33.10206604003906,33.10206604003906,33.10206604003906,33.3962287902832,33.2491455078125,,33.98455047607422,33.98455047607422,
2026-06-05 06:07:23,,,,,,,,31.80423355102539,,,,,
2026-06-05 06:11:43,32.21947479248047,32.807796478271484,32.66071701049805,32.21947479248047,32.513633728027344,32.513633728027344,32.513633728027344,32.513633728027344,33.10195541381836,,33.54319763183594,33.3961181640625,
2026-06-05 06:12:33,,,,,,,,32.582237243652344,,,,,
2026-06-05 06:16:43,33.24888229370117,32.80764389038086,32.9547233581543,33.101802825927734,33.101802825927734,33.24888229370117,32.66056442260742,33.54304504394531,32.80764389038086,,33.83720397949219,33.83720397949219,
2026-06-05 06:17:24,,,,,,,,32.847782135009766,,,,,
2026-06-05 06:21:44,33.24880599975586,32.660484313964844,33.24880599975586,32.954647064208984,33.10172653198242,33.10172653198242,32.954647064208984,33.542964935302734,32.80756378173828,,33.98420333862305,34.131282806396484,
2026-06-05 06:22:34,,,,,,,,32.32908248901367,,,,,
2026-06-05 06:26:44,33.689979553222656,33.54290008544922,32.807498931884766,33.10165786743164,32.66041946411133,33.24873733520508,33.24873733520508,33.10165786743164,32.9545783996582,,33.9841423034668,34.131221771240234,
2026-06-05 06:27:25,,,,,,,,32.094398498535156,,,,,
2026-06-05 06:31:44,33.10158157348633,33.3957405090332,32.06385040283203,33.3957405090332,32.80741882324219,33.3957405090332,32.51325988769531,32.95450210571289,33.3957405090332,,33.836978912353516,34.13113784790039,
2026-06-05 06:32:35,,,,,,,,32.18183898925781,,,,,
2026-06-05 06:36:44,32.366180419921875,32.366180419921875,32.80741882324219,32.66033935546875,32.66033935546875,32.06385040283203,32.366180419921875,32.80741882324219,32.66033935546875,,33.68989944458008,33.54281997680664,
2026-06-05 06:37:25,,,,,,,,32.18183898925781,,,,,
2026-06-05 06:41:45,33.39566421508789,32.807342529296875,32.807342529296875,33.101505279541016,32.66026306152344,32.95442581176758,32.66026306152344,33.101505279541016,32.807342529296875,,33.98398208618164,34.13106155395508,
2026-06-05 06:42:36,,,,,,,,32.08823776245117,,,,,
2026-06-05 06:46:45,32.36610412597656,32.51318359375,32.06377410888672,33.24858474731445,32.36610412597656,32.66026306152344,31.908523559570312,32.95442581176758,32.807342529296875,,33.39566421508789,33.39566421508789,
2026-06-05 06:47:26,,,,,,,,31.05062484741211,,,,,
2026-06-05 06:51:45,32.21894073486328,32.80725860595703,32.36602020263672,32.21894073486328,32.21894073486328,32.80725860595703,32.513099670410156,32.513099670410156,32.513099670410156,,33.24850082397461,33.24850082397461,
2026-06-05 06:52:37,,,,,,,,32.42127227783203,,,,,
2026-06-05 06:56:46,32.21894073486328,32.513099670410156,31.597938537597656,32.36602020263672,32.21894073486328,32.80725860595703,32.80725860595703,32.80725860595703,32.513099670410156,,33.39558029174805,33.83681869506836,
2026-06-05 06:57:27,,,,,,,,32.08823776245117,,,,,
2026-06-05 07:01:46,32.513099670410156,32.21894073486328,32.36602020263672,32.954341888427734,32.36602020263672,32.660179138183594,32.80725860595703,32.660179138183594,32.954341888427734,,33.68973922729492,33.68973922729492,
2026-06-05 07:02:37,,,,,,,,32.6070442199707,,,,,
2026-06-05 07:06:47,32.954341888427734,33.10142135620117,32.513099670410156,33.10142135620117,33.10142135620117,33.10142135620117,32.80725860595703,32.80725860595703,32.80725860595703,,33.542659759521484,33.68973922729492,
2026-06-05 07:07:27,,,,,,,,32.34764099121094,,,,,
2026-06-05 07:11:47,32.66016387939453,32.366004943847656,32.66016387939453,32.66016387939453,32.513084411621094,32.66016387939453,32.66016387939453,32.513084411621094,33.24848556518555,,33.54264450073242,33.54264450073242,
2026-06-05 07:12:38,,,,,,,,32.1005744934082,,,,,
2026-06-05 07:16:47,33.248435974121094,32.513038635253906,32.513038635253906,33.248435974121094,33.248435974121094,33.101356506347656,32.80719757080078,33.248435974121094,33.248435974121094,,33.836753845214844,33.836753845214844,
2026-06-05 07:17:39,,,,,,,,32.61945343017578,,,,,
2026-06-05 07:21:47,33.54259490966797,32.80719757080078,32.80719757080078,33.248435974121094,32.660118103027344,32.80719757080078,32.660118103027344,32.95427703857422,33.54259490966797,,33.836753845214844,33.836753845214844,
2026-06-05 07:22:29,,,,,,,,31.056713104248047,,,,,
2026-06-05 07:26:48,33.101356506347656,32.660118103027344,32.36595916748047,32.660118103027344,32.21887969970703,32.660118103027344,32.95427703857422,32.36595916748047,33.54259490966797,,33.689674377441406,33.54259490966797,
2026-06-05 07:27:39,,,,,,,,31.834976196289062,,,,,
2026-06-05 07:31:49,33.54259490966797,33.689674377441406,32.80719757080078,32.80719757080078,32.95427703857422,33.248435974121094,32.95427703857422,33.101356506347656,33.39551544189453,,33.98383331298828,34.13091278076172,
2026-06-05 07:32:30,,,,,,,,32.61323928833008,,,,,
2026-06-05 07:36:49,32.95427703857422,32.80719757080078,32.21887969970703,32.513038635253906,32.513038635253906,32.95427703857422,32.95427703857422,32.660118103027344,32.660118103027344,,33.54259490966797,33.54259490966797,
2026-06-05 07:37:40,,,,,,,,31.834976196289062,,,,,
2026-06-05 07:41:49,33.248435974121094,32.95427703857422,32.80719757080078,32.36595916748047,32.21887969970703,33.248435974121094,32.80719757080078,32.36595916748047,33.101356506347656,,33.689674377441406,33.689674377441406,
2026-06-05 07:42:31,,,,,,,,32.36001205444336,,,,,
2026-06-05 07:46:49,32.80719757080078,32.95427703857422,32.660118103027344,33.39551544189453,32.95427703857422,32.95427703857422,32.95427703857422,33.248435974121094,33.248435974121094,,33.836753845214844,33.836753845214844,
2026-06-05 07:47:41,,,,,,,,32.36001205444336,,,,,
2026-06-05 07:51:50,33.248435974121094,32.95427703857422,32.513038635253906,32.95427703857422,32.513038635253906,32.95427703857422,33.101356506347656,32.660118103027344,33.248435974121094,,33.689674377441406,33.98383331298828,
2026-06-05 07:52:32,,,,,,,,32.1005744934082,,,,,
2026-06-05 07:56:50,32.80719757080078,33.101356506347656,32.660118103027344,32.660118103027344,32.80719757080078,33.248435974121094,33.101356506347656,33.248435974121094,33.248435974121094,,33.689674377441406,33.98383331298828,
2026-06-05 07:57:41,,,,,,,,31.841136932373047,,,,,
2026-06-05 08:01:50,32.513038635253906,32.063629150390625,33.101356506347656,32.660118103027344,32.513038635253906,32.80719757080078,32.80719757080078,32.95427703857422,32.95427703857422,,33.836753845214844,33.689674377441406,
2026-06-05 08:02:32,,,,,,,,31.841136932373047,,,,,
2026-06-05 08:06:50,32.513038635253906,32.660118103027344,32.513038635253906,33.39551544189453,32.95427703857422,32.80719757080078,32.513038635253906,32.95427703857422,32.36595916748047,,33.54259490966797,33.689674377441406,
2026-06-05 08:07:42,,,,,,,,31.834976196289062,,,,,
2026-06-05 08:11:50,32.95427703857422,32.21887969970703,32.80719757080078,33.101356506347656,32.80719757080078,32.660118103027344,32.80719757080078,32.660118103027344,32.660118103027344,,33.836753845214844,33.836753845214844,
2026-06-05 08:12:33,,,,,,,,32.62567138671875,,,,,
2026-06-05 08:16:51,33.101356506347656,32.95427703857422,32.36595916748047,32.95427703857422,32.21887969970703,32.660118103027344,33.248435974121094,32.95427703857422,32.80719757080078,,33.689674377441406,33.689674377441406,
2026-06-05 08:17:43,,,,,,,,32.87889099121094,,,,,
2026-06-05 08:21:51,33.101356506347656,33.101356506347656,33.101356506347656,33.101356506347656,32.80719757080078,32.513038635253906,32.80719757080078,32.80719757080078,33.101356506347656,,33.836753845214844,33.98383331298828,
2026-06-05 08:22:33,,,,,,,,31.58785057067871,,,,,
2026-06-05 08:26:51,32.95427703857422,32.513038635253906,32.513038635253906,33.101356506347656,32.95427703857422,32.80719757080078,32.95427703857422,32.95427703857422,32.95427703857422,,33.836753845214844,33.689674377441406,
2026-06-05 08:27:43,,,,,,,,31.58785057067871,,,,,
2026-06-05 08:31:51,32.95427703857422,33.101356506347656,33.39551544189453,32.95427703857422,32.95427703857422,33.101356506347656,32.660118103027344,32.660118103027344,33.39551544189453,,34.13091278076172,33.98383331298828,
2026-06-05 08:32:34,,,,,,,,31.853443145751953,,,,,
2026-06-05 08:36:52,33.101356506347656,32.80719757080078,32.95427703857422,32.80719757080078,33.101356506347656,32.660118103027344,32.660118103027344,33.39551544189453,32.95427703857422,,33.836753845214844,33.836753845214844,
2026-06-05 08:37:45,,,,,,,,32.37238693237305,,,,,
2026-06-05 08:41:52,32.95427703857422,32.660118103027344,32.36595916748047,33.101356506347656,32.21887969970703,32.36595916748047,32.21887969970703,32.21887969970703,33.248435974121094,,33.689674377441406,33.836753845214844,
2026-06-05 08:42:35,,,,,,,,32.37238693237305,,,,,
2026-06-05 08:46:52,33.101356506347656,33.101356506347656,32.80719757080078,33.101356506347656,32.95427703857422,33.101356506347656,33.101356506347656,33.689674377441406,33.248435974121094,,33.98383331298828,33.98383331298828,
2026-06-05 08:47:45,,,,,,,,32.631858825683594,,,,,
2026-06-05 08:51:52,33.101375579833984,33.101375579833984,32.660133361816406,32.51305389404297,33.39553451538086,33.24845504760742,33.101375579833984,32.36597442626953,33.5426139831543,,33.98385238647461,33.98385238647461,
2026-06-05 08:52:36,,,,,,,,32.62567138671875,,,,,
2026-06-05 08:56:53,33.24848556518555,32.66016387939453,32.366004943847656,32.66016387939453,32.80724334716797,32.80724334716797,32.513084411621094,33.10140609741211,33.24848556518555,,33.68972396850586,33.983882904052734,
2026-06-05 08:57:46,,,,,,,,32.631858825683594,,,,,
2026-06-05 09:01:53,33.24848556518555,32.80724334716797,32.513084411621094,32.95432662963867,32.80724334716797,32.95432662963867,32.95432662963867,32.66016387939453,32.95432662963867,,33.68972396850586,33.8368034362793,
2026-06-05 09:02:36,,,,,,,,32.631858825683594,,,,,
2026-06-05 09:06:53,32.80724334716797,32.95432662963867,32.366004943847656,33.10140609741211,33.24848556518555,33.10140609741211,33.10140609741211,33.24848556518555,33.24848556518555,,33.8368034362793,33.8368034362793,
2026-06-05 09:07:46,,,,,,,,32.37238693237305,,,,,
2026-06-05 09:11:54,33.395565032958984,33.395565032958984,32.95432662963867,33.10140609741211,32.80724334716797,33.395565032958984,33.10140609741211,33.54264450073242,33.395565032958984,,34.278045654296875,34.42512512207031,
2026-06-05 09:12:37,,,,,,,,32.119083404541016,,,,,
2026-06-05 09:16:55,33.395565032958984,33.10140609741211,32.80724334716797,33.395565032958984,33.24848556518555,32.66016387939453,32.95432662963867,33.10140609741211,33.68972396850586,,33.8368034362793,33.8368034362793,
2026-06-05 09:17:47,,,,,,,,32.12525177001953,,,,,
2026-06-05 09:21:55,33.39551544189453,32.80719757080078,32.513038635253906,32.660118103027344,33.39551544189453,33.248435974121094,33.248435974121094,32.660118103027344,32.36595916748047,,33.689674377441406,33.689674377441406,
2026-06-05 09:22:37,,,,,,,,31.273317337036133,,,,,
2026-06-05 09:26:56,32.06324005126953,31.907989501953125,31.597490310668945,31.907989501953125,32.21849060058594,32.365570068359375,31.44223976135254,32.06324005126953,31.13174057006836,,33.1009635925293,33.248043060302734,
2026-06-05 09:27:47,,,,,,,,29.911235809326172,,,,,
2026-06-05 09:31:56,32.21803283691406,31.92387580871582,31.629718780517578,32.52853012084961,32.070953369140625,32.37328338623047,31.629718780517578,32.070953369140625,31.18848419189453,,33.14952850341797,33.14952850341797,
2026-06-05 09:32:48,,,,,,,,30.011993408203125,,,,,
2026-06-05 09:36:57,31.923450469970703,32.37285232543945,31.48221778869629,31.923450469970703,31.629295349121094,31.7763729095459,32.21760559082031,31.923450469970703,30.89390754699707,,32.683349609375,32.838600158691406,
2026-06-05 09:37:49,,,,,,,,29.90276336669922,,,,,
2026-06-07 16:10:51,,,,,,,,33.67877960205078,,,,,
2026-06-07 16:10:54,33.9853515625,34.426597595214844,34.13243103027344,33.691184997558594,33.8382682800293,34.27951431274414,34.13243103027344,34.13243103027344,33.8382682800293,,34.86783981323242,35.014923095703125,
2026-06-07 16:23:55,,,,,,,,33.15214920043945,,,,,
2026-06-07 16:23:58,34.27951431274414,34.426597595214844,34.27951431274414,34.426597595214844,34.27951431274414,34.720760345458984,34.86783981323242,34.13243103027344,34.27951431274414,,35.16200637817383,35.014923095703125,
2026-06-07 16:25:21,,,,,,,,33.412353515625,,,,,
2026-06-07 16:25:23,33.8382682800293,34.27951431274414,34.27951431274414,34.27951431274414,34.720760345458984,34.57367706298828,33.8382682800293,33.9853515625,34.27951431274414,,35.16200637817383,35.309085845947266,
2026-06-07 16:30:20,,,,,,,,34.12487030029297,,,,,
2026-06-07 16:30:31,33.9853515625,33.39702224731445,33.691184997558594,33.8382682800293,33.9853515625,33.39702224731445,33.544105529785156,34.57367706298828,34.426597595214844,,34.86783981323242,34.57367706298828,
2026-06-07 16:35:30,,,,,,,,33.412353515625,,,,,
2026-06-07 16:35:40,34.13243103027344,34.13243103027344,33.691184997558594,33.9853515625,33.39702224731445,33.10285949707031,33.544105529785156,34.426597595214844,33.9853515625,,34.720760345458984,35.014923095703125,
2026-06-07 16:40:20,,,,,,,,33.145931243896484,,,,,
2026-06-07 16:40:41,33.691184997558594,34.13243103027344,33.691184997558594,34.426597595214844,34.13243103027344,33.691184997558594,34.27951431274414,33.9853515625,33.9853515625,,34.86783981323242,34.86783981323242,
2026-06-07 16:45:30,,,,,,,,33.40611267089844,,,,,
2026-06-07 16:45:41,33.9853515625,33.544105529785156,34.13243103027344,34.27951431274414,34.27951431274414,34.426597595214844,34.720760345458984,33.9853515625,34.13243103027344,,35.014923095703125,34.86783981323242,
2026-06-07 16:52:44,,,,,,,,33.67877960205078,,,,,
2026-06-07 16:52:47,34.27951431274414,33.9853515625,33.691184997558594,33.544105529785156,33.39702224731445,33.691184997558594,33.9853515625,34.27951431274414,33.544105529785156,,34.57367706298828,34.57367706298828,
2026-06-07 16:57:21,,,,,,,,33.666297912597656,,,,,
2026-06-07 16:57:24,34.27951431274414,34.27951431274414,33.8382682800293,34.27951431274414,34.27951431274414,34.13243103027344,34.13243103027344,34.27951431274414,34.57367706298828,,35.014923095703125,35.45616912841797,
2026-06-07 17:01:24,,,,,,,,33.145931243896484,,,,,
2026-06-07 17:01:27,34.720760345458984,34.27951431274414,33.39702224731445,34.426597595214844,34.27951431274414,34.27951431274414,34.57367706298828,33.8382682800293,34.57367706298828,,35.014923095703125,35.014923095703125,
2026-06-07 17:06:22,,,,,,,,33.145931243896484,,,,,
2026-06-07 17:06:35,34.57367706298828,34.13243103027344,33.691184997558594,34.27951431274414,33.9853515625,34.13243103027344,34.27951431274414,33.9853515625,34.57367706298828,,35.16200637817383,35.014923095703125,
2026-06-07 17:07:26,,,,,,,,34.118614196777344,,,,,
2026-06-07 17:07:28,34.13243103027344,34.27951431274414,33.544105529785156,33.691184997558594,34.27951431274414,33.691184997558594,34.13243103027344,33.9853515625,34.426597595214844,,35.014923095703125,35.014923095703125,
2026-06-07 17:12:34,,,,,,,,33.145931243896484,,,,,
2026-06-07 17:12:45,34.720760345458984,33.8382682800293,33.9853515625,33.9853515625,34.13243103027344,33.8382682800293,34.57367706298828,34.57367706298828,34.27951431274414,,35.014923095703125,35.16200637817383,
2026-06-07 17:17:25,,,,,,,,32.62556076049805,,,,,
2026-06-07 17:17:46,34.27951431274414,34.27951431274414,34.13243103027344,33.9853515625,34.426597595214844,34.720760345458984,35.014923095703125,34.27951431274414,34.86783981323242,,35.16200637817383,35.309085845947266,
2026-06-07 17:22:24,,,,,,,,33.39057159423828,,,,,
2026-06-07 17:22:36,34.57367706298828,34.13243103027344,33.9853515625,33.9853515625,34.13243103027344,34.57367706298828,34.27951431274414,33.9853515625,34.57367706298828,,35.014923095703125,35.16200637817383,
2026-06-07 17:27:35,,,,,,,,33.396793365478516,,,,,
2026-06-07 17:27:46,34.27951431274414,33.8382682800293,33.9853515625,33.9853515625,33.8382682800293,33.9853515625,34.13243103027344,34.13243103027344,33.9853515625,,34.86783981323242,34.86783981323242,
2026-06-07 17:32:26,,,,,,,,33.666297912597656,,,,,
2026-06-07 17:32:48,33.691184997558594,33.8382682800293,33.24993896484375,33.9853515625,33.544105529785156,33.9853515625,33.691184997558594,33.691184997558594,33.9853515625,,34.86783981323242,34.86783981323242,
2026-06-07 17:41:01,,,,,,,,33.656951904296875,,,,,
2026-06-07 17:41:12,33.39702224731445,33.8382682800293,33.691184997558594,33.8382682800293,33.8382682800293,33.39702224731445,34.13243103027344,33.691184997558594,33.9853515625,,34.720760345458984,34.720760345458984,
2026-06-07 17:41:31,,,,,,,,33.136634826660156,,,,,
2026-06-07 17:41:43,33.39702224731445,33.544105529785156,33.8382682800293,33.544105529785156,34.13243103027344,33.8382682800293,33.39702224731445,33.8382682800293,33.9853515625,,34.426597595214844,34.57367706298828,
2026-06-07 17:42:02,,,,,,,,34.0966682434082,,,,,
2026-06-07 17:42:13,34.13243103027344,33.8382682800293,33.8382682800293,34.426597595214844,34.13243103027344,33.8382682800293,34.27951431274414,33.9853515625,34.27951431274414,,34.86783981323242,34.86783981323242,
2026-06-07 17:42:32,,,,,,,,33.39057159423828,,,,,
2026-06-07 17:42:43,33.9853515625,34.426597595214844,33.9853515625,34.13243103027344,34.13243103027344,33.8382682800293,34.13243103027344,34.27951431274414,34.13243103027344,,34.720760345458984,35.014923095703125,
2026-06-07 17:43:02,,,,,,,,33.39057159423828,,,,,
2026-06-07 17:43:13,34.13243103027344,33.9853515625,33.8382682800293,33.9853515625,33.9853515625,34.13243103027344,33.691184997558594,33.9853515625,34.57367706298828,,34.86783981323242,35.014923095703125,
2026-06-07 17:43:42,,,,,,,,33.873687744140625,,,,,
2026-06-07 17:43:43,33.9853515625,33.9853515625,33.691184997558594,33.9853515625,33.9853515625,33.8382682800293,34.13243103027344,33.8382682800293,33.8382682800293,,34.720760345458984,34.720760345458984,
2026-06-07 17:44:12,,,,,,,,33.873687744140625,,,,,
2026-06-07 17:44:14,33.8382682800293,33.8382682800293,33.9853515625,33.9853515625,34.13243103027344,33.8382682800293,34.13243103027344,33.9853515625,34.426597595214844,,34.720760345458984,34.86783981323242,
2026-06-07 17:44:43,,,,,,,,33.39057159423828,,,,,
2026-06-07 17:44:46,33.8382682800293,33.8382682800293,33.544105529785156,33.9853515625,34.27951431274414,33.8382682800293,33.9853515625,33.8382682800293,33.544105529785156,,35.014923095703125,34.86783981323242,
2026-06-07 17:45:11,,,,,,,,33.65071105957031,,,,,
2026-06-07 17:45:13,33.9853515625,33.8382682800293,33.8382682800293,34.13243103027344,33.8382682800293,33.8382682800293,34.27951431274414,33.544105529785156,34.27951431274414,,34.86783981323242,35.014923095703125,
2026-06-07 17:45:41,,,,,,,,33.39057159423828,,,,,
2026-06-07 17:45:43,33.8382682800293,33.544105529785156,33.9853515625,33.9853515625,33.9853515625,33.8382682800293,33.9853515625,34.13243103027344,34.27951431274414,,34.720760345458984,34.86783981323242,
2026-06-07 17:46:25,,,,,,,,33.656951904296875,,,,,
2026-06-07 17:46:27,33.9853515625,33.691184997558594,33.9853515625,33.9853515625,33.8382682800293,33.9853515625,33.8382682800293,34.13243103027344,33.9853515625,,34.86783981323242,34.86783981323242,
2026-06-07 17:46:53,,,,,,,,33.39057159423828,,,,,
2026-06-07 17:46:56,33.9853515625,33.9853515625,33.544105529785156,33.8382682800293,33.8382682800293,33.8382682800293,33.8382682800293,33.544105529785156,34.13243103027344,,34.720760345458984,34.720760345458984,
2026-06-07 17:47:23,,,,,,,,33.65071105957031,,,,,
2026-06-07 17:47:26,33.9853515625,33.544105529785156,34.27951431274414,34.13243103027344,34.13243103027344,33.39702224731445,34.27951431274414,34.13243103027344,33.691184997558594,,34.86783981323242,34.86783981323242,
2026-06-07 17:47:54,,,,,,,,33.65071105957031,,,,,
2026-06-07 17:47:57,34.27951431274414,33.8382682800293,34.13243103027344,34.13243103027344,33.9853515625,34.27951431274414,34.27951431274414,34.13243103027344,34.13243103027344,,34.86783981323242,34.86783981323242,
2026-06-07 17:48:24,,,,,,,,33.39057159423828,,,,,
2026-06-07 17:48:28,33.691184997558594,34.13243103027344,33.544105529785156,33.8382682800293,34.13243103027344,33.544105529785156,34.426597595214844,33.8382682800293,33.9853515625,,34.720760345458984,34.86783981323242,
2026-06-07 17:48:54,,,,,,,,33.65071105957031,,,,,
2026-06-07 17:48:58,34.13243103027344,33.9853515625,33.8382682800293,34.13243103027344,34.13243103027344,33.544105529785156,33.9853515625,33.691184997558594,34.13243103027344,,34.720760345458984,34.720760345458984,
2026-06-07 17:49:24,,,,,,,,33.130428314208984,,,,,
2026-06-07 17:49:28,34.13243103027344,34.27951431274414,33.9853515625,33.9853515625,34.27951431274414,34.426597595214844,33.9853515625,33.8382682800293,34.426597595214844,,35.014923095703125,34.86783981323242,
2026-06-07 17:49:55,,,,,,,,33.39057159423828,,,,,
2026-06-07 17:49:59,33.9853515625,34.27951431274414,33.8382682800293,34.57367706298828,34.13243103027344,33.8382682800293,33.9853515625,34.426597595214844,34.720760345458984,,34.86783981323242,34.86783981323242,
2026-06-07 17:50:25,,,,,,,,33.656951904296875,,,,,
2026-06-07 17:50:29,33.9853515625,34.720760345458984,33.9853515625,33.8382682800293,33.544105529785156,33.9853515625,34.27951431274414,34.27951431274414,34.27951431274414,,35.014923095703125,34.86783981323242,
2026-06-07 17:50:55,,,,,,,,33.136634826660156,,,,,
2026-06-07 17:50:59,33.39702224731445,33.9853515625,33.544105529785156,33.8382682800293,33.8382682800293,33.9853515625,34.426597595214844,33.9853515625,34.426597595214844,,34.86783981323242,35.014923095703125,
2026-06-07 17:51:43,33.39702224731445,33.544105529785156,33.39702224731445,34.27951431274414,33.24993896484375,34.13243103027344,33.8382682800293,34.13243103027344,33.9853515625,,34.86783981323242,35.014923095703125,
2026-06-07 17:51:44,,,,,,,,33.65071105957031,,,,,
2026-06-07 17:52:03,34.13243103027344,33.691184997558594,33.544105529785156,33.9853515625,33.544105529785156,33.544105529785156,33.9853515625,33.8382682800293,33.544105529785156,,34.57367706298828,34.720760345458984,
2026-06-07 17:52:14,,,,,,,,33.39057159423828,,,,,
2026-06-07 17:52:34,33.9853515625,33.8382682800293,33.691184997558594,34.13243103027344,33.9853515625,33.544105529785156,34.27951431274414,33.9853515625,34.426597595214844,,34.86783981323242,35.014923095703125,
2026-06-07 17:52:44,,,,,,,,33.130428314208984,,,,,
2026-06-07 17:53:04,33.8382682800293,34.13243103027344,33.39702224731445,34.13243103027344,33.10285949707031,33.544105529785156,34.426597595214844,34.13243103027344,34.57367706298828,,34.86783981323242,35.014923095703125,
2026-06-07 17:53:14,,,,,,,,33.130428314208984,,,,,
2026-06-07 17:53:35,34.57367706298828,34.426597595214844,34.426597595214844,34.27951431274414,33.9853515625,34.13243103027344,34.57367706298828,34.86783981323242,34.57367706298828,,35.014923095703125,35.309085845947266,
2026-06-07 17:53:45,,,,,,,,33.38434600830078,,,,,
2026-06-07 17:54:05,33.691184997558594,34.426597595214844,33.544105529785156,33.8382682800293,33.691184997558594,33.544105529785156,33.8382682800293,33.8382682800293,34.426597595214844,,34.86783981323242,35.16200637817383,
2026-06-07 17:54:15,,,,,,,,33.87994384765625,,,,,
2026-06-07 17:54:36,33.8382682800293,34.720760345458984,33.691184997558594,34.27951431274414,34.426597595214844,34.13243103027344,34.13243103027344,34.27951431274414,34.27951431274414,,34.86783981323242,35.014923095703125,
2026-06-07 17:54:46,,,,,,,,33.65071105957031,,,,,
2026-06-07 17:55:06,33.691184997558594,34.426597595214844,33.691184997558594,33.8382682800293,33.691184997558594,33.544105529785156,33.9853515625,33.691184997558594,34.13243103027344,,35.014923095703125,35.014923095703125,
2026-06-07 17:55:16,,,,,,,,33.39057159423828,,,,,
2026-06-07 17:55:36,34.13243103027344,34.426597595214844,33.544105529785156,34.426597595214844,33.9853515625,33.691184997558594,33.39702224731445,34.13243103027344,33.9853515625,,34.86783981323242,35.16200637817383,
2026-06-07 17:55:46,,,,,,,,33.873687744140625,,,,,
2026-06-07 17:56:06,33.691184997558594,34.13243103027344,33.9853515625,33.691184997558594,33.544105529785156,33.8382682800293,33.9853515625,33.9853515625,34.720760345458984,,34.720760345458984,34.720760345458984,
2026-06-07 17:56:17,,,,,,,,33.40611267089844,,,,,
2026-06-07 17:56:45,33.544105529785156,34.426597595214844,33.691184997558594,33.8382682800293,33.691184997558594,33.691184997558594,34.27951431274414,33.691184997558594,34.426597595214844,,34.720760345458984,34.86783981323242,
2026-06-07 17:56:47,,,,,,,,32.610145568847656,,,,,
2026-06-07 17:57:16,34.426597595214844,34.86783981323242,34.13243103027344,34.13243103027344,34.27951431274414,34.27951431274414,33.544105529785156,34.27951431274414,34.13243103027344,,34.86783981323242,35.014923095703125,
2026-06-07 17:57:17,,,,,,,,34.0966682434082,,,,,
2026-06-07 17:57:46,33.544105529785156,33.9853515625,33.8382682800293,34.426597595214844,34.13243103027344,33.9853515625,33.9853515625,33.691184997558594,34.426597595214844,,35.014923095703125,35.309085845947266,
2026-06-07 17:57:48,,,,,,,,33.136634826660156,,,,,
2026-06-07 17:58:16,33.9853515625,33.8382682800293,33.544105529785156,33.8382682800293,33.691184997558594,33.691184997558594,34.13243103027344,34.13243103027344,34.426597595214844,,34.720760345458984,34.86783981323242,
2026-06-07 17:58:18,,,,,,,,32.610145568847656,,,,,
2026-06-07 17:58:46,34.23868942260742,34.5491943359375,33.92818069458008,34.23868942260742,33.92818069458008,34.70444869995117,34.5491943359375,33.77293014526367,34.08343505859375,,35.01495361328125,35.15468215942383,
2026-06-07 17:58:48,,,,,,,,32.6163215637207,,,,,
2026-06-07 17:59:17,34.5491943359375,34.5491943359375,33.77293014526367,34.23868942260742,33.77293014526367,33.92818069458008,34.70444869995117,34.23868942260742,34.5491943359375,,35.15468215942383,35.15468215942383,
2026-06-07 17:59:19,,,,,,,,32.87028503417969,,,,,
2026-06-07 17:59:47,34.70448303222656,34.23872375488281,34.08346939086914,34.393978118896484,33.928218841552734,34.23872375488281,34.393978118896484,34.393978118896484,33.77296447753906,,35.154720306396484,35.29444885253906,
2026-06-07 17:59:49,,,,,,,,33.396793365478516,,,,,
2026-06-07 18:00:17,33.928218841552734,34.08346939086914,33.30720138549805,34.08346939086914,33.61771011352539,33.928218841552734,34.23872375488281,33.928218841552734,33.928218841552734,,34.859737396240234,35.014991760253906,
2026-06-07 18:00:19,,,,,,,,33.656951904296875,,,,,
2026-06-07 18:00:47,34.23872375488281,33.61771011352539,33.46245574951172,33.928218841552734,33.46245574951172,33.77296447753906,33.77296447753906,33.77296447753906,34.23872375488281,,34.70448303222656,34.70448303222656,
2026-06-07 18:00:49,,,,,,,,32.6163215637207,,,,,
2026-06-07 18:01:18,33.928218841552734,34.08346939086914,33.77296447753906,33.928218841552734,33.61771011352539,33.928218841552734,34.23872375488281,33.928218841552734,33.928218841552734,,34.859737396240234,34.859737396240234,
2026-06-07 18:01:20,,,,,,,,32.350006103515625,,,,,
2026-06-07 18:01:48,33.77296447753906,33.77296447753906,34.08346939086914,33.77296447753906,32.99669647216797,33.928218841552734,33.928218841552734,33.928218841552734,33.77296447753906,,34.859737396240234,34.70448303222656,
2026-06-07 18:01:50,,,,,,,,33.130428314208984,,,,,
2026-06-07 18:02:18,34.23872375488281,33.928218841552734,33.61771011352539,33.928218841552734,34.08346939086914,34.08346939086914,34.08346939086914,33.928218841552734,33.61771011352539,,35.014991760253906,35.014991760253906,
2026-06-07 18:02:20,,,,,,,,32.87648010253906,,,,,
2026-06-07 18:02:48,34.08346939086914,34.08346939086914,33.46245574951172,33.46245574951172,33.61771011352539,34.393978118896484,34.23872375488281,33.928218841552734,34.23872375488281,,34.859737396240234,34.859737396240234,
2026-06-07 18:02:51,,,,,,,,33.40611267089844,,,,,
2026-06-07 18:03:19,34.23872375488281,33.928218841552734,33.15195083618164,33.61771011352539,33.928218841552734,33.928218841552734,34.393978118896484,33.61771011352539,33.928218841552734,,34.859737396240234,34.859737396240234,
2026-06-07 18:03:21,,,,,,,,33.136634826660156,,,,,
2026-06-07 18:03:49,34.08346939086914,33.77296447753906,33.77296447753906,33.77296447753906,33.77296447753906,33.77296447753906,33.928218841552734,34.393978118896484,33.61771011352539,,34.70448303222656,34.859737396240234,
2026-06-07 18:03:51,,,,,,,,33.130428314208984,,,,,
2026-06-07 18:04:20,33.77296447753906,33.30720138549805,33.46245574951172,33.46245574951172,34.08346939086914,33.61771011352539,33.77296447753906,33.77296447753906,33.61771011352539,,34.549232482910156,34.70448303222656,
2026-06-07 18:04:21,,,,,,,,33.40611267089844,,,,,
2026-06-07 18:04:51,34.23872375488281,33.928218841552734,33.77296447753906,34.08346939086914,34.23872375488281,33.928218841552734,34.23872375488281,34.08346939086914,33.928218841552734,,34.859737396240234,34.859737396240234,
2026-06-07 18:04:51,,,,,,,,32.87648010253906,,,,,
2026-06-07 18:05:21,33.77296447753906,33.30720138549805,33.46245574951172,33.61771011352539,33.928218841552734,33.928218841552734,34.23872375488281,33.77296447753906,34.23872375488281,,34.549232482910156,34.70448303222656,
2026-06-07 18:05:22,,,,,,,,33.145931243896484,,,,,
2026-06-07 18:05:51,34.393978118896484,34.08346939086914,33.928218841552734,34.08346939086914,33.928218841552734,33.77296447753906,34.393978118896484,34.08346939086914,34.08346939086914,,35.154720306396484,34.859737396240234,
2026-06-07 18:05:52,,,,,,,,33.396793365478516,,,,,
2026-06-07 18:06:21,34.23872375488281,34.549232482910156,33.928218841552734,33.61771011352539,34.393978118896484,33.928218841552734,34.549232482910156,34.393978118896484,34.08346939086914,,35.014991760253906,35.154720306396484,
2026-06-07 18:06:22,,,,,,,,33.130428314208984,,,,,
2026-06-07 18:06:52,34.08346939086914,33.928218841552734,33.77296447753906,34.23872375488281,33.77296447753906,34.08346939086914,34.393978118896484,34.549232482910156,34.23872375488281,,35.154720306396484,34.859737396240234,
2026-06-07 18:06:52,,,,,,,,33.889312744140625,,,,,
2026-06-07 18:07:22,34.70448303222656,34.08346939086914,34.23872375488281,34.23872375488281,33.77296447753906,34.393978118896484,34.393978118896484,34.08346939086914,34.549232482910156,,35.154720306396484,35.29444885253906,
2026-06-07 18:07:23,,,,,,,,32.87028503417969,,,,,
2026-06-07 18:07:52,33.928218841552734,34.08346939086914,33.15195083618164,34.08346939086914,34.08346939086914,33.928218841552734,34.23872375488281,33.928218841552734,33.928218841552734,,34.70448303222656,34.549232482910156,
2026-06-07 18:07:53,,,,,,,,33.130428314208984,,,,,
2026-06-07 18:08:22,33.61771011352539,33.928218841552734,33.77296447753906,34.23872375488281,34.08346939086914,34.23872375488281,33.77296447753906,33.928218841552734,33.77296447753906,,34.859737396240234,35.014991760253906,
2026-06-07 18:08:24,,,,,,,,33.666297912597656,,,,,
2026-06-07 18:08:53,33.77296447753906,33.77296447753906,32.8414421081543,33.77296447753906,33.61771011352539,34.08346939086914,34.70448303222656,34.393978118896484,33.928218841552734,,35.014991760253906,35.014991760253906,
2026-06-07 18:08:54,,,,,,,,33.396793365478516,,,,,
2026-06-07 18:09:23,34.549232482910156,34.08346939086914,33.77296447753906,34.393978118896484,33.77296447753906,33.77296447753906,34.23872375488281,33.928218841552734,34.70448303222656,,35.154720306396484,35.154720306396484,
2026-06-07 18:09:24,,,,,,,,34.10293960571289,,,,,
2026-06-07 18:09:53,34.23872375488281,34.393978118896484,34.08346939086914,33.77296447753906,34.08346939086914,34.393978118896484,34.549232482910156,35.014991760253906,34.859737396240234,,35.154720306396484,35.154720306396484,
2026-06-07 18:09:55,,,,,,,,33.656951904296875,,,,,
2026-06-07 18:10:23,33.61771011352539,33.928218841552734,33.77296447753906,33.928218841552734,33.46245574951172,34.08346939086914,33.61771011352539,34.23872375488281,34.23872375488281,,34.70448303222656,34.859737396240234,
2026-06-07 18:10:25,,,,,,,,32.87648010253906,,,,,
2026-06-07 18:10:54,34.08346939086914,34.08346939086914,34.23872375488281,34.549232482910156,34.23872375488281,34.393978118896484,34.393978118896484,34.549232482910156,34.393978118896484,,35.154720306396484,35.29444885253906,
2026-06-07 18:10:55,,,,,,,,33.889312744140625,,,,,
2026-06-07 18:11:24,34.70448303222656,33.928218841552734,33.61771011352539,34.393978118896484,33.928218841552734,34.23872375488281,34.393978118896484,34.23872375488281,34.23872375488281,,35.014991760253906,35.29444885253906,
2026-06-07 18:11:35,,,,,,,,33.145931243896484,,,,,
2026-06-07 18:11:54,33.928218841552734,33.928218841552734,34.23872375488281,33.77296447753906,33.77296447753906,34.549232482910156,34.23872375488281,34.393978118896484,34.70448303222656,,35.014991760253906,35.29444885253906,
2026-06-07 18:12:05,,,,,,,,33.145931243896484,,,,,
2026-06-07 18:12:25,34.23872375488281,34.08346939086914,33.46245574951172,33.928218841552734,34.08346939086914,33.928218841552734,33.928218841552734,34.08346939086914,34.549232482910156,,35.154720306396484,35.014991760253906,
2026-06-07 18:12:36,,,,,,,,32.6163215637207,,,,,
2026-06-07 18:12:55,34.08346939086914,33.928218841552734,33.46245574951172,34.08346939086914,33.61771011352539,34.549232482910156,33.928218841552734,34.549232482910156,34.70448303222656,,35.154720306396484,35.014991760253906,
2026-06-07 18:13:06,,,,,,,,33.145931243896484,,,,,
2026-06-07 18:13:26,34.08346939086914,34.08346939086914,33.61771011352539,33.30720138549805,33.46245574951172,34.549232482910156,34.23872375488281,34.23872375488281,34.70448303222656,,34.859737396240234,34.859737396240234,
2026-06-07 18:13:36,,,,,,,,34.112327575683594,,,,,
2026-06-07 18:13:56,34.08346939086914,33.77296447753906,33.928218841552734,33.928218841552734,34.08346939086914,34.08346939086914,34.08346939086914,33.928218841552734,34.23872375488281,,34.859737396240234,35.014991760253906,
2026-06-07 18:14:07,,,,,,,,33.130428314208984,,,,,
2026-06-07 18:14:27,34.549232482910156,34.23872375488281,33.77296447753906,34.08346939086914,33.928218841552734,34.08346939086914,34.08346939086914,34.549232482910156,34.549232482910156,,35.014991760253906,35.154720306396484,
2026-06-07 18:14:37,,,,,,,,32.87028503417969,,,,,
2026-06-07 18:14:57,34.08346939086914,33.61771011352539,33.61771011352539,33.77296447753906,33.61771011352539,34.23872375488281,34.23872375488281,34.08346939086914,33.928218841552734,,34.70448303222656,34.859737396240234,
2026-06-07 18:15:07,,,,,,,,33.136634826660156,,,,,
2026-06-07 18:15:27,33.46245574951172,33.928218841552734,33.61771011352539,33.928218841552734,34.23872375488281,33.77296447753906,34.08346939086914,34.08346939086914,34.549232482910156,,34.859737396240234,35.014991760253906,
2026-06-07 18:15:38,,,,,,,,32.87648010253906,,,,,
2026-06-07 18:15:59,34.393978118896484,34.393978118896484,33.61771011352539,33.77296447753906,34.08346939086914,33.928218841552734,34.23872375488281,34.23872375488281,34.393978118896484,,35.014991760253906,35.014991760253906,
2026-06-07 18:16:08,,,,,,,,33.666297912597656,,,,,
2026-06-07 18:16:36,34.23872375488281,33.61771011352539,33.30720138549805,34.08346939086914,33.928218841552734,34.08346939086914,33.928218841552734,34.70448303222656,34.549232482910156,,35.014991760253906,35.29444885253906,
2026-06-07 18:16:48,,,,,,,,33.136634826660156,,,,,
2026-06-07 18:17:06,33.77296447753906,33.77296447753906,33.928218841552734,33.928218841552734,33.61771011352539,34.08346939086914,33.928218841552734,34.549232482910156,34.23872375488281,,35.014991760253906,34.859737396240234,
2026-06-07 18:17:19,,,,,,,,33.40611267089844,,,,,
2026-06-07 18:17:36,34.23872375488281,33.77296447753906,33.30720138549805,33.928218841552734,34.23872375488281,34.393978118896484,33.928218841552734,34.08346939086914,34.549232482910156,,34.70448303222656,34.859737396240234,
2026-06-07 18:17:50,,,,,,,,32.89194869995117,,,,,
2026-06-07 18:18:07,34.23872375488281,34.08346939086914,33.77296447753906,34.08346939086914,34.08346939086914,34.23872375488281,34.393978118896484,34.393978118896484,34.23872375488281,,35.154720306396484,35.154720306396484,
2026-06-07 18:18:20,,,,,,,,33.889312744140625,,,,,
2026-06-07 18:18:37,33.77296447753906,33.928218841552734,33.77296447753906,34.08346939086914,33.928218841552734,33.928218841552734,34.08346939086914,33.77296447753906,34.23872375488281,,35.29444885253906,35.154720306396484,
2026-06-07 18:18:51,,,,,,,,33.15214920043945,,,,,
2026-06-07 18:19:07,33.77296447753906,33.77296447753906,33.61771011352539,34.08346939086914,33.77296447753906,34.23872375488281,34.08346939086914,33.928218841552734,34.08346939086914,,34.859737396240234,35.29444885253906,
2026-06-07 18:19:21,,,,,,,,33.412353515625,,,,,
2026-06-07 18:19:38,33.77296447753906,34.08346939086914,33.30720138549805,34.23872375488281,34.23872375488281,34.393978118896484,34.23872375488281,34.23872375488281,34.393978118896484,,35.154720306396484,35.154720306396484,
2026-06-07 18:19:52,,,,,,,,33.67877960205078,,,,,
2026-06-07 18:20:08,34.23872375488281,34.08346939086914,33.77296447753906,34.549232482910156,34.08346939086914,34.23872375488281,34.549232482910156,34.549232482910156,34.23872375488281,,35.154720306396484,35.154720306396484,
2026-06-07 18:20:22,,,,,,,,33.67255401611328,,,,,
2026-06-07 18:20:38,33.77296447753906,34.393978118896484,33.77296447753906,34.23872375488281,33.928218841552734,33.928218841552734,34.08346939086914,34.23872375488281,34.393978118896484,,35.014991760253906,35.014991760253906,
2026-06-07 18:20:53,,,,,,,,33.41856002807617,,,,,
2026-06-07 18:21:09,33.928218841552734,33.46245574951172,33.61771011352539,33.46245574951172,34.08346939086914,33.928218841552734,34.23872375488281,33.928218841552734,34.08346939086914,,35.014991760253906,35.154720306396484,
2026-06-07 18:21:24,,,,,,,,34.12487030029297,,,,,
2026-06-07 18:21:47,34.23872375488281,33.928218841552734,33.30720138549805,34.23872375488281,33.61771011352539,34.393978118896484,34.08346939086914,34.23872375488281,34.549232482910156,,35.29444885253906,35.154720306396484,
2026-06-07 18:21:54,,,,,,,,33.41856002807617,,,,,
2026-06-07 18:22:17,33.928218841552734,33.61771011352539,33.61771011352539,33.77296447753906,33.928218841552734,33.77296447753906,33.928218841552734,34.08346939086914,34.70448303222656,,35.014991760253906,35.154720306396484,
2026-06-07 18:22:25,,,,,,,,32.89812469482422,,,,,
2026-06-07 18:22:47,34.23872375488281,34.23872375488281,33.15195083618164,33.61771011352539,33.928218841552734,34.393978118896484,34.549232482910156,33.928218841552734,35.154720306396484,,35.014991760253906,35.154720306396484,
2026-06-07 18:22:55,,,,,,,,33.901824951171875,,,,,
2026-06-07 18:23:17,34.23872375488281,34.08346939086914,33.928218841552734,34.08346939086914,33.928218841552734,34.549232482910156,34.70448303222656,33.61771011352539,34.23872375488281,,35.154720306396484,35.29444885253906,
2026-06-07 18:23:26,,,,,,,,33.164546966552734,,,,,
2026-06-07 18:23:48,33.77296447753906,33.77296447753906,33.61771011352539,34.08346939086914,33.77296447753906,34.23872375488281,34.23872375488281,33.77296447753906,34.08346939086914,,34.859737396240234,34.859737396240234,
2026-06-07 18:23:57,,,,,,,,33.685020446777344,,,,,
2026-06-07 18:24:18,33.61771011352539,33.77296447753906,33.61771011352539,34.23872375488281,33.928218841552734,34.393978118896484,34.393978118896484,34.393978118896484,34.23872375488281,,34.859737396240234,34.859737396240234,
2026-06-07 18:24:27,,,,,,,,33.42478561401367,,,,,
2026-06-07 18:24:49,33.928218841552734,33.928218841552734,33.30720138549805,33.61771011352539,33.77296447753906,34.549232482910156,33.77296447753906,33.928218841552734,34.393978118896484,,34.859737396240234,34.859737396240234,
2026-06-07 18:24:57,,,,,,,,32.91665267944336,,,,,
2026-06-07 18:25:19,33.46245574951172,33.928218841552734,33.61771011352539,33.61771011352539,33.61771011352539,34.23872375488281,33.61771011352539,33.77296447753906,34.08346939086914,,35.014991760253906,34.859737396240234,
2026-06-07 18:25:28,,,,,,,,33.17073059082031,,,,,
2026-06-07 18:25:50,34.08346939086914,34.549232482910156,33.77296447753906,34.08346939086914,34.393978118896484,34.23872375488281,33.928218841552734,34.08346939086914,34.23872375488281,,35.014991760253906,35.014991760253906,
2026-06-07 18:25:58,,,,,,,,33.43098449707031,,,,,
2026-06-07 18:26:20,34.70448303222656,34.549232482910156,33.77296447753906,33.928218841552734,33.928218841552734,34.393978118896484,34.393978118896484,34.08346939086914,33.77296447753906,,34.859737396240234,35.014991760253906,
2026-06-07 18:26:37,,,,,,,,33.17073059082031,,,,,
2026-06-07 18:26:50,34.23872375488281,34.23872375488281,33.30720138549805,34.08346939086914,33.928218841552734,34.549232482910156,34.393978118896484,34.08346939086914,34.23872375488281,,35.014991760253906,35.014991760253906,
2026-06-07 18:27:07,,,,,,,,33.43098449707031,,,,,
2026-06-07 18:27:20,33.61771011352539,33.30720138549805,33.30720138549805,33.928218841552734,34.08346939086914,33.928218841552734,34.23872375488281,33.928218841552734,33.928218841552734,,35.014991760253906,35.014991760253906,
2026-06-07 18:27:37,,,,,,,,33.69123840332031,,,,,
2026-06-07 18:27:50,33.61771011352539,33.61771011352539,33.30720138549805,34.23872375488281,33.77296447753906,33.77296447753906,33.77296447753906,33.77296447753906,33.77296447753906,,34.70448303222656,34.70448303222656,
2026-06-07 18:28:08,,,,,,,,33.43719482421875,,,,,
2026-06-07 18:28:21,33.77296447753906,33.928218841552734,32.99669647216797,33.46245574951172,33.928218841552734,34.08346939086914,33.928218841552734,33.77296447753906,34.23872375488281,,34.859737396240234,34.859737396240234,
2026-06-07 18:28:38,,,,,,,,33.17692184448242,,,,,
2026-06-07 18:28:51,33.46245574951172,33.46245574951172,33.15195083618164,34.23872375488281,33.77296447753906,33.61771011352539,34.393978118896484,34.23872375488281,34.08346939086914,,34.859737396240234,35.014991760253906,
2026-06-07 18:29:08,,,,,,,,33.69123840332031,,,,,
2026-06-07 18:29:21,33.928218841552734,33.46245574951172,33.30720138549805,33.928218841552734,33.928218841552734,33.928218841552734,33.928218841552734,34.23872375488281,33.77296447753906,,34.70448303222656,34.70448303222656,
2026-06-07 18:29:38,,,,,,,,33.90568161010742,,,,,
2026-06-07 18:29:51,33.77296447753906,34.08346939086914,33.77296447753906,33.61771011352539,34.23872375488281,33.61771011352539,34.23872375488281,33.928218841552734,34.23872375488281,,34.859737396240234,35.014991760253906,
2026-06-07 18:30:09,,,,,,,,33.443424224853516,,,,,
2026-06-07 18:30:22,33.928218841552734,33.15195083618164,33.77296447753906,33.928218841552734,33.46245574951172,33.77296447753906,33.61771011352539,33.928218841552734,34.70448303222656,,34.70448303222656,34.859737396240234,
2026-06-07 18:30:39,,,,,,,,33.17692184448242,,,,,
2026-06-07 18:30:52,34.23872375488281,34.08346939086914,33.928218841552734,34.393978118896484,33.46245574951172,34.08346939086914,34.08346939086914,33.928218841552734,34.859737396240234,,34.859737396240234,34.859737396240234,
2026-06-07 18:31:10,,,,,,,,33.918174743652344,,,,,
2026-06-07 18:31:22,33.928218841552734,33.61771011352539,33.928218841552734,34.08346939086914,33.46245574951172,33.928218841552734,34.393978118896484,34.08346939086914,34.08346939086914,,34.859737396240234,35.154720306396484,
2026-06-07 18:31:48,,,,,,,,33.69746398925781,,,,,
2026-06-07 18:31:52,34.859737396240234,34.23872375488281,33.928218841552734,33.928218841552734,34.23872375488281,34.08346939086914,33.928218841552734,34.08346939086914,34.859737396240234,,35.154720306396484,35.154720306396484,
2026-06-07 18:32:18,,,,,,,,33.91194152832031,,,,,
2026-06-07 18:32:23,34.70448303222656,34.08346939086914,33.77296447753906,33.928218841552734,33.77296447753906,34.08346939086914,34.08346939086914,33.61771011352539,34.70448303222656,,35.014991760253906,35.014991760253906,
2026-06-07 18:32:48,,,,,,,,34.120174407958984,,,,,
2026-06-07 18:32:53,33.61771011352539,33.77296447753906,33.61771011352539,33.928218841552734,33.46245574951172,33.61771011352539,33.928218841552734,34.08346939086914,34.393978118896484,,34.859737396240234,34.70448303222656,
2026-06-07 18:33:19,,,,,,,,33.918174743652344,,,,,
2026-06-07 18:33:23,34.549232482910156,34.23872375488281,34.70448303222656,34.549232482910156,34.23872375488281,34.70448303222656,34.393978118896484,34.23872375488281,35.014991760253906,,35.29444885253906,35.29444885253906,
2026-06-07 18:33:49,,,,,,,,33.1893196105957,,,,,
2026-06-07 18:33:53,33.77296447753906,33.928218841552734,33.77296447753906,33.61771011352539,33.928218841552734,33.928218841552734,34.393978118896484,33.61771011352539,34.23872375488281,,35.014991760253906,35.154720306396484,
2026-06-07 18:34:20,,,,,,,,33.449623107910156,,,,,
2026-06-07 18:34:24,34.549232482910156,34.393978118896484,34.393978118896484,33.77296447753906,33.77296447753906,34.08346939086914,34.549232482910156,34.08346939086914,34.859737396240234,,35.014991760253906,35.014991760253906,
2026-06-07 18:34:50,,,,,,,,33.183135986328125,,,,,
2026-06-07 18:34:54,34.23872375488281,33.61771011352539,34.08346939086914,33.77296447753906,34.08346939086914,34.23872375488281,34.549232482910156,34.08346939086914,35.29444885253906,,35.154720306396484,35.154720306396484,
2026-06-07 18:35:20,,,,,,,,33.1893196105957,,,,,
2026-06-07 18:35:24,34.08346939086914,32.686187744140625,33.928218841552734,34.08346939086914,34.08346939086914,34.08346939086914,34.23872375488281,33.928218841552734,35.014991760253906,,34.859737396240234,34.859737396240234,
2026-06-07 18:35:51,,,,,,,,32.92901611328125,,,,,
2026-06-07 18:35:54,34.859737396240234,33.928218841552734,34.23872375488281,34.549232482910156,33.77296447753906,34.23872375488281,34.08346939086914,33.77296447753906,34.859737396240234,,35.014991760253906,35.154720306396484,
2026-06-07 18:36:22,,,,,,,,33.443424224853516,,,,,
2026-06-07 18:36:25,34.393978118896484,34.23872375488281,33.61771011352539,34.08346939086914,34.08346939086914,33.928218841552734,33.928218841552734,33.928218841552734,34.70448303222656,,35.29444885253906,35.29444885253906,
2026-06-07 18:36:52,,,,,,,,33.443424224853516,,,,,
2026-06-07 18:36:55,34.23872375488281,33.928218841552734,34.08346939086914,34.393978118896484,33.77296447753906,34.393978118896484,33.928218841552734,34.08346939086914,34.859737396240234,,35.014991760253906,35.154720306396484,
2026-06-07 18:37:23,,,,,,,,33.443424224853516,,,,,
2026-06-07 18:37:25,34.70448303222656,34.08346939086914,33.928218841552734,34.08346939086914,33.928218841552734,34.549232482910156,33.928218841552734,33.77296447753906,34.70448303222656,,35.154720306396484,35.154720306396484,
2026-06-07 18:37:53,,,,,,,,33.709930419921875,,,,,
2026-06-07 18:37:55,34.393978118896484,34.393978118896484,34.23872375488281,33.928218841552734,34.23872375488281,33.928218841552734,34.23872375488281,34.393978118896484,34.393978118896484,,35.154720306396484,35.29444885253906,
2026-06-07 18:38:23,,,,,,,,33.449623107910156,,,,,
2026-06-07 18:38:25,34.549232482910156,34.08346939086914,33.77296447753906,34.08346939086914,34.08346939086914,34.08346939086914,34.08346939086914,34.23872375488281,34.549232482910156,,35.154720306396484,35.014991760253906,
2026-06-07 18:38:53,,,,,,,,34.12641906738281,,,,,
2026-06-07 18:38:56,34.23872375488281,34.23872375488281,33.77296447753906,34.393978118896484,33.77296447753906,34.23872375488281,34.08346939086914,34.549232482910156,34.23872375488281,,35.154720306396484,35.29444885253906,
2026-06-07 18:39:23,,,,,,,,33.1893196105957,,,,,
2026-06-07 18:39:26,34.23872375488281,34.23872375488281,33.61771011352539,34.549232482910156,34.549232482910156,34.08346939086914,34.393978118896484,34.393978118896484,35.014991760253906,,35.014991760253906,35.014991760253906,
2026-06-07 18:39:54,,,,,,,,33.92443084716797,,,,,
2026-06-07 18:39:57,34.08346939086914,33.61771011352539,33.15195083618164,34.549232482910156,34.08346939086914,34.08346939086914,34.23872375488281,34.08346939086914,34.23872375488281,,34.859737396240234,35.014991760253906,
2026-06-07 18:40:25,,,,,,,,34.12641906738281,,,,,
2026-06-07 18:40:28,34.08346939086914,34.23872375488281,33.77296447753906,34.23872375488281,34.08346939086914,34.08346939086914,34.08346939086914,33.928218841552734,33.61771011352539,,35.014991760253906,35.014991760253906,
2026-06-07 18:40:55,,,,,,,,33.449623107910156,,,,,
2026-06-07 18:40:58,33.61771011352539,33.928218841552734,33.77296447753906,34.393978118896484,34.08346939086914,33.77296447753906,34.08346939086914,34.23872375488281,34.393978118896484,,35.014991760253906,34.859737396240234,
2026-06-07 18:41:26,,,,,,,,33.918174743652344,,,,,
2026-06-07 18:41:37,34.393978118896484,33.77296447753906,33.77296447753906,34.393978118896484,34.393978118896484,33.77296447753906,34.08346939086914,35.014991760253906,34.393978118896484,,35.014991760253906,35.154720306396484,
2026-06-07 18:41:56,,,,,,,,32.935203552246094,,,,,
2026-06-07 18:42:08,33.928218841552734,34.08346939086914,33.46245574951172,34.08346939086914,34.08346939086914,34.549232482910156,34.23872375488281,34.393978118896484,34.393978118896484,,35.014991760253906,35.154720306396484,
2026-06-07 18:42:27,,,,,,,,33.1893196105957,,,,,
2026-06-07 18:42:39,33.77296447753906,34.23872375488281,34.08346939086914,33.928218841552734,33.928218841552734,33.928218841552734,34.393978118896484,34.23872375488281,34.549232482910156,,35.014991760253906,35.154720306396484,
2026-06-07 18:42:57,,,,,,,,33.1893196105957,,,,,
2026-06-07 18:43:09,34.549232482910156,34.08346939086914,33.928218841552734,33.928218841552734,34.549232482910156,34.08346939086914,34.393978118896484,34.70448303222656,34.70448303222656,,35.29444885253906,35.154720306396484,
2026-06-07 18:43:27,,,,,,,,32.935203552246094,,,,,
2026-06-07 18:43:39,33.77296447753906,34.23872375488281,33.928218841552734,34.549232482910156,34.08346939086914,33.77296447753906,34.08346939086914,33.77296447753906,34.393978118896484,,35.154720306396484,35.014991760253906,
2026-06-07 18:43:57,,,,,,,,32.92901611328125,,,,,
2026-06-07 18:44:09,34.23872375488281,34.08346939086914,33.61771011352539,34.549232482910156,34.70448303222656,34.23872375488281,34.859737396240234,34.70448303222656,35.014991760253906,,35.29444885253906,35.29444885253906,
2026-06-07 18:44:28,,,,,,,,33.1893196105957,,,,,
2026-06-07 18:44:40,34.70448303222656,34.70448303222656,33.30720138549805,33.928218841552734,34.393978118896484,34.08346939086914,34.393978118896484,34.23872375488281,34.70448303222656,,35.154720306396484,35.154720306396484,
2026-06-07 18:44:58,,,,,,,,32.68103790283203,,,,,
2026-06-07 18:45:11,35.014991760253906,34.549232482910156,34.549232482910156,34.70448303222656,34.23872375488281,34.393978118896484,33.77296447753906,34.393978118896484,34.70448303222656,,35.154720306396484,35.29444885253906,
2026-06-07 18:45:28,,,,,,,,33.449623107910156,,,,,
2026-06-07 18:45:41,33.77296447753906,34.393978118896484,33.46245574951172,34.549232482910156,34.08346939086914,34.23872375488281,33.77296447753906,34.08346939086914,34.23872375488281,,34.859737396240234,35.154720306396484,
2026-06-07 18:45:59,,,,,,,,34.12641906738281,,,,,
2026-06-07 18:46:11,33.928218841552734,34.08346939086914,33.61771011352539,34.23872375488281,33.46245574951172,33.928218841552734,33.77296447753906,34.23872375488281,34.23872375488281,,35.154720306396484,34.859737396240234,
2026-06-07 18:46:30,,,,,,,,33.71617126464844,,,,,
2026-06-07 18:46:49,34.859737396240234,34.23872375488281,33.61771011352539,34.393978118896484,34.23872375488281,34.23872375488281,34.23872375488281,34.549232482910156,34.393978118896484,,35.014991760253906,35.154720306396484,
2026-06-07 18:47:01,,,,,,,,33.71617126464844,,,,,
2026-06-07 18:47:20,33.77296447753906,34.549232482910156,33.61771011352539,34.859737396240234,34.393978118896484,34.549232482910156,33.928218841552734,34.393978118896484,34.859737396240234,,35.29444885253906,35.154720306396484,
2026-06-07 18:47:31,,,,,,,,34.13894271850586,,,,,
2026-06-07 18:47:50,34.393978118896484,34.08346939086914,34.08346939086914,34.549232482910156,34.549232482910156,34.23872375488281,33.928218841552734,34.08346939086914,34.549232482910156,,35.154720306396484,35.014991760253906,
2026-06-07 18:48:01,,,,,,,,33.195526123046875,,,,,
2026-06-07 18:48:20,34.23872375488281,34.393978118896484,34.08346939086914,34.393978118896484,33.77296447753906,34.549232482910156,34.549232482910156,34.549232482910156,34.549232482910156,,35.154720306396484,35.154720306396484,
2026-06-07 18:48:32,,,,,,,,34.132686614990234,,,,,
2026-06-07 18:48:51,34.549232482910156,34.23872375488281,34.08346939086914,34.70448303222656,34.70448303222656,34.23872375488281,34.23872375488281,34.549232482910156,34.393978118896484,,35.154720306396484,35.154720306396484,
2026-06-07 18:49:02,,,,,,,,33.462059020996094,,,,,
2026-06-07 18:49:21,34.08346939086914,34.23872375488281,33.77296447753906,34.70448303222656,34.70448303222656,34.23872375488281,34.70448303222656,34.70448303222656,34.393978118896484,,35.434173583984375,35.154720306396484,
2026-06-07 18:49:33,,,,,,,,33.72239685058594,,,,,
2026-06-07 18:49:51,33.61771011352539,33.77296447753906,34.08346939086914,34.08346939086914,33.928218841552734,34.23872375488281,34.23872375488281,34.23872375488281,34.08346939086914,,35.014991760253906,35.014991760253906,
2026-06-07 18:50:03,,,,,,,,32.941375732421875,,,,,
2026-06-07 18:50:21,34.393978118896484,33.61771011352539,34.08346939086914,33.77296447753906,33.77296447753906,33.77296447753906,34.549232482910156,33.61771011352539,34.08346939086914,,34.859737396240234,34.859737396240234,
2026-06-07 18:50:33,,,,,,,,33.71617126464844,,,,,
2026-06-07 18:50:52,33.928218841552734,33.928218841552734,34.23872375488281,33.928218841552734,34.23872375488281,34.23872375488281,34.393978118896484,34.23872375488281,34.859737396240234,,35.29444885253906,35.014991760253906,
2026-06-07 18:51:03,,,,,,,,33.201717376708984,,,,,
2026-06-07 18:51:22,33.61771011352539,33.928218841552734,34.23872375488281,33.77296447753906,34.23872375488281,34.08346939086914,33.928218841552734,33.928218841552734,34.08346939086914,,35.014991760253906,35.014991760253906,
2026-06-07 18:51:38,,,,,,,,33.72239685058594,,,,,
2026-06-07 18:51:52,34.549232482910156,33.77296447753906,33.77296447753906,33.61771011352539,33.61771011352539,34.23872375488281,34.393978118896484,33.928218841552734,33.928218841552734,,34.859737396240234,35.014991760253906,
2026-06-07 18:52:09,,,,,,,,33.72239685058594,,,,,
2026-06-07 18:52:22,34.08346939086914,34.08346939086914,34.08346939086914,33.61771011352539,34.08346939086914,33.928218841552734,33.928218841552734,33.928218841552734,34.393978118896484,,35.014991760253906,34.859737396240234,
2026-06-07 18:52:39,,,,,,,,34.555484771728516,,,,,
2026-06-07 18:52:53,33.77296447753906,33.928218841552734,33.928218841552734,34.23872375488281,34.23872375488281,34.08346939086914,34.70448303222656,33.928218841552734,34.23872375488281,,35.014991760253906,34.859737396240234,
2026-06-07 18:53:10,,,,,,,,33.930667877197266,,,,,
2026-06-07 18:53:23,34.23872375488281,34.23872375488281,33.77296447753906,33.77296447753906,34.08346939086914,33.928218841552734,33.77296447753906,34.23872375488281,34.23872375488281,,35.154720306396484,34.859737396240234,
2026-06-07 18:53:41,,,,,,,,34.14833450317383,,,,,
2026-06-07 18:53:53,34.23872375488281,33.928218841552734,33.77296447753906,33.77296447753906,34.23872375488281,33.928218841552734,34.549232482910156,34.23872375488281,33.61771011352539,,35.014991760253906,35.154720306396484,
2026-06-07 18:54:11,,,,,,,,32.950653076171875,,,,,
2026-06-07 18:54:24,34.393978118896484,34.08346939086914,33.61771011352539,34.23872375488281,34.08346939086914,33.928218841552734,34.393978118896484,34.23872375488281,34.23872375488281,,35.29444885253906,35.014991760253906,
2026-06-07 18:54:42,,,,,,,,33.462059020996094,,,,,
2026-06-07 18:54:55,34.859737396240234,33.30720138549805,34.08346939086914,33.928218841552734,35.154720306396484,33.928218841552734,34.70448303222656,34.70448303222656,34.393978118896484,,35.29444885253906,35.154720306396484,
2026-06-07 18:55:12,,,,,,,,33.72239685058594,,,,,
2026-06-07 18:55:26,34.23872375488281,34.549232482910156,33.77296447753906,33.61771011352539,34.23872375488281,34.859737396240234,34.70448303222656,34.08346939086914,34.393978118896484,,35.29444885253906,35.29444885253906,
2026-06-07 18:55:43,,,,,,,,33.21101760864258,,,,,
2026-06-07 18:55:56,34.23872375488281,33.928218841552734,34.08346939086914,34.08346939086914,34.393978118896484,34.23872375488281,34.549232482910156,34.08346939086914,34.23872375488281,,35.154720306396484,35.154720306396484,
2026-06-07 18:56:13,,,,,,,,33.92443084716797,,,,,
2026-06-07 18:56:26,34.23872375488281,33.77296447753906,33.61771011352539,34.23872375488281,34.549232482910156,33.77296447753906,33.77296447753906,33.928218841552734,33.928218841552734,,35.154720306396484,35.014991760253906,
2026-06-07 18:56:50,,,,,,,,34.14833450317383,,,,,
2026-06-07 18:56:56,34.859737396240234,34.393978118896484,33.928218841552734,33.928218841552734,34.08346939086914,34.08346939086914,34.08346939086914,34.23872375488281,34.23872375488281,,35.154720306396484,35.154720306396484,
2026-06-07 18:57:20,,,,,,,,34.13894271850586,,,,,
2026-06-07 18:57:26,34.549232482910156,33.61771011352539,33.928218841552734,34.08346939086914,34.23872375488281,34.549232482910156,33.77296447753906,33.77296447753906,34.70448303222656,,35.154720306396484,35.29444885253906,
2026-06-07 18:57:51,,,,,,,,33.71617126464844,,,,,
2026-06-07 18:57:56,34.393978118896484,34.08346939086914,34.08346939086914,33.928218841552734,34.23872375488281,34.393978118896484,34.393978118896484,33.77296447753906,34.549232482910156,,35.154720306396484,35.29444885253906,
2026-06-07 18:58:22,,,,,,,,33.73175048828125,,,,,
2026-06-07 18:58:26,34.549232482910156,33.928218841552734,33.61771011352539,33.77296447753906,34.08346939086914,33.928218841552734,33.928218841552734,33.928218841552734,34.23872375488281,,35.014991760253906,35.014991760253906,
2026-06-07 18:58:52,,,,,,,,34.14833450317383,,,,,
2026-06-07 18:58:56,34.08346939086914,33.928218841552734,33.77296447753906,33.928218841552734,34.23872375488281,34.70448303222656,33.928218841552734,33.77296447753906,34.549232482910156,,35.014991760253906,35.014991760253906,
2026-06-07 18:59:22,,,,,,,,34.34721374511719,,,,,
2026-06-07 18:59:26,34.393978118896484,33.77296447753906,34.23872375488281,34.08346939086914,34.23872375488281,34.393978118896484,34.08346939086914,33.77296447753906,34.08346939086914,,34.859737396240234,34.859737396240234,
2026-06-07 18:59:53,,,,,,,,33.73175048828125,,,,,
2026-06-07 18:59:57,34.08346939086914,33.46245574951172,34.23872375488281,33.928218841552734,33.928218841552734,33.77296447753906,34.23872375488281,33.61771011352539,34.393978118896484,,34.859737396240234,35.014991760253906,
2026-06-07 19:00:23,,,,,,,,34.35662841796875,,,,,
2026-06-07 19:00:27,33.928218841552734,33.15195083618164,33.61771011352539,34.08346939086914,34.08346939086914,34.08346939086914,33.15195083618164,33.61771011352539,34.08346939086914,,34.549232482910156,34.70448303222656,
2026-06-07 19:00:53,,,,,,,,33.72239685058594,,,,,
2026-06-07 19:00:57,34.08346939086914,32.8414421081543,33.61771011352539,33.61771011352539,33.61771011352539,34.08346939086914,34.23872375488281,33.77296447753906,34.549232482910156,,34.70448303222656,35.014991760253906,
2026-06-07 19:01:24,,,,,,,,33.930667877197266,,,,,
2026-06-07 19:01:28,33.77296447753906,33.46245574951172,34.08346939086914,34.393978118896484,34.23872375488281,34.08346939086914,33.928218841552734,33.61771011352539,34.393978118896484,,34.70448303222656,34.70448303222656,
2026-06-07 19:01:55,,,,,,,,33.94004440307617,,,,,
2026-06-07 19:01:58,34.08346939086914,33.928218841552734,33.61771011352539,33.77296447753906,34.08346939086914,34.08346939086914,33.77296447753906,33.46245574951172,34.23872375488281,,34.549232482910156,34.70448303222656,
2026-06-07 19:02:26,,,,,,,,33.73175048828125,,,,,
2026-06-07 19:02:28,33.77296447753906,33.30720138549805,33.30720138549805,34.23872375488281,33.61771011352539,33.77296447753906,33.30720138549805,33.46245574951172,33.77296447753906,,34.549232482910156,34.70448303222656,
2026-06-07 19:02:56,,,,,,,,33.462059020996094,,,,,
2026-06-07 19:02:59,33.61771011352539,33.61771011352539,33.15195083618164,33.928218841552734,33.30720138549805,34.08346939086914,33.46245574951172,33.46245574951172,34.393978118896484,,34.70448303222656,34.549232482910156,
2026-06-07 19:03:26,,,,,,,,33.47138214111328,,,,,
2026-06-07 19:03:29,33.46245574951172,33.15195083618164,33.77296447753906,33.46245574951172,33.61771011352539,33.46245574951172,33.61771011352539,33.77296447753906,34.08346939086914,,34.70448303222656,34.70448303222656,
2026-06-07 19:03:57,,,,,,,,33.73175048828125,,,,,
2026-06-07 19:03:59,34.08346939086914,33.61771011352539,32.99669647216797,33.77296447753906,33.61771011352539,34.08346939086914,33.61771011352539,33.61771011352539,34.08346939086914,,34.549232482910156,34.549232482910156,
2026-06-07 19:04:27,,,,,,,,33.94004440307617,,,,,
2026-06-07 19:04:29,34.23872375488281,33.77296447753906,33.77296447753906,33.61771011352539,33.77296447753906,33.928218841552734,33.77296447753906,33.30720138549805,34.08346939086914,,34.859737396240234,34.549232482910156,
2026-06-07 19:04:58,,,,,,,,33.94004440307617,,,,,
2026-06-07 19:05:00,34.393978118896484,33.15195083618164,33.77296447753906,33.77296447753906,33.61771011352539,33.30720138549805,33.77296447753906,34.08346939086914,34.393978118896484,,34.549232482910156,34.70448303222656,
2026-06-07 19:05:28,,,,,,,,34.359764099121094,,,,,
2026-06-07 19:05:30,34.08346939086914,33.77296447753906,33.77296447753906,33.928218841552734,33.928218841552734,33.928218841552734,33.77296447753906,33.61771011352539,34.549232482910156,,34.859737396240234,34.70448303222656,
2026-06-07 19:05:59,,,,,,,,33.94004440307617,,,,,
2026-06-07 19:06:01,34.08346939086914,33.46245574951172,33.46245574951172,33.30720138549805,33.928218841552734,33.928218841552734,33.77296447753906,33.928218841552734,34.549232482910156,,34.549232482910156,34.70448303222656,
2026-06-07 19:06:40,,,,,,,,33.73175048828125,,,,,
2026-06-07 19:06:50,33.61771011352539,33.77296447753906,33.46245574951172,33.77296447753906,33.928218841552734,33.928218841552734,33.928218841552734,33.928218841552734,34.393978118896484,,34.70448303222656,35.014991760253906,
2026-06-07 19:07:00,,,,,,,,34.35662841796875,,,,,
2026-06-07 19:07:11,34.23872375488281,34.08346939086914,33.77296447753906,33.77296447753906,33.928218841552734,34.549232482910156,33.928218841552734,33.77296447753906,34.549232482910156,,34.859737396240234,34.859737396240234,
2026-06-07 19:07:30,,,,,,,,33.94004440307617,,,,,
2026-06-07 19:07:42,33.61771011352539,33.61771011352539,33.15195083618164,33.928218841552734,34.08346939086914,34.08346939086914,34.08346939086914,33.77296447753906,34.23872375488281,,34.859737396240234,34.859737396240234,
2026-06-07 19:08:00,,,,,,,,33.47138214111328,,,,,
2026-06-07 19:08:12,34.23872375488281,33.61771011352539,33.61771011352539,33.61771011352539,34.23872375488281,33.928218841552734,33.928218841552734,33.77296447753906,34.549232482910156,,34.859737396240234,34.70448303222656,
2026-06-07 19:08:30,,,,,,,,33.73486328125,,,,,
2026-06-07 19:08:42,34.08346939086914,33.61771011352539,33.77296447753906,33.928218841552734,33.77296447753906,34.393978118896484,33.61771011352539,33.30720138549805,34.549232482910156,,34.70448303222656,34.859737396240234,
2026-06-07 19:09:01,,,,,,,,33.462059020996094,,,,,
2026-06-07 19:09:12,34.08346939086914,32.99669647216797,33.61771011352539,34.393978118896484,33.46245574951172,34.549232482910156,34.393978118896484,33.61771011352539,34.549232482910156,,34.70448303222656,34.70448303222656,
2026-06-07 19:09:31,,,,,,,,33.73175048828125,,,,,
2026-06-07 19:09:42,34.393978118896484,33.928218841552734,33.928218841552734,34.23872375488281,33.928218841552734,34.08346939086914,33.77296447753906,34.23872375488281,34.393978118896484,,35.014991760253906,34.859737396240234,
2026-06-07 19:10:01,,,,,,,,33.201717376708984,,,,,
2026-06-07 19:10:12,34.393978118896484,34.23872375488281,34.23872375488281,33.928218841552734,33.928218841552734,33.77296447753906,33.61771011352539,34.549232482910156,34.393978118896484,,35.014991760253906,35.154720306396484,
2026-06-07 19:10:32,,,,,,,,33.930667877197266,,,,,
2026-06-07 19:10:43,34.549232482910156,34.08346939086914,33.61771011352539,34.08346939086914,34.393978118896484,34.08346939086914,34.393978118896484,34.08346939086914,35.014991760253906,,35.014991760253906,35.154720306396484,
2026-06-07 19:11:03,,,,,,,,34.359764099121094,,,,,
2026-06-07 19:11:13,34.393978118896484,33.77296447753906,33.77296447753906,34.70448303222656,34.549232482910156,34.23872375488281,33.77296447753906,34.393978118896484,34.70448303222656,,35.154720306396484,35.154720306396484,
2026-06-07 19:11:33,,,,,,,,34.14833450317383,,,,,
2026-06-07 19:11:51,34.70448303222656,34.393978118896484,34.393978118896484,34.393978118896484,33.77296447753906,33.928218841552734,34.08346939086914,34.70448303222656,34.393978118896484,,35.014991760253906,35.154720306396484,
2026-06-07 19:12:04,,,,,,,,33.94004440307617,,,,,
2026-06-07 19:12:22,35.014991760253906,34.549232482910156,34.393978118896484,34.70448303222656,34.08346939086914,34.393978118896484,34.549232482910156,34.393978118896484,34.70448303222656,,35.014991760253906,35.154720306396484,
2026-06-07 19:12:34,,,,,,,,34.14833450317383,,,,,
2026-06-07 19:12:52,33.928218841552734,34.08346939086914,33.928218841552734,33.928218841552734,34.08346939086914,34.23872375488281,34.23872375488281,34.70448303222656,35.014991760253906,,35.154720306396484,35.154720306396484,
2026-06-07 19:13:05,,,,,,,,33.21101760864258,,,,,
2026-06-07 19:13:23,34.549232482910156,33.77296447753906,34.23872375488281,34.23872375488281,33.77296447753906,34.08346939086914,34.08346939086914,34.393978118896484,34.393978118896484,,35.154720306396484,35.29444885253906,
2026-06-07 19:13:35,,,,,,,,34.14833450317383,,,,,
2026-06-07 19:13:53,34.549232482910156,34.08346939086914,33.928218841552734,34.23872375488281,34.08346939086914,34.08346939086914,35.014991760253906,34.08346939086914,34.23872375488281,,34.70448303222656,34.859737396240234,
2026-06-07 19:14:05,,,,,,,,33.94004440307617,,,,,
2026-06-07 19:14:23,33.928218841552734,34.08346939086914,33.928218841552734,33.77296447753906,34.393978118896484,34.23872375488281,33.928218841552734,34.859737396240234,34.23872375488281,,35.014991760253906,35.154720306396484,
2026-06-07 19:14:35,,,,,,,,33.94004440307617,,,,,
2026-06-07 19:14:53,34.08346939086914,34.08346939086914,33.77296447753906,33.15195083618164,34.23872375488281,33.61771011352539,33.928218841552734,33.928218841552734,34.393978118896484,,34.859737396240234,34.859737396240234,
2026-06-07 19:15:06,,,,,,,,33.47138214111328,,,,,
2026-06-07 19:15:23,34.393978118896484,34.23872375488281,34.23872375488281,34.23872375488281,34.08346939086914,34.08346939086914,33.928218841552734,34.70448303222656,34.23872375488281,,35.014991760253906,35.154720306396484,
2026-06-07 19:15:37,,,,,,,,33.47138214111328,,,,,
2026-06-07 19:15:53,35.014991760253906,34.08346939086914,33.46245574951172,34.70448303222656,34.393978118896484,34.549232482910156,34.549232482910156,34.549232482910156,35.014991760253906,,35.29444885253906,35.57390213012695,
2026-06-07 19:16:08,,,,,,,,34.35662841796875,,,,,
2026-06-07 19:16:24,34.393978118896484,33.77296447753906,33.928218841552734,34.08346939086914,34.70448303222656,34.23872375488281,34.08346939086914,34.393978118896484,34.23872375488281,,35.014991760253906,35.014991760253906,
2026-06-07 19:16:51,,,,,,,,33.94004440307617,,,,,
2026-06-07 19:16:54,35.014991760253906,34.549232482910156,34.08346939086914,34.08346939086914,33.77296447753906,34.08346939086914,34.08346939086914,34.23872375488281,34.393978118896484,,35.014991760253906,34.859737396240234,
2026-06-07 19:17:22,,,,,,,,32.941375732421875,,,,,
2026-06-07 19:17:24,34.549232482910156,34.393978118896484,34.393978118896484,33.46245574951172,33.61771011352539,33.928218841552734,34.393978118896484,34.23872375488281,34.23872375488281,,35.154720306396484,35.014991760253906,
2026-06-07 19:17:52,,,,,,,,33.94004440307617,,,,,
2026-06-07 19:17:54,34.70448303222656,33.928218841552734,33.77296447753906,34.08346939086914,33.928218841552734,34.393978118896484,33.61771011352539,33.928218841552734,34.549232482910156,,35.014991760253906,35.154720306396484,
2026-06-07 19:18:22,,,,,,,,33.4744873046875,,,,,
2026-06-07 19:18:24,34.08346939086914,34.23872375488281,34.393978118896484,33.928218841552734,34.08346939086914,33.77296447753906,34.08346939086914,34.549232482910156,34.393978118896484,,35.014991760253906,35.154720306396484,
2026-06-07 19:18:53,,,,,,,,33.47138214111328,,,,,
2026-06-07 19:18:54,34.70448303222656,34.23872375488281,33.77296447753906,33.928218841552734,34.393978118896484,34.70448303222656,34.549232482910156,34.23872375488281,33.77296447753906,,35.014991760253906,35.154720306396484,
2026-06-07 19:19:23,,,,,,,,32.950653076171875,,,,,
2026-06-07 19:19:25,34.859737396240234,34.393978118896484,33.928218841552734,34.549232482910156,34.23872375488281,34.23872375488281,34.393978118896484,34.08346939086914,34.08346939086914,,35.154720306396484,35.154720306396484,
2026-06-07 19:19:53,,,,,,,,33.73175048828125,,,,,
2026-06-07 19:19:55,34.23872375488281,34.23872375488281,34.08346939086914,33.928218841552734,33.61771011352539,34.23872375488281,34.393978118896484,33.928218841552734,34.08346939086914,,35.014991760253906,34.859737396240234,
2026-06-07 19:20:23,,,,,,,,33.72239685058594,,,,,
2026-06-07 19:20:25,34.393978118896484,34.08346939086914,33.61771011352539,34.23872375488281,33.77296447753906,34.08346939086914,33.77296447753906,33.928218841552734,34.23872375488281,,35.014991760253906,35.014991760253906,
2026-06-07 19:20:53,,,,,,,,32.941375732421875,,,,,
2026-06-07 19:20:55,33.46245574951172,34.08346939086914,33.46245574951172,33.46245574951172,33.61771011352539,33.928218841552734,34.08346939086914,34.23872375488281,34.08346939086914,,34.70448303222656,34.70448303222656,
2026-06-07 19:21:23,,,,,,,,33.72239685058594,,,,,
2026-06-07 19:21:26,33.30720138549805,34.08346939086914,33.61771011352539,34.08346939086914,33.61771011352539,33.928218841552734,33.46245574951172,33.15195083618164,33.77296447753906,,34.70448303222656,34.859737396240234,
2026-06-07 19:21:54,,,,,,,,33.47138214111328,,,,,
2026-06-07 19:21:56,34.0834846496582,33.772979736328125,33.772979736328125,33.9282341003418,33.61772537231445,34.0834846496582,33.772979736328125,33.9282341003418,34.0834846496582,,34.8597526550293,34.8597526550293,
2026-06-07 19:22:25,,,,,,,,33.462059020996094,,,,,
2026-06-07 19:22:27,34.083518981933594,32.99674606323242,33.92826461791992,33.773014068603516,33.617759704589844,33.92826461791992,34.238773345947266,34.083518981933594,34.083518981933594,,34.704532623291016,34.85978317260742,
2026-06-07 19:22:55,,,,,,,,33.930667877197266,,,,,
2026-06-07 19:22:57,34.083518981933594,33.92826461791992,33.617759704589844,34.39402389526367,33.92826461791992,34.083518981933594,34.238773345947266,34.083518981933594,34.238773345947266,,35.015037536621094,34.85978317260742,
2026-06-07 19:23:25,,,,,,,,33.73175048828125,,,,,
2026-06-07 19:23:27,33.92826461791992,34.238773345947266,33.92826461791992,34.083518981933594,33.92826461791992,34.704532623291016,34.39402389526367,34.39402389526367,34.083518981933594,,35.15476608276367,35.15476608276367,
2026-06-07 19:23:56,,,,,,,,33.195526123046875,,,,,
2026-06-07 19:23:57,34.23880386352539,33.77304458618164,33.92829513549805,34.08354949951172,33.61779022216797,34.23880386352539,34.08354949951172,34.54930877685547,33.92829513549805,,35.1547966003418,35.01506805419922,
2026-06-07 19:24:27,,,,,,,,33.462059020996094,,,,,
2026-06-07 19:24:28,33.92829513549805,33.77304458618164,34.08354949951172,33.92829513549805,33.61779022216797,33.30728530883789,33.61779022216797,33.92829513549805,33.77304458618164,,34.85981369018555,34.70456314086914,
2026-06-07 19:24:58,,,,,,,,32.941375732421875,,,,,
2026-06-07 19:24:58,34.08354949951172,34.3940544128418,33.77304458618164,34.23880386352539,33.92829513549805,33.77304458618164,33.77304458618164,33.92829513549805,33.77304458618164,,34.85981369018555,35.01506805419922,
2026-06-07 19:25:28,,,,,,,,33.195526123046875,,,,,
2026-06-07 19:25:28,33.77304458618164,33.92829513549805,33.77304458618164,33.4625358581543,33.92829513549805,34.3940544128418,33.61779022216797,34.08354949951172,34.08354949951172,,34.85981369018555,35.01506805419922,
2026-06-07 19:25:59,,,,,,,,34.14833450317383,,,,,
2026-06-07 19:25:59,34.08354949951172,33.92829513549805,34.08354949951172,33.92829513549805,33.92829513549805,34.3940544128418,34.08354949951172,34.08354949951172,34.70456314086914,,35.01506805419922,35.01506805419922,
2026-06-07 19:26:30,,,,,,,,33.709930419921875,,,,,
2026-06-07 19:26:30,34.70456314086914,34.08354949951172,33.77304458618164,34.54930877685547,34.3940544128418,34.23880386352539,34.3940544128418,34.54930877685547,34.23880386352539,,35.294525146484375,35.1547966003418,
2026-06-07 19:27:00,,,,,,,,34.14833450317383,,,,,
2026-06-07 19:27:00,34.23880386352539,33.61779022216797,33.61779022216797,33.77304458618164,34.08354949951172,34.23880386352539,33.92829513549805,33.92829513549805,34.23880386352539,,35.294525146484375,35.1547966003418,
2026-06-07 19:27:30,34.3940544128418,33.92829513549805,33.92829513549805,34.3940544128418,34.23880386352539,34.3940544128418,34.54930877685547,33.61779022216797,34.23880386352539,,35.01506805419922,35.1547966003418,
2026-06-07 19:27:31,,,,,,,,33.72239685058594,,,,,
2026-06-07 19:28:01,34.3940544128418,33.77304458618164,34.23880386352539,34.08354949951172,33.92829513549805,34.3940544128418,34.54930877685547,34.3940544128418,34.54930877685547,,35.1547966003418,35.57398223876953,
2026-06-07 19:28:01,,,,,,,,33.195526123046875,,,,,
2026-06-07 19:28:31,,,,,,,,33.72239685058594,,,,,
2026-06-07 19:28:31,34.54930877685547,33.92829513549805,33.61779022216797,34.3940544128418,33.61779022216797,33.92829513549805,34.3940544128418,34.23880386352539,34.08354949951172,,35.1547966003418,35.01506805419922,
2026-06-07 19:29:01,34.54930877685547,33.77304458618164,33.77304458618164,34.08354949951172,33.77304458618164,34.08354949951172,34.23880386352539,34.08354949951172,34.08354949951172,,35.01506805419922,35.01506805419922,
2026-06-07 19:29:02,,,,,,,,32.941375732421875,,,,,
2026-06-07 19:29:32,,,,,,,,33.195526123046875,,,,,
2026-06-07 19:29:33,34.08354949951172,34.08354949951172,33.77304458618164,33.77304458618164,34.70456314086914,34.08354949951172,33.92829513549805,34.54930877685547,34.85981369018555,,35.1547966003418,35.1547966003418,
2026-06-07 19:30:04,,,,,,,,33.71617126464844,,,,,
2026-06-07 19:30:05,33.77304458618164,34.08354949951172,33.61779022216797,34.3940544128418,33.92829513549805,34.3940544128418,34.08354949951172,34.3940544128418,34.23880386352539,,35.01506805419922,35.1547966003418,
2026-06-07 19:30:35,34.70456314086914,34.23880386352539,33.15203094482422,34.3940544128418,33.77304458618164,33.4625358581543,33.92829513549805,34.54930877685547,33.77304458618164,,35.01506805419922,35.1547966003418,
2026-06-07 19:30:36,,,,,,,,32.92901611328125,,,,,
2026-06-07 19:31:06,34.70456314086914,33.77304458618164,34.85981369018555,34.3940544128418,34.54930877685547,34.08354949951172,34.08354949951172,34.08354949951172,34.54930877685547,,35.1547966003418,35.1547966003418,
2026-06-07 19:31:08,,,,,,,,33.71617126464844,,,,,
2026-06-07 19:31:54,34.23880386352539,34.08354949951172,34.08354949951172,34.3940544128418,33.92829513549805,34.3940544128418,34.3940544128418,34.70456314086914,34.3940544128418,,35.294525146484375,35.294525146484375,
2026-06-07 19:31:54,,,,,,,,33.449623107910156,,,,,
2026-06-07 19:32:14,33.92829513549805,33.92829513549805,33.30728530883789,33.77304458618164,33.77304458618164,34.23880386352539,33.77304458618164,34.08354949951172,34.08354949951172,,34.85981369018555,34.85981369018555,
2026-06-07 19:32:25,,,,,,,,33.449623107910156,,,,,
2026-06-07 19:32:45,34.08354949951172,34.54930877685547,34.3940544128418,33.92829513549805,34.54930877685547,34.08354949951172,33.92829513549805,34.70456314086914,34.54930877685547,,35.01506805419922,35.1547966003418,
2026-06-07 19:32:55,,,,,,,,32.66256332397461,,,,,
2026-06-07 19:33:15,34.3940544128418,33.77304458618164,33.61779022216797,34.70456314086914,34.23880386352539,33.77304458618164,34.08354949951172,34.23880386352539,34.23880386352539,,35.01506805419922,35.01506805419922,
2026-06-07 19:33:26,,,,,,,,33.43719482421875,,,,,
2026-06-07 19:33:48,34.3940544128418,34.08354949951172,34.3940544128418,33.77304458618164,33.92829513549805,34.08354949951172,34.3940544128418,34.08354949951172,34.23880386352539,,35.01506805419922,34.85981369018555,
2026-06-07 19:33:58,,,,,,,,33.43719482421875,,,,,
2026-06-07 19:34:18,34.23880386352539,34.23880386352539,33.61779022216797,34.08354949951172,34.23880386352539,34.23880386352539,33.77304458618164,33.77304458618164,34.08354949951172,,34.85981369018555,34.85981369018555,
2026-06-07 19:34:29,,,,,,,,33.43719482421875,,,,,
2026-06-07 19:34:49,34.23880386352539,33.77304458618164,33.15203094482422,33.4625358581543,33.92829513549805,33.4625358581543,33.77304458618164,34.08354949951172,34.08354949951172,,34.70456314086914,34.85981369018555,
2026-06-07 19:35:00,,,,,,,,34.12487030029297,,,,,
2026-06-07 19:35:19,34.23880386352539,34.08354949951172,33.77304458618164,33.92829513549805,34.08354949951172,33.92829513549805,34.08354949951172,33.77304458618164,33.77304458618164,,35.01506805419922,34.85981369018555,
2026-06-07 19:35:32,,,,,,,,33.67877960205078,,,,,
2026-06-07 19:35:50,34.23880386352539,34.08354949951172,33.4625358581543,34.54930877685547,33.61779022216797,34.23880386352539,34.3940544128418,33.92829513549805,34.54930877685547,,34.85981369018555,35.01506805419922,
2026-06-07 19:36:03,,,,,,,,33.901824951171875,,,,,
2026-06-07 19:36:20,33.61779022216797,33.15203094482422,34.08354949951172,33.77304458618164,33.61779022216797,33.61779022216797,33.77304458618164,33.61779022216797,33.92829513549805,,34.70456314086914,34.85981369018555,
2026-06-07 19:36:44,,,,,,,,33.412353515625,,,,,
2026-06-07 19:36:55,33.77304458618164,34.08354949951172,33.4625358581543,33.92829513549805,34.08354949951172,34.08354949951172,33.92829513549805,34.08354949951172,33.77304458618164,,34.85981369018555,35.01506805419922,
2026-06-07 19:37:05,,,,,,,,34.5583610534668,,,,,
2026-06-07 19:37:27,34.08354949951172,33.77304458618164,33.61779022216797,33.92829513549805,33.4625358581543,33.92829513549805,34.08354949951172,34.08354949951172,33.92829513549805,,34.70456314086914,35.01506805419922,
2026-06-07 19:37:36,,,,,,,,33.666297912597656,,,,,
2026-06-07 19:38:00,34.3940544128418,33.92829513549805,34.08354949951172,33.77304458618164,34.3940544128418,34.3940544128418,33.77304458618164,33.61779022216797,34.23880386352539,,34.70456314086914,35.01506805419922,
2026-06-07 19:38:06,,,,,,,,32.610145568847656,,,,,
2026-06-07 19:38:30,33.92829513549805,34.08354949951172,34.23880386352539,33.92829513549805,34.23880386352539,34.23880386352539,34.08354949951172,34.3940544128418,34.23880386352539,,35.01506805419922,35.01506805419922,
2026-06-07 19:38:38,,,,,,,,32.610145568847656,,,,,
2026-06-07 19:39:04,34.23880386352539,33.77304458618164,33.4625358581543,33.92829513549805,34.23880386352539,34.3940544128418,33.92829513549805,33.92829513549805,34.08354949951172,,34.85981369018555,34.85981369018555,
2026-06-07 19:39:08,,,,,,,,33.12114334106445,,,,,
2026-06-07 19:39:34,34.54930877685547,34.54930877685547,34.3940544128418,34.85981369018555,34.54930877685547,34.70456314086914,34.54930877685547,34.54930877685547,34.85981369018555,,35.43425369262695,35.294525146484375,
2026-06-07 19:39:39,,,,,,,,32.600914001464844,,,,,
2026-06-07 19:40:05,34.85981369018555,34.3940544128418,34.3940544128418,34.54930877685547,34.23880386352539,35.01506805419922,34.23880386352539,34.23880386352539,35.1547966003418,,35.43425369262695,35.57398223876953,
2026-06-07 19:40:09,,,,,,,,32.43467330932617,,,,,
2026-06-07 19:40:35,34.54930877685547,34.54930877685547,33.77304458618164,34.54930877685547,34.23880386352539,34.54930877685547,34.08354949951172,34.70456314086914,35.01506805419922,,35.294525146484375,35.294525146484375,
2026-06-07 19:40:41,,,,,,,,32.9024543762207,,,,,
2026-06-07 19:41:06,35.01506805419922,34.54930877685547,35.01506805419922,34.70456314086914,34.54930877685547,34.54930877685547,34.3940544128418,35.1547966003418,35.01506805419922,,35.713706970214844,35.713706970214844,
2026-06-07 19:41:12,,,,,,,,32.9024543762207,,,,,
2026-06-07 19:41:56,34.54930877685547,34.54930877685547,34.23880386352539,34.23880386352539,34.08354949951172,34.3940544128418,33.92829513549805,34.23880386352539,34.70456314086914,,35.1547966003418,35.43425369262695,
2026-06-07 19:41:56,,,,,,,,33.61016845703125,,,,,
2026-06-07 19:42:18,34.70456314086914,35.01506805419922,34.54930877685547,34.70456314086914,34.3940544128418,34.85981369018555,34.3940544128418,34.70456314086914,34.85981369018555,,35.57398223876953,35.43425369262695,
2026-06-07 19:42:26,,,,,,,,33.08081817626953,,,,,
2026-06-07 19:42:49,34.70456314086914,34.54930877685547,34.3940544128418,34.3940544128418,34.54930877685547,34.08354949951172,34.54930877685547,34.54930877685547,34.85981369018555,,35.43425369262695,35.57398223876953,
2026-06-07 19:42:56,,,,,,,,33.60082244873047,,,,,
2026-06-07 19:43:21,34.3940544128418,34.3940544128418,33.92829513549805,34.54930877685547,34.70456314086914,33.92829513549805,33.92829513549805,34.70456314086914,34.70456314086914,,35.43425369262695,35.294525146484375,
2026-06-07 19:43:26,,,,,,,,32.54845428466797,,,,,
2026-06-07 19:43:52,33.92829513549805,33.92829513549805,33.92829513549805,33.92829513549805,33.77304458618164,33.92829513549805,34.08354949951172,34.54930877685547,34.54930877685547,,35.294525146484375,35.1547966003418,
2026-06-07 19:43:57,,,,,,,,33.074581146240234,,,,,
2026-06-07 19:44:24,33.61779022216797,33.61779022216797,34.23880386352539,34.23880386352539,34.08354949951172,34.08354949951172,34.08354949951172,34.23880386352539,34.85981369018555,,35.294525146484375,35.43425369262695,
2026-06-07 19:44:29,,,,,,,,33.068389892578125,,,,,
2026-06-07 19:44:55,34.08354949951172,34.54930877685547,34.08354949951172,34.3940544128418,34.23880386352539,35.01506805419922,34.08354949951172,34.70456314086914,35.01506805419922,,35.294525146484375,35.43425369262695,
2026-06-07 19:44:59,,,,,,,,33.05597686767578,,,,,
2026-06-07 19:45:26,35.01506805419922,34.85981369018555,34.23880386352539,34.85981369018555,34.3940544128418,34.85981369018555,34.70456314086914,34.85981369018555,35.01506805419922,,35.57398223876953,35.43425369262695,
2026-06-07 19:45:31,,,,,,,,33.31591033935547,,,,,
2026-06-07 19:45:57,34.54930877685547,34.3940544128418,34.3940544128418,34.54930877685547,34.3940544128418,35.01506805419922,34.3940544128418,34.3940544128418,34.85981369018555,,35.57398223876953,35.43425369262695,
2026-06-07 19:46:03,,,,,,,,33.04044723510742,,,,,
2026-06-07 19:46:28,34.85981369018555,34.08354949951172,34.23880386352539,34.3940544128418,34.23880386352539,34.23880386352539,34.3940544128418,34.54930877685547,34.54930877685547,,35.57398223876953,35.294525146484375,
2026-06-07 19:46:34,,,,,,,,33.04044723510742,,,,,
2026-06-07 19:47:01,34.23880386352539,33.77304458618164,34.08354949951172,34.3940544128418,34.54930877685547,34.23880386352539,34.08354949951172,34.70456314086914,34.70456314086914,,35.294525146484375,35.294525146484375,
2026-06-07 19:47:04,,,,,,,,33.30033874511719,,,,,
2026-06-07 19:47:32,34.70456314086914,34.54930877685547,34.3940544128418,34.85981369018555,34.23880386352539,35.01506805419922,34.3940544128418,34.54930877685547,34.23880386352539,,35.43425369262695,35.43425369262695,
2026-06-07 19:47:34,,,,,,,,33.30033874511719,,,,,
2026-06-07 19:48:03,34.54930877685547,35.01506805419922,34.08354949951172,34.3940544128418,34.08354949951172,34.23880386352539,34.3940544128418,34.70456314086914,34.70456314086914,,35.43425369262695,35.294525146484375,
2026-06-07 19:48:06,,,,,,,,32.245391845703125,,,,,
2026-06-07 19:48:34,34.85981369018555,34.23880386352539,34.3940544128418,34.70456314086914,34.54930877685547,34.85981369018555,34.23880386352539,34.3940544128418,34.70456314086914,,35.294525146484375,35.294525146484375,
2026-06-07 19:48:36,,,,,,,,31.72570037841797,,,,,
2026-06-07 19:49:04,34.85981369018555,34.70456314086914,34.54930877685547,35.1547966003418,34.3940544128418,34.70456314086914,34.23880386352539,34.70456314086914,35.57398223876953,,35.57398223876953,35.57398223876953,
2026-06-07 19:49:08,,,,,,,,32.220760345458984,,,,,
2026-06-07 19:49:35,34.23880386352539,34.08354949951172,33.61779022216797,34.54930877685547,33.77304458618164,34.54930877685547,34.3940544128418,34.3940544128418,33.77304458618164,,35.294525146484375,35.294525146484375,
2026-06-07 19:49:41,,,,,,,,32.22692108154297,,,,,
2026-06-07 19:50:05,33.61779022216797,33.4625358581543,33.77304458618164,34.3940544128418,34.08354949951172,34.08354949951172,34.23880386352539,34.08354949951172,34.70456314086914,,35.01506805419922,35.01506805419922,
2026-06-07 19:50:12,,,,,,,,32.220760345458984,,,,,
2026-06-07 19:50:35,34.23880386352539,34.08354949951172,33.77304458618164,34.3940544128418,33.92829513549805,33.92829513549805,34.23880386352539,34.23880386352539,34.54930877685547,,35.43425369262695,35.1547966003418,
2026-06-07 19:50:43,,,,,,,,32.46818161010742,,,,,
2026-06-07 19:51:06,34.23880386352539,34.3940544128418,33.92829513549805,34.85981369018555,33.77304458618164,34.08354949951172,34.08354949951172,34.3940544128418,34.23880386352539,,35.1547966003418,35.01506805419922,
2026-06-07 19:51:13,,,,,,,,32.214599609375,,,,,
2026-06-07 19:51:38,34.23880386352539,34.08354949951172,33.61779022216797,34.3940544128418,34.23880386352539,34.08354949951172,33.92829513549805,34.70456314086914,34.23880386352539,,35.1547966003418,35.1547966003418,
2026-06-07 19:51:45,,,,,,,,32.46201705932617,,,,,
2026-06-07 19:52:09,34.70456314086914,33.61779022216797,34.3940544128418,34.70456314086914,33.61779022216797,34.54930877685547,34.70456314086914,34.70456314086914,35.01506805419922,,35.294525146484375,35.294525146484375,
2026-06-07 19:52:15,,,,,,,,32.18687057495117,,,,,
2026-06-07 19:52:41,34.08354949951172,33.77304458618164,33.4625358581543,34.54930877685547,33.92829513549805,34.08354949951172,34.23880386352539,34.23880386352539,34.3940544128418,,35.01506805419922,34.85981369018555,
2026-06-07 19:52:46,,,,,,,,31.927188873291016,,,,,
2026-06-07 19:53:11,34.08354949951172,34.08354949951172,33.92829513549805,34.70456314086914,33.77304458618164,34.23880386352539,34.3940544128418,34.23880386352539,34.85981369018555,,35.1547966003418,35.1547966003418,
2026-06-07 19:53:19,,,,,,,,33.2193717956543,,,,,
2026-06-07 19:53:42,34.08354949951172,33.92829513549805,33.77304458618164,34.3940544128418,33.92829513549805,34.23880386352539,33.92829513549805,34.23880386352539,34.23880386352539,,35.01506805419922,35.1547966003418,
2026-06-07 19:53:52,,,,,,,,32.68764877319336,,,,,
2026-06-07 19:54:12,33.92829513549805,33.92829513549805,34.23880386352539,34.85981369018555,34.08354949951172,33.77304458618164,34.23880386352539,33.77304458618164,34.70456314086914,,35.1547966003418,35.294525146484375,
2026-06-07 19:54:23,,,,,,,,33.46028137207031,,,,,
2026-06-07 19:54:45,33.30728530883789,34.08354949951172,33.4625358581543,33.92829513549805,33.92829513549805,34.54930877685547,34.23880386352539,34.3940544128418,33.92829513549805,,35.01506805419922,35.1547966003418,
2026-06-07 19:54:54,,,,,,,,32.94105529785156,,,,,
2026-06-07 19:55:16,34.08354949951172,34.23880386352539,34.08354949951172,34.23880386352539,33.92829513549805,34.08354949951172,34.08354949951172,34.23880386352539,34.70456314086914,,35.01506805419922,35.1547966003418,
2026-06-07 19:55:26,,,,,,,,32.94105529785156,,,,,
2026-06-07 19:55:47,34.08354949951172,34.23880386352539,34.08354949951172,33.92829513549805,34.23880386352539,34.70456314086914,34.08354949951172,34.3940544128418,34.70456314086914,,35.1547966003418,35.1547966003418,
2026-06-07 19:55:59,,,,,,,,32.409488677978516,,,,,
2026-06-07 19:56:19,33.92829513549805,34.23880386352539,33.92829513549805,33.92829513549805,33.61779022216797,33.61779022216797,34.08354949951172,33.77304458618164,34.23880386352539,,35.01506805419922,35.01506805419922,
2026-06-07 19:56:32,,,,,,,,32.934837341308594,,,,,
2026-06-07 19:56:49,34.85981369018555,34.3940544128418,34.54930877685547,35.01506805419922,34.08354949951172,34.85981369018555,35.01506805419922,34.85981369018555,34.54930877685547,,35.294525146484375,35.294525146484375,
2026-06-07 19:57:05,,,,,,,,32.6690673828125,,,,,
2026-06-07 19:57:22,34.54930877685547,34.08354949951172,34.08354949951172,34.3940544128418,34.08354949951172,34.54930877685547,34.54930877685547,34.23880386352539,34.54930877685547,,35.1547966003418,35.43425369262695,
2026-06-07 19:57:38,,,,,,,,32.14373779296875,,,,,
2026-06-07 19:57:52,34.08354949951172,33.92829513549805,33.77304458618164,34.23880386352539,33.30728530883789,33.92829513549805,34.08354949951172,33.77304458618164,34.3940544128418,,34.85981369018555,34.85981369018555,
2026-06-07 19:58:08,,,,,,,,32.403297424316406,,,,,
2026-06-07 19:58:23,34.85981369018555,34.54930877685547,34.3940544128418,34.3940544128418,33.77304458618164,34.54930877685547,34.08354949951172,33.77304458618164,34.54930877685547,,35.01506805419922,35.1547966003418,
2026-06-07 19:58:39,,,,,,,,32.12525177001953,,,,,
2026-06-07 19:58:54,33.92829513549805,33.92829513549805,33.30728530883789,34.08354949951172,33.92829513549805,33.92829513549805,34.54930877685547,33.61779022216797,34.3940544128418,,35.01506805419922,35.1547966003418,
2026-06-07 19:59:10,,,,,,,,31.85959243774414,,,,,
2026-06-07 19:59:27,34.08354949951172,34.54930877685547,34.23880386352539,34.08354949951172,34.54930877685547,34.23880386352539,34.08354949951172,34.23880386352539,34.70456314086914,,35.1547966003418,35.1547966003418,
2026-06-07 19:59:41,,,,,,,,31.85959243774414,,,,,
2026-06-07 19:59:58,34.54930877685547,33.77304458618164,33.92829513549805,34.23880386352539,33.92829513549805,34.08354949951172,34.23880386352539,34.70456314086914,34.3940544128418,,35.01506805419922,35.1547966003418,
2026-06-07 20:00:13,,,,,,,,31.853443145751953,,,,,
2026-06-07 20:00:29,34.54930877685547,34.08354949951172,34.23880386352539,34.70456314086914,34.08354949951172,34.3940544128418,34.54930877685547,34.23880386352539,34.54930877685547,,35.1547966003418,35.1547966003418,
2026-06-07 20:00:45,,,,,,,,32.37238693237305,,,,,
2026-06-07 20:01:00,34.08354949951172,33.92829513549805,33.77304458618164,34.08354949951172,34.3940544128418,33.92829513549805,34.08354949951172,34.3940544128418,34.23880386352539,,35.01506805419922,35.1547966003418,
2026-06-07 20:01:16,,,,,,,,32.094398498535156,,,,,
2026-06-07 20:01:31,34.3940544128418,34.08354949951172,34.23880386352539,33.92829513549805,34.08354949951172,34.23880386352539,34.3940544128418,34.08354949951172,34.23880386352539,,35.01506805419922,34.85981369018555,
2026-06-07 20:01:53,,,,,,,,31.841136932373047,,,,,
2026-06-07 20:02:06,34.3940544128418,34.70456314086914,33.77304458618164,34.23880386352539,34.23880386352539,34.54930877685547,34.70456314086914,34.54930877685547,34.54930877685547,,35.43425369262695,35.294525146484375,
2026-06-07 20:02:29,,,,,,,,32.353816986083984,,,,,
2026-06-07 20:02:36,34.08354949951172,34.08354949951172,33.92829513549805,34.54930877685547,34.23880386352539,34.3940544128418,34.08354949951172,33.77304458618164,34.3940544128418,,35.1547966003418,35.1547966003418,
2026-06-07 20:03:01,,,,,,,,32.90013885498047,,,,,
2026-06-07 20:03:08,34.08354949951172,34.54930877685547,34.23880386352539,34.3940544128418,34.23880386352539,33.92829513549805,34.3940544128418,34.08354949951172,34.85981369018555,,35.294525146484375,35.1547966003418,
2026-06-07 20:03:31,,,,,,,,31.942405700683594,,,,,
2026-06-07 20:03:40,34.3940544128418,34.08354949951172,33.61779022216797,34.3940544128418,34.08354949951172,34.08354949951172,34.08354949951172,34.70456314086914,34.85981369018555,,35.01506805419922,35.1547966003418,
2026-06-07 20:04:02,,,,,,,,32.58843231201172,,,,,
2026-06-07 20:04:12,34.54930877685547,34.3940544128418,33.77304458618164,34.23880386352539,34.54930877685547,34.08354949951172,34.3940544128418,34.3940544128418,34.3940544128418,,35.1547966003418,35.294525146484375,
2026-06-07 20:04:36,,,,,,,,31.942405700683594,,,,,
2026-06-07 20:04:43,34.3940544128418,34.3940544128418,33.92829513549805,34.85981369018555,34.54930877685547,34.23880386352539,34.54930877685547,34.54930877685547,34.23880386352539,,35.294525146484375,35.294525146484375,
2026-06-07 20:05:07,,,,,,,,32.316707611083984,,,,,
2026-06-07 20:05:14,34.08354949951172,33.92829513549805,34.08354949951172,34.08354949951172,34.08354949951172,34.70456314086914,34.3940544128418,34.08354949951172,34.08354949951172,,35.1547966003418,34.85981369018555,
2026-06-07 20:05:37,,,,,,,,32.56672668457031,,,,,
2026-06-07 20:05:46,34.23880386352539,34.08354949951172,33.92829513549805,34.08354949951172,33.92829513549805,34.3940544128418,33.92829513549805,34.3940544128418,34.23880386352539,,35.294525146484375,35.294525146484375,
2026-06-07 20:06:08,,,,,,,,32.04814529418945,,,,,
2026-06-07 20:06:18,33.77304458618164,33.92829513549805,33.61779022216797,34.08354949951172,33.30728530883789,33.77304458618164,33.61779022216797,34.23880386352539,34.23880386352539,,34.85981369018555,34.85981369018555,
2026-06-07 20:06:38,,,,,,,,32.5698127746582,,,,,
2026-06-07 20:06:50,34.3940544128418,34.08354949951172,34.54930877685547,34.70456314086914,34.08354949951172,34.08354949951172,33.92829513549805,34.3940544128418,34.54930877685547,,35.1547966003418,35.1547966003418,
2026-06-07 20:07:10,,,,,,,,31.782695770263672,,,,,
2026-06-07 20:07:20,34.23880386352539,33.92829513549805,33.77304458618164,34.08354949951172,34.08354949951172,33.61779022216797,33.77304458618164,34.3940544128418,34.54930877685547,,35.01506805419922,35.01506805419922,
2026-06-07 20:07:42,,,,,,,,33.088409423828125,,,,,
2026-06-07 20:07:51,34.70456314086914,33.77304458618164,33.77304458618164,33.77304458618164,34.08354949951172,34.23880386352539,33.77304458618164,34.08354949951172,34.23880386352539,,35.01506805419922,34.85981369018555,
2026-06-07 20:08:14,,,,,,,,32.819786071777344,,,,,
2026-06-07 20:08:23,34.23880386352539,34.54930877685547,33.92829513549805,34.54930877685547,34.85981369018555,34.3940544128418,34.3940544128418,34.23880386352539,35.01506805419922,,35.294525146484375,35.294525146484375,
2026-06-07 20:08:45,,,,,,,,32.560516357421875,,,,,
2026-06-07 20:08:56,34.3940544128418,34.3940544128418,33.77304458618164,34.23880386352539,34.3940544128418,34.3940544128418,34.08354949951172,34.70456314086914,34.85981369018555,,35.01506805419922,35.1547966003418,
2026-06-07 20:09:17,,,,,,,,31.77039337158203,,,,,
2026-06-07 20:09:26,34.23880386352539,33.92829513549805,33.77304458618164,34.23880386352539,34.3940544128418,34.08354949951172,34.23880386352539,34.54930877685547,34.54930877685547,,35.1547966003418,35.01506805419922,
2026-06-07 20:09:48,,,,,,,,32.023460388183594,,,,,
2026-06-07 20:09:59,34.3940544128418,34.70456314086914,34.08354949951172,34.54930877685547,34.23880386352539,34.3940544128418,34.85981369018555,34.3940544128418,34.54930877685547,,35.294525146484375,35.294525146484375,
2026-06-07 20:10:19,,,,,,,,32.28268051147461,,,,,
2026-06-07 20:10:29,34.08354949951172,34.85981369018555,33.77304458618164,34.23880386352539,34.54930877685547,34.70456314086914,34.54930877685547,34.70456314086914,34.70456314086914,,35.57398223876953,35.713706970214844,
2026-06-07 20:10:50,,,,,,,,31.754989624023438,,,,,
2026-06-07 20:11:02,34.85981369018555,34.70456314086914,34.3940544128418,34.08354949951172,34.3940544128418,34.08354949951172,34.70456314086914,34.3940544128418,34.54930877685547,,35.1547966003418,35.294525146484375,
2026-06-07 20:11:24,,,,,,,,32.801124572753906,,,,,
2026-06-07 20:11:32,34.85981369018555,34.3940544128418,34.85981369018555,34.85981369018555,34.23880386352539,34.23880386352539,34.85981369018555,35.01506805419922,34.85981369018555,,35.43425369262695,35.294525146484375,
2026-06-07 20:11:55,,,,,,,,32.00800704956055,,,,,
2026-06-07 20:12:09,33.92829513549805,34.08354949951172,34.23880386352539,34.23880386352539,34.23880386352539,34.70456314086914,34.23880386352539,33.92829513549805,34.23880386352539,,35.294525146484375,35.294525146484375,
2026-06-07 20:12:25,,,,,,,,32.26718521118164,,,,,
2026-06-07 20:12:43,35.01506805419922,34.54930877685547,33.92829513549805,34.3940544128418,34.23880386352539,34.23880386352539,34.54930877685547,34.70456314086914,35.01506805419922,,35.294525146484375,35.294525146484375,
2026-06-07 20:12:56,,,,,,,,32.00185012817383,,,,,
2026-06-07 20:13:14,34.70456314086914,34.85981369018555,34.3940544128418,34.3940544128418,34.23880386352539,34.85981369018555,34.85981369018555,34.70456314086914,34.85981369018555,,35.294525146484375,35.43425369262695,
2026-06-07 20:13:28,,,,,,,,32.00185012817383,,,,,
2026-06-07 20:13:45,34.70456314086914,35.1547966003418,35.01506805419922,34.54930877685547,34.3940544128418,34.85981369018555,34.3940544128418,34.54930877685547,34.70456314086914,,35.43425369262695,35.713706970214844,
2026-06-07 20:13:59,,,,,,,,32.26101303100586,,,,,
2026-06-07 20:14:16,34.54930877685547,34.54930877685547,33.77304458618164,34.3940544128418,34.3940544128418,34.54930877685547,34.70456314086914,35.01506805419922,34.54930877685547,,35.713706970214844,35.43425369262695,
2026-06-07 20:14:29,,,,,,,,32.773094177246094,,,,,
2026-06-07 20:14:47,34.70456314086914,35.01506805419922,34.3940544128418,34.54930877685547,34.3940544128418,34.70456314086914,34.85981369018555,34.70456314086914,35.1547966003418,,35.57398223876953,35.57398223876953,
2026-06-07 20:15:00,,,,,,,,31.730358123779297,,,,,
2026-06-07 20:15:18,34.85981369018555,34.54930877685547,34.08354949951172,33.92829513549805,34.54930877685547,34.23880386352539,34.54930877685547,34.85981369018555,34.70456314086914,,35.713706970214844,35.57398223876953,
2026-06-07 20:15:34,,,,,,,,31.730358123779297,,,,,
2026-06-07 20:15:49,34.3940544128418,34.3940544128418,34.3940544128418,34.23880386352539,35.01506805419922,34.23880386352539,34.70456314086914,34.85981369018555,35.1547966003418,,35.57398223876953,35.57398223876953,
2026-06-07 20:16:07,,,,,,,,31.989482879638672,,,,,
2026-06-07 20:16:20,34.3940544128418,34.3940544128418,34.23880386352539,34.70456314086914,34.3940544128418,34.54930877685547,34.70456314086914,35.01506805419922,34.08354949951172,,35.294525146484375,35.57398223876953,
2026-06-07 20:16:38,,,,,,,,31.983312606811523,,,,,
2026-06-07 20:16:57,34.54930877685547,34.85981369018555,34.23880386352539,34.54930877685547,34.23880386352539,34.85981369018555,34.85981369018555,34.85981369018555,34.23880386352539,,35.294525146484375,35.43425369262695,
2026-06-07 20:17:10,,,,,,,,31.983312606811523,,,,,
2026-06-07 20:17:28,34.54930877685547,34.3940544128418,34.54930877685547,34.85981369018555,34.3940544128418,35.1547966003418,34.23880386352539,34.70456314086914,34.85981369018555,,35.43425369262695,35.43425369262695,
2026-06-07 20:17:40,,,,,,,,31.983312606811523,,,,,
2026-06-07 20:17:59,34.3940544128418,35.1547966003418,34.70456314086914,34.3940544128418,34.3940544128418,34.54930877685547,34.70456314086914,35.01506805419922,35.294525146484375,,35.43425369262695,35.713706970214844,
2026-06-07 20:18:11,,,,,,,,31.980222702026367,,,,,
2026-06-07 20:18:30,34.85981369018555,35.01506805419922,35.01506805419922,34.3940544128418,34.54930877685547,34.54930877685547,34.70456314086914,35.01506805419922,34.85981369018555,,35.43425369262695,35.43425369262695,
2026-06-07 20:18:45,,,,,,,,33.010379791259766,,,,,
2026-06-07 20:19:01,34.54930877685547,34.23880386352539,34.23880386352539,34.3940544128418,33.92829513549805,34.23880386352539,34.23880386352539,34.54930877685547,34.54930877685547,,35.1547966003418,35.294525146484375,
2026-06-07 20:19:17,,,,,,,,31.97405242919922,,,,,
2026-06-07 20:19:31,34.23880386352539,33.77304458618164,33.92829513549805,34.08354949951172,33.92829513549805,34.23880386352539,34.08354949951172,34.23880386352539,34.54930877685547,,35.01506805419922,35.1547966003418,
2026-06-07 20:19:53,,,,,,,,32.239322662353516,,,,,
2026-06-07 20:20:02,34.23880386352539,33.92829513549805,33.92829513549805,33.77304458618164,33.77304458618164,34.08354949951172,33.77304458618164,34.3940544128418,34.3940544128418,,35.01506805419922,35.01506805419922,
2026-06-07 20:20:24,,,,,,,,32.75129699707031,,,,,
2026-06-07 20:20:32,33.92829513549805,34.08354949951172,33.61779022216797,33.92829513549805,33.92829513549805,33.92829513549805,34.23880386352539,34.23880386352539,33.77304458618164,,35.01506805419922,34.85981369018555,
2026-06-07 20:20:56,,,,,,,,31.97405242919922,,,,,
2026-06-07 20:21:03,34.54930877685547,34.23880386352539,33.77304458618164,34.08354949951172,33.30728530883789,34.08354949951172,33.92829513549805,34.08354949951172,34.23880386352539,,35.1547966003418,35.294525146484375,
2026-06-07 20:21:28,,,,,,,,31.97405242919922,,,,,
2026-06-07 20:21:35,33.61779022216797,34.23880386352539,33.77304458618164,34.08354949951172,33.77304458618164,34.23880386352539,34.08354949951172,34.08354949951172,34.54930877685547,,35.01506805419922,35.01506805419922,
2026-06-07 20:22:11,,,,,,,,31.980222702026367,,,,,
2026-06-07 20:22:12,34.08354949951172,33.92829513549805,33.92829513549805,33.4625358581543,34.3940544128418,33.92829513549805,34.23880386352539,33.92829513549805,34.08354949951172,,35.01506805419922,35.01506805419922,
2026-06-07 20:22:42,,,,,,,,31.69957733154297,,,,,
2026-06-07 20:22:43,34.23880386352539,34.23880386352539,33.92829513549805,34.54930877685547,34.08354949951172,33.77304458618164,33.77304458618164,34.54930877685547,34.3940544128418,,35.01506805419922,35.1547966003418,
2026-06-07 20:23:13,,,,,,,,31.69957733154297,,,,,
2026-06-07 20:23:14,34.23880386352539,33.77304458618164,34.23880386352539,34.54930877685547,34.3940544128418,33.92829513549805,34.3940544128418,34.23880386352539,34.70456314086914,,35.294525146484375,35.43425369262695,
2026-06-07 20:23:45,,,,,,,,32.464271545410156,,,,,
2026-06-07 20:23:46,34.08354949951172,34.3940544128418,33.61779022216797,34.23880386352539,34.23880386352539,34.08354949951172,34.08354949951172,33.92829513549805,34.3940544128418,,35.1547966003418,35.1547966003418,
2026-06-07 20:24:16,,,,,,,,32.217655181884766,,,,,
2026-06-07 20:24:17,34.3940544128418,33.77304458618164,33.61779022216797,33.77304458618164,33.92829513549805,33.77304458618164,34.3940544128418,34.70456314086914,34.70456314086914,,35.1547966003418,35.01506805419922,
2026-06-07 20:24:47,,,,,,,,31.181501388549805,,,,,
2026-06-07 20:24:47,34.70456314086914,33.61779022216797,33.61779022216797,34.08354949951172,34.08354949951172,34.3940544128418,33.61779022216797,33.77304458618164,34.23880386352539,,35.1547966003418,35.01506805419922,
2026-06-07 20:25:18,,,,,,,,31.181501388549805,,,,,
2026-06-07 20:25:19,34.08354949951172,33.4625358581543,33.4625358581543,33.4625358581543,33.92829513549805,33.4625358581543,33.61779022216797,33.61779022216797,33.92829513549805,,34.85981369018555,34.85981369018555,
2026-06-07 20:25:48,,,,,,,,31.687259674072266,,,,,
2026-06-07 20:25:49,34.54930877685547,34.08354949951172,33.77304458618164,33.77304458618164,34.08354949951172,34.23880386352539,33.61779022216797,34.23880386352539,34.23880386352539,,35.01506805419922,35.01506805419922,
2026-06-07 20:26:18,,,,,,,,32.205265045166016,,,,,
2026-06-07 20:26:19,34.08354949951172,34.23880386352539,33.4625358581543,33.61779022216797,33.77304458618164,34.08354949951172,34.08354949951172,34.23880386352539,33.77304458618164,,34.85981369018555,35.01506805419922,
2026-06-07 20:26:50,,,,,,,,32.205265045166016,,,,,
2026-06-07 20:26:50,34.54930877685547,34.3940544128418,34.08354949951172,34.70456314086914,34.23880386352539,34.85981369018555,34.08354949951172,34.08354949951172,35.01506805419922,,35.1547966003418,35.1547966003418,
2026-06-07 20:27:22,,,,,,,,32.205265045166016,,,,,
2026-06-07 20:27:23,34.08354949951172,33.92829513549805,33.77304458618164,34.3940544128418,34.23880386352539,34.70456314086914,34.08354949951172,34.3940544128418,35.01506805419922,,35.1547966003418,35.1547966003418,
2026-06-07 20:27:52,,,,,,,,31.687259674072266,,,,,
2026-06-07 20:27:53,34.23880386352539,33.61779022216797,33.4625358581543,33.77304458618164,33.4625358581543,33.61779022216797,33.61779022216797,33.92829513549805,34.54930877685547,,35.01506805419922,35.294525146484375,
2026-06-07 20:28:23,,,,,,,,31.687259674072266,,,,,
2026-06-07 20:28:24,33.61779022216797,33.4625358581543,33.30728530883789,33.77304458618164,33.77304458618164,33.77304458618164,34.23880386352539,33.4625358581543,34.08354949951172,,34.70456314086914,34.70456314086914,
2026-06-07 20:28:56,,,,,,,,32.71080780029297,,,,,
2026-06-07 20:28:56,34.3940544128418,34.08354949951172,33.92829513549805,33.77304458618164,33.92829513549805,33.77304458618164,33.77304458618164,34.08354949951172,34.3940544128418,,35.1547966003418,35.1547966003418,
2026-06-07 20:29:31,,,,,,,,32.19906234741211,,,,,
2026-06-07 20:29:32,34.3940544128418,33.92829513549805,34.70456314086914,34.23880386352539,34.23880386352539,34.85981369018555,34.23880386352539,34.54930877685547,34.85981369018555,,35.294525146484375,35.1547966003418,
2026-06-07 20:30:01,,,,,,,,32.96977615356445,,,,,
2026-06-07 20:30:02,34.70456314086914,34.3940544128418,34.3940544128418,34.54930877685547,34.54930877685547,34.3940544128418,34.85981369018555,34.54930877685547,34.85981369018555,,35.43425369262695,35.43425369262695,
2026-06-07 20:30:32,,,,,,,,32.96977615356445,,,,,
2026-06-07 20:30:33,33.92829513549805,33.92829513549805,34.08354949951172,33.92829513549805,34.23880386352539,34.54930877685547,34.3940544128418,34.3940544128418,34.23880386352539,,35.01506805419922,35.01506805419922,
2026-06-07 20:31:05,,,,,,,,32.96977615356445,,,,,
2026-06-07 20:31:05,33.61779022216797,34.70456314086914,33.77304458618164,33.77304458618164,33.92829513549805,34.08354949951172,34.70456314086914,33.92829513549805,35.01506805419922,,35.1547966003418,35.1547966003418,
2026-06-07 20:31:36,,,,,,,,31.92771339416504,,,,,
2026-06-07 20:31:36,34.23880386352539,33.92829513549805,33.77304458618164,34.08354949951172,33.4625358581543,34.08354949951172,34.08354949951172,34.08354949951172,34.54930877685547,,35.01506805419922,35.01506805419922,
2026-06-07 20:32:15,,,,,,,,31.92771339416504,,,,,
2026-06-07 20:32:15,33.61779022216797,33.92829513549805,34.3940544128418,33.92829513549805,33.77304458618164,34.3940544128418,34.23880386352539,34.54930877685547,34.23880386352539,,35.294525146484375,35.1547966003418,
2026-06-07 20:32:49,,,,,,,,32.192867279052734,,,,,
2026-06-07 20:32:49,33.4625358581543,33.92829513549805,33.77304458618164,34.3940544128418,32.99677658081055,34.08354949951172,33.77304458618164,34.54930877685547,34.08354949951172,,34.85981369018555,34.70456314086914,
2026-06-07 20:33:19,,,,,,,,32.18666458129883,,,,,
2026-06-07 20:33:20,34.23880386352539,34.23880386352539,34.08354949951172,34.08354949951172,33.4625358581543,34.23880386352539,34.3940544128418,34.54930877685547,34.3940544128418,,35.1547966003418,35.294525146484375,
2026-06-07 20:33:50,,,,,,,,32.18666458129883,,,,,
2026-06-07 20:33:50,34.23880386352539,34.23880386352539,34.08354949951172,34.54930877685547,33.77304458618164,34.3940544128418,33.92829513549805,34.54930877685547,34.70456314086914,,35.1547966003418,35.294525146484375,
2026-06-07 20:34:22,,,,,,,,32.18666458129883,,,,,
2026-06-07 20:34:23,34.08354949951172,33.92829513549805,34.08354949951172,34.23880386352539,33.77304458618164,34.08354949951172,34.23880386352539,34.85981369018555,35.01506805419922,,35.1547966003418,35.01506805419922,
2026-06-07 20:34:53,,,,,,,,31.918439865112305,,,,,
2026-06-07 20:34:54,34.23880386352539,34.23880386352539,34.70456314086914,34.23880386352539,34.23880386352539,34.23880386352539,34.70456314086914,34.70456314086914,34.54930877685547,,35.294525146484375,35.294525146484375,
2026-06-07 20:35:27,,,,,,,,31.918439865112305,,,,,
2026-06-07 20:35:27,34.23880386352539,34.23880386352539,34.3940544128418,34.3940544128418,34.23880386352539,34.54930877685547,34.70456314086914,33.92829513549805,34.70456314086914,,35.1547966003418,35.294525146484375,
2026-06-07 20:35:59,,,,,,,,31.918439865112305,,,,,
2026-06-07 20:36:00,34.23880386352539,33.92829513549805,33.92829513549805,34.23880386352539,33.61779022216797,34.70456314086914,34.08354949951172,34.54930877685547,34.08354949951172,,35.1547966003418,35.294525146484375,
2026-06-07 20:36:30,,,,,,,,31.918439865112305,,,,,
2026-06-07 20:36:31,33.92829513549805,33.77304458618164,34.08354949951172,34.23880386352539,33.4625358581543,34.3940544128418,34.23880386352539,34.3940544128418,33.92829513549805,,35.01506805419922,35.01506805419922,
2026-06-07 20:37:16,34.3940544128418,33.92829513549805,34.23880386352539,34.3940544128418,34.54930877685547,34.70456314086914,34.54930877685547,34.23880386352539,34.85981369018555,,35.294525146484375,35.294525146484375,
2026-06-07 20:37:17,,,,,,,,31.921520233154297,,,,,
2026-06-07 20:37:42,34.08354949951172,33.92829513549805,34.08354949951172,34.3940544128418,33.92829513549805,34.70456314086914,34.54930877685547,34.70456314086914,34.70456314086914,,35.1547966003418,35.1547966003418,
2026-06-07 20:37:50,,,,,,,,32.177364349365234,,,,,
2026-06-07 20:38:17,34.23880386352539,34.3940544128418,33.92829513549805,33.77304458618164,34.08354949951172,34.3940544128418,34.23880386352539,34.23880386352539,34.54930877685547,,35.1547966003418,34.85981369018555,
2026-06-07 20:38:22,,,,,,,,32.177364349365234,,,,,
2026-06-07 20:38:49,33.77304458618164,33.92829513549805,33.77304458618164,34.08354949951172,33.4625358581543,34.23880386352539,34.23880386352539,34.54930877685547,34.3940544128418,,35.01506805419922,35.01506805419922,
2026-06-07 20:38:54,,,,,,,,32.177364349365234,,,,,
2026-06-07 20:39:21,34.3940544128418,34.54930877685547,34.23880386352539,34.23880386352539,33.77304458618164,34.54930877685547,34.3940544128418,33.92829513549805,34.3940544128418,,35.1547966003418,35.1547966003418,
2026-06-07 20:39:26,,,,,,,,32.177364349365234,,,,,
2026-06-07 20:39:52,34.3940544128418,33.77304458618164,33.77304458618164,34.23880386352539,34.3940544128418,33.92829513549805,34.08354949951172,34.85981369018555,34.70456314086914,,35.01506805419922,35.01506805419922,
2026-06-07 20:39:57,,,,,,,,32.177364349365234,,,,,
2026-06-07 20:40:25,34.08354949951172,34.08354949951172,33.4625358581543,34.23880386352539,34.08354949951172,33.61779022216797,33.77304458618164,33.77304458618164,34.08354949951172,,34.70456314086914,34.70456314086914,
2026-06-07 20:40:29,,,,,,,,32.679630279541016,,,,,
2026-06-07 20:40:55,34.23880386352539,34.08354949951172,33.77304458618164,33.77304458618164,33.4625358581543,33.4625358581543,34.3940544128418,34.23880386352539,34.3940544128418,,35.1547966003418,35.01506805419922,
2026-06-07 20:41:01,,,,,,,,32.679630279541016,,,,,
2026-06-07 20:41:26,33.77304458618164,34.23880386352539,33.4625358581543,34.23880386352539,33.92829513549805,34.23880386352539,34.23880386352539,34.23880386352539,34.3940544128418,,35.01506805419922,35.01506805419922,
2026-06-07 20:41:32,,,,,,,,31.63794708251953,,,,,
2026-06-07 20:41:56,34.3940544128418,33.77304458618164,33.4625358581543,34.08354949951172,34.08354949951172,33.92829513549805,34.3940544128418,34.3940544128418,34.3940544128418,,35.01506805419922,35.01506805419922,
2026-06-07 20:42:20,,,,,,,,31.89681053161621,,,,,
2026-06-07 20:42:28,34.23880386352539,33.77304458618164,34.08354949951172,34.08354949951172,34.08354949951172,33.77304458618164,34.08354949951172,34.08354949951172,34.3940544128418,,34.70456314086914,34.85981369018555,
2026-06-07 20:42:53,,,,,,,,32.161869049072266,,,,,
2026-06-07 20:42:59,34.3940544128418,34.23880386352539,33.61779022216797,34.08354949951172,33.30728530883789,34.3940544128418,33.92829513549805,34.23880386352539,34.23880386352539,,34.85981369018555,35.1547966003418,
2026-06-07 20:43:23,,,,,,,,32.15567398071289,,,,,
2026-06-07 20:43:33,34.23880386352539,34.08354949951172,33.61779022216797,34.08354949951172,34.08354949951172,33.4625358581543,34.08354949951172,34.23880386352539,34.3940544128418,,35.01506805419922,35.01506805419922,
2026-06-07 20:43:55,,,,,,,,32.15567398071289,,,,,
2026-06-07 20:44:03,34.70456314086914,34.54930877685547,33.4625358581543,34.23880386352539,33.92829513549805,33.92829513549805,34.3940544128418,34.08354949951172,34.3940544128418,,35.01506805419922,35.01506805419922,
2026-06-07 20:44:25,,,,,,,,32.161869049072266,,,,,
2026-06-07 20:44:34,34.08354949951172,34.23880386352539,34.08354949951172,34.23880386352539,34.08354949951172,33.92829513549805,34.54930877685547,33.77304458618164,34.08354949951172,,35.01506805419922,35.1547966003418,
2026-06-07 20:44:59,,,,,,,,32.161869049072266,,,,,
2026-06-07 20:45:11,34.23880386352539,34.54930877685547,33.4625358581543,33.77304458618164,34.08354949951172,33.30728530883789,34.54930877685547,33.92829513549805,34.3940544128418,,35.1547966003418,35.1547966003418,
2026-06-07 20:45:34,,,,,,,,31.37908363342285,,,,,
2026-06-07 20:45:42,33.92829513549805,33.4625358581543,33.61779022216797,33.4625358581543,34.08354949951172,33.77304458618164,33.4625358581543,34.23880386352539,34.54930877685547,,34.85981369018555,35.01506805419922,
2026-06-07 20:46:08,,,,,,,,31.37908363342285,,,,,
2026-06-07 20:46:14,34.08354949951172,34.3940544128418,33.4625358581543,33.77304458618164,34.08354949951172,33.4625358581543,33.77304458618164,34.54930877685547,34.54930877685547,,34.70456314086914,34.70456314086914,
2026-06-07 20:46:40,,,,,,,,31.37908363342285,,,,,
2026-06-07 20:46:46,34.23880386352539,34.08354949951172,33.92829513549805,33.77304458618164,33.4625358581543,33.4625358581543,33.92829513549805,33.61779022216797,34.3940544128418,,35.01506805419922,34.85981369018555,
2026-06-07 20:47:21,,,,,,,,31.37908363342285,,,,,
2026-06-07 20:47:22,34.23880386352539,34.23880386352539,33.61779022216797,33.77304458618164,33.61779022216797,33.4625358581543,33.92829513549805,34.08354949951172,34.08354949951172,,35.01506805419922,34.85981369018555,
2026-06-07 20:47:52,,,,,,,,31.37908363342285,,,,,
2026-06-07 20:47:53,34.70456314086914,33.92829513549805,33.92829513549805,34.23880386352539,34.23880386352539,34.3940544128418,33.92829513549805,34.23880386352539,34.3940544128418,,34.85981369018555,35.01506805419922,
2026-06-07 20:48:23,,,,,,,,31.37908363342285,,,,,
2026-06-07 20:48:24,33.92829513549805,33.92829513549805,33.77304458618164,34.08354949951172,33.77304458618164,33.77304458618164,34.3940544128418,34.23880386352539,34.23880386352539,,34.85981369018555,35.01506805419922,
2026-06-07 20:48:54,,,,,,,,31.37908363342285,,,,,
2026-06-07 20:48:55,34.08354949951172,33.92829513549805,33.4625358581543,33.92829513549805,34.08354949951172,33.92829513549805,34.3940544128418,33.92829513549805,33.77304458618164,,34.70456314086914,35.01506805419922,
2026-06-07 20:49:26,,,,,,,,31.37908363342285,,,,,
2026-06-07 20:49:27,33.92829513549805,34.23880386352539,34.23880386352539,33.61779022216797,34.3940544128418,34.08354949951172,33.77304458618164,34.54930877685547,34.08354949951172,,35.01506805419922,35.1547966003418,
2026-06-07 20:49:59,,,,,,,,31.37908363342285,,,,,
2026-06-07 20:49:59,33.92829513549805,34.23880386352539,33.92829513549805,33.92829513549805,34.23880386352539,34.3940544128418,34.08354949951172,34.23880386352539,34.23880386352539,,35.01506805419922,35.1547966003418,
2026-06-07 20:50:31,,,,,,,,31.3729248046875,,,,,
2026-06-07 20:50:32,34.08354949951172,33.92829513549805,35.01506805419922,34.3940544128418,34.54930877685547,34.54930877685547,34.08354949951172,35.01506805419922,34.23880386352539,,35.1547966003418,35.1547966003418,
2026-06-07 20:51:01,,,,,,,,31.3729248046875,,,,,
2026-06-07 20:51:05,34.23880386352539,34.23880386352539,33.92829513549805,33.92829513549805,34.08354949951172,34.08354949951172,34.23880386352539,33.4625358581543,34.3940544128418,,35.01506805419922,35.01506805419922,
2026-06-07 20:51:31,,,,,,,,32.14326477050781,,,,,
2026-06-07 20:51:38,34.3940544128418,34.08354949951172,33.92829513549805,34.3940544128418,34.08354949951172,34.23880386352539,34.08354949951172,34.54930877685547,35.01506805419922,,35.294525146484375,35.01506805419922,
2026-06-07 20:52:11,,,,,,,,32.14326477050781,,,,,
2026-06-07 20:52:22,34.54930877685547,34.23880386352539,33.92829513549805,33.77304458618164,34.3940544128418,34.3940544128418,34.23880386352539,33.61779022216797,34.3940544128418,,35.01506805419922,35.1547966003418,
2026-06-07 20:52:33,,,,,,,,32.14326477050781,,,,,
2026-06-07 20:52:43,34.3940544128418,34.08354949951172,34.08354949951172,34.3940544128418,34.23880386352539,34.54930877685547,34.23880386352539,34.70456314086914,34.54930877685547,,35.1547966003418,35.43425369262695,
2026-06-07 20:53:06,,,,,,,,31.89681053161621,,,,,
2026-06-07 20:53:18,34.23880386352539,34.08354949951172,34.08354949951172,33.77304458618164,34.3940544128418,34.08354949951172,34.08354949951172,34.3940544128418,34.54930877685547,,35.294525146484375,35.1547966003418,
2026-06-07 20:53:39,,,,,,,,31.884435653686523,,,,,
2026-06-07 20:53:50,34.23880386352539,34.08354949951172,33.77304458618164,33.92829513549805,33.92829513549805,34.3940544128418,33.92829513549805,34.3940544128418,34.08354949951172,,35.01506805419922,35.01506805419922,
2026-06-07 20:54:09,,,,,,,,31.884435653686523,,,,,
2026-06-07 20:54:21,34.54930877685547,34.23880386352539,34.70456314086914,34.23880386352539,33.61779022216797,34.23880386352539,34.08354949951172,34.3940544128418,34.3940544128418,,35.294525146484375,35.1547966003418,
2026-06-07 20:54:42,,,,,,,,31.884435653686523,,,,,
2026-06-07 20:54:51,34.3940544128418,34.08354949951172,34.23880386352539,33.92829513549805,34.3940544128418,34.3940544128418,34.23880386352539,34.08354949951172,34.85981369018555,,35.1547966003418,35.294525146484375,
2026-06-07 20:55:14,,,,,,,,31.625606536865234,,,,,
2026-06-07 20:55:22,34.54930877685547,34.54930877685547,34.3940544128418,34.08354949951172,34.70456314086914,34.54930877685547,34.23880386352539,34.3940544128418,34.23880386352539,,35.294525146484375,35.294525146484375,
2026-06-07 20:55:46,,,,,,,,32.14326477050781,,,,,
2026-06-07 20:55:52,34.85981369018555,34.70456314086914,34.23880386352539,34.3940544128418,34.70456314086914,34.23880386352539,34.54930877685547,33.61779022216797,34.23880386352539,,35.57398223876953,35.294525146484375,
2026-06-07 20:56:18,,,,,,,,32.14326477050781,,,,,
2026-06-07 20:56:24,34.23880386352539,34.08354949951172,34.08354949951172,34.23880386352539,33.92829513549805,34.23880386352539,34.23880386352539,34.08354949951172,34.70456314086914,,35.1547966003418,35.01506805419922,
2026-06-07 20:56:51,,,,,,,,31.366777420043945,,,,,
2026-06-07 20:56:54,34.54930877685547,34.08354949951172,34.3940544128418,34.23880386352539,34.3940544128418,34.54930877685547,34.23880386352539,34.3940544128418,34.70456314086914,,35.43425369262695,35.294525146484375,
2026-06-07 20:57:28,,,,,,,,31.366777420043945,,,,,
2026-06-07 20:57:28,34.23880386352539,34.3940544128418,34.3940544128418,33.92829513549805,34.08354949951172,34.23880386352539,34.3940544128418,34.08354949951172,34.23880386352539,,35.294525146484375,35.294525146484375,
2026-06-07 20:58:02,,,,,,,,31.366777420043945,,,,,
2026-06-07 20:58:03,34.23880386352539,34.54930877685547,33.92829513549805,34.08354949951172,34.3940544128418,33.92829513549805,34.23880386352539,34.3940544128418,33.92829513549805,,35.1547966003418,35.294525146484375,
2026-06-07 20:58:33,,,,,,,,31.366777420043945,,,,,
2026-06-07 20:58:33,34.70456314086914,34.54930877685547,34.3940544128418,34.3940544128418,34.08354949951172,34.23880386352539,34.23880386352539,34.54930877685547,34.70456314086914,,35.294525146484375,35.1547966003418,
2026-06-07 20:59:04,,,,,,,,31.366777420043945,,,,,
2026-06-07 20:59:04,34.85981369018555,34.08354949951172,34.08354949951172,34.23880386352539,33.92829513549805,34.23880386352539,34.08354949951172,34.85981369018555,34.85981369018555,,35.1547966003418,35.294525146484375,
2026-06-07 20:59:35,,,,,,,,31.884435653686523,,,,,
2026-06-07 20:59:36,34.70456314086914,33.92829513549805,34.08354949951172,33.92829513549805,33.61779022216797,34.23880386352539,34.08354949951172,34.23880386352539,34.70456314086914,,35.01506805419922,35.01506805419922,
2026-06-07 21:00:06,,,,,,,,32.40209197998047,,,,,
2026-06-07 21:00:07,34.08354949951172,34.08354949951172,33.61779022216797,34.54930877685547,34.23880386352539,33.92829513549805,34.23880386352539,33.92829513549805,34.70456314086914,,35.01506805419922,35.1547966003418,
2026-06-07 21:00:38,,,,,,,,32.14946365356445,,,,,
2026-06-07 21:00:39,34.3940544128418,34.3940544128418,34.08354949951172,34.54930877685547,33.61779022216797,34.3940544128418,34.23880386352539,34.54930877685547,34.70456314086914,,35.1547966003418,35.1547966003418,
2026-06-07 21:01:09,,,,,,,,32.14946365356445,,,,,
2026-06-07 21:01:09,34.54930877685547,34.23880386352539,34.08354949951172,33.92829513549805,33.92829513549805,34.23880386352539,34.54930877685547,33.77304458618164,33.92829513549805,,34.85981369018555,35.01506805419922,
2026-06-07 21:01:43,,,,,,,,32.14326477050781,,,,,
2026-06-07 21:01:44,33.77304458618164,33.77304458618164,33.77304458618164,33.92829513549805,34.08354949951172,33.77304458618164,34.3940544128418,33.77304458618164,33.77304458618164,,34.85981369018555,34.70456314086914,
2026-06-07 21:02:25,,,,,,,,31.625606536865234,,,,,
2026-06-07 21:02:25,34.54930877685547,34.54930877685547,33.77304458618164,34.54930877685547,34.23880386352539,34.08354949951172,33.77304458618164,34.3940544128418,34.54930877685547,,35.294525146484375,35.1547966003418,
2026-06-07 21:02:57,,,,,,,,32.14326477050781,,,,,
2026-06-07 21:02:58,34.85981369018555,34.54930877685547,34.23880386352539,34.54930877685547,34.3940544128418,33.92829513549805,34.23880386352539,34.85981369018555,34.08354949951172,,35.43425369262695,35.43425369262695,
2026-06-07 21:03:29,,,,,,,,31.884435653686523,,,,,
2026-06-07 21:03:29,34.70456314086914,33.92829513549805,33.77304458618164,33.77304458618164,34.23880386352539,33.61779022216797,34.08354949951172,33.92829513549805,34.23880386352539,,34.85981369018555,34.85981369018555,
2026-06-07 21:04:00,,,,,,,,31.878265380859375,,,,,
2026-06-07 21:04:01,34.23880386352539,34.23880386352539,34.08354949951172,33.4625358581543,33.92829513549805,34.70456314086914,34.23880386352539,33.61779022216797,34.3940544128418,,35.1547966003418,35.294525146484375,
2026-06-07 21:04:32,,,,,,,,31.360641479492188,,,,,
2026-06-07 21:04:33,34.85981369018555,34.54930877685547,34.23880386352539,34.3940544128418,33.92829513549805,34.3940544128418,34.85981369018555,33.77304458618164,34.23880386352539,,35.294525146484375,35.294525146484375,
2026-06-07 21:05:06,,,,,,,,31.360641479492188,,,,,
2026-06-07 21:05:06,35.01506805419922,34.23880386352539,34.3940544128418,34.3940544128418,34.3940544128418,34.08354949951172,34.3940544128418,34.08354949951172,33.77304458618164,,35.294525146484375,35.1547966003418,
2026-06-07 21:05:38,,,,,,,,32.13707733154297,,,,,
2026-06-07 21:05:39,34.23880386352539,34.23880386352539,33.61779022216797,33.92829513549805,33.92829513549805,34.3940544128418,34.54930877685547,34.23880386352539,34.23880386352539,,35.294525146484375,35.1547966003418,
2026-06-07 21:06:09,,,,,,,,32.38966369628906,,,,,
2026-06-07 21:06:09,34.70456314086914,34.3940544128418,34.08354949951172,34.08354949951172,33.92829513549805,34.54930877685547,34.3940544128418,34.85981369018555,34.08354949951172,,35.1547966003418,35.294525146484375,
2026-06-07 21:06:39,,,,,,,,31.3729248046875,,,,,
2026-06-07 21:06:39,34.08354949951172,34.70456314086914,34.08354949951172,33.77304458618164,33.77304458618164,34.08354949951172,34.3940544128418,34.23880386352539,34.23880386352539,,35.01506805419922,35.294525146484375,
2026-06-07 21:07:25,35.1547966003418,34.08354949951172,33.92829513549805,34.08354949951172,34.54930877685547,34.23880386352539,34.23880386352539,34.08354949951172,34.70456314086914,,35.1547966003418,35.01506805419922,
2026-06-07 21:07:26,,,,,,,,31.3729248046875,,,,,
2026-06-07 21:07:51,34.3940544128418,33.77304458618164,33.77304458618164,33.92829513549805,34.70456314086914,33.4625358581543,34.23880386352539,34.3940544128418,34.3940544128418,,35.01506805419922,35.1547966003418,
2026-06-07 21:07:59,,,,,,,,31.3729248046875,,,,,
2026-06-07 21:08:21,34.39409255981445,34.08358383178711,33.61782455444336,34.39409255981445,33.77307891845703,34.08358383178711,33.9283332824707,34.39409255981445,34.23883819580078,,35.015106201171875,35.29456329345703,
2026-06-07 21:08:31,,,,,,,,31.3729248046875,,,,,
2026-06-07 21:08:52,34.39409255981445,34.08358383178711,33.9283332824707,33.9283332824707,33.46257019042969,34.23883819580078,33.9283332824707,34.08358383178711,34.23883819580078,,34.8598518371582,34.8598518371582,
2026-06-07 21:09:05,,,,,,,,32.39588928222656,,,,,
2026-06-07 21:09:24,34.70459747314453,33.77307891845703,33.46257019042969,34.08358383178711,33.9283332824707,33.61782455444336,34.23883819580078,34.70459747314453,34.549346923828125,,35.015106201171875,35.015106201171875,
2026-06-07 21:09:39,,,,,,,,32.39588928222656,,,,,
2026-06-07 21:09:55,34.23883819580078,34.08358383178711,33.61782455444336,34.08358383178711,34.23883819580078,33.77307891845703,33.9283332824707,34.23883819580078,34.23883819580078,,34.8598518371582,35.015106201171875,
2026-06-07 21:10:09,,,,,,,,32.91975402832031,,,,,
2026-06-07 21:10:25,34.549346923828125,34.39409255981445,33.77307891845703,34.39409255981445,34.23883819580078,34.23883819580078,34.70459747314453,34.8598518371582,34.39409255981445,,35.015106201171875,35.15483474731445,
2026-06-07 21:10:42,,,,,,,,32.14326477050781,,,,,
2026-06-07 21:10:57,33.773094177246094,33.773094177246094,33.773094177246094,33.928348541259766,34.394107818603516,33.928348541259766,33.773094177246094,34.08359909057617,33.773094177246094,,34.859867095947266,34.859867095947266,
2026-06-07 21:11:15,,,,,,,,32.14326477050781,,,,,
2026-06-07 21:11:28,33.462615966796875,33.92837905883789,33.92837905883789,34.39413833618164,34.23888397216797,33.77312469482422,34.23888397216797,34.39413833618164,34.70464324951172,,35.15488052368164,35.29460906982422,
2026-06-07 21:11:45,,,,,,,,32.14326477050781,,,,,
2026-06-07 21:12:00,34.54939270019531,34.39413833618164,33.61787033081055,34.0836296081543,33.92837905883789,33.77312469482422,33.61787033081055,34.39413833618164,34.23888397216797,,35.15488052368164,35.15488052368164,
2026-06-07 21:12:31,,,,,,,,32.14326477050781,,,,,
2026-06-07 21:12:32,34.3941535949707,33.92839431762695,33.77313995361328,33.61788558959961,34.08364486694336,33.92839431762695,33.92839431762695,33.77313995361328,34.08364486694336,,34.85991287231445,35.015167236328125,
2026-06-07 21:13:07,,,,,,,,32.14326477050781,,,,,
2026-06-07 21:13:07,34.549407958984375,34.08364486694336,33.46263122558594,34.3941535949707,33.77313995361328,33.77313995361328,33.77313995361328,34.3941535949707,34.08364486694336,,34.85991287231445,34.85991287231445,
2026-06-07 21:13:39,,,,,,,,32.14326477050781,,,,,
2026-06-07 21:13:40,34.549407958984375,34.08364486694336,34.08364486694336,34.08364486694336,34.3941535949707,34.549407958984375,34.3941535949707,34.23889923095703,34.23889923095703,,35.015167236328125,34.85991287231445,
2026-06-07 21:14:10,,,,,,,,32.14326477050781,,,,,
2026-06-07 21:14:11,34.23889923095703,34.08364486694336,33.61788558959961,34.85991287231445,34.08364486694336,33.77313995361328,34.23889923095703,33.92839431762695,34.3941535949707,,34.85991287231445,35.015167236328125,
2026-06-07 21:14:41,,,,,,,,32.14326477050781,,,,,
2026-06-07 21:14:42,34.23889923095703,33.92839431762695,34.08364486694336,34.549407958984375,34.08364486694336,33.92839431762695,34.23889923095703,34.549407958984375,34.85991287231445,,35.1548957824707,35.29462432861328,
2026-06-07 21:15:12,,,,,,,,31.872072219848633,,,,,
2026-06-07 21:15:13,34.70465850830078,34.85991287231445,34.23889923095703,34.70465850830078,34.3941535949707,34.549407958984375,34.3941535949707,34.3941535949707,34.70465850830078,,35.1548957824707,35.43435287475586,
2026-06-07 21:15:43,,,,,,,,31.872072219848633,,,,,
2026-06-07 21:15:43,34.23889923095703,34.70465850830078,34.23889923095703,34.70465850830078,34.23889923095703,34.549407958984375,34.549407958984375,34.549407958984375,34.70465850830078,,35.29462432861328,35.29462432861328,
2026-06-07 21:16:13,34.549407958984375,33.77313995361328,33.92839431762695,33.92839431762695,33.46263122558594,33.77313995361328,33.92839431762695,34.23889923095703,34.70465850830078,,35.015167236328125,35.1548957824707,
2026-06-07 21:16:17,,,,,,,,32.13086700439453,,,,,
2026-06-07 21:16:45,34.549407958984375,34.3941535949707,33.92839431762695,34.08364486694336,34.08364486694336,33.92839431762695,33.92839431762695,34.23889923095703,34.85991287231445,,35.015167236328125,35.1548957824707,
2026-06-07 21:16:49,,,,,,,,31.354482650756836,,,,,
2026-06-07 21:17:31,34.3941535949707,33.92839431762695,33.46263122558594,34.3941535949707,34.23889923095703,33.92839431762695,34.3941535949707,33.77313995361328,34.08364486694336,,35.1548957824707,34.85991287231445,
2026-06-07 21:17:32,,,,,,,,31.613277435302734,,,,,
2026-06-07 21:17:54,34.08364486694336,33.77313995361328,33.46263122558594,34.3941535949707,34.08364486694336,33.92839431762695,33.77313995361328,34.23889923095703,34.3941535949707,,34.85991287231445,34.85991287231445,
2026-06-07 21:18:02,,,,,,,,31.613277435302734,,,,,
2026-06-07 21:18:27,34.23889923095703,34.08364486694336,33.92839431762695,34.549407958984375,33.77313995361328,33.77313995361328,33.92839431762695,34.08364486694336,34.549407958984375,,35.1548957824707,35.1548957824707,
2026-06-07 21:18:36,,,,,,,,31.613277435302734,,,,,
2026-06-07 21:18:58,34.549407958984375,34.3941535949707,33.77313995361328,34.70465850830078,34.08364486694336,33.46263122558594,33.92839431762695,34.3941535949707,34.08364486694336,,34.85991287231445,35.015167236328125,
2026-06-07 21:19:08,,,,,,,,31.613277435302734,,,,,
2026-06-07 21:19:34,34.23889923095703,33.77313995361328,33.61788558959961,33.92839431762695,34.3941535949707,34.08364486694336,34.549407958984375,34.08364486694336,34.3941535949707,,35.29462432861328,35.1548957824707,
2026-06-07 21:19:39,,,,,,,,31.613277435302734,,,,,
2026-06-07 21:20:07,33.46263122558594,34.3941535949707,33.77313995361328,34.23889923095703,33.92839431762695,34.08364486694336,34.08364486694336,34.3941535949707,34.549407958984375,,35.1548957824707,35.015167236328125,
2026-06-07 21:20:11,,,,,,,,31.613277435302734,,,,,
2026-06-07 21:20:38,34.23889923095703,34.08364486694336,33.61788558959961,34.549407958984375,34.08364486694336,33.92839431762695,34.3941535949707,34.23889923095703,34.3941535949707,,35.015167236328125,35.015167236328125,
2026-06-07 21:20:45,,,,,,,,31.865886688232422,,,,,
2026-06-07 21:21:10,34.3941535949707,33.92839431762695,33.77313995361328,34.08364486694336,34.549407958984375,35.1548957824707,34.549407958984375,34.23889923095703,34.3941535949707,,35.1548957824707,35.1548957824707,
2026-06-07 21:21:17,,,,,,,,31.865886688232422,,,,,
2026-06-07 21:21:40,34.70465850830078,34.23889923095703,33.77313995361328,34.549407958984375,33.92839431762695,34.549407958984375,34.85991287231445,34.23889923095703,34.3941535949707,,35.43435287475586,35.43435287475586,
2026-06-07 21:21:50,,,,,,,,32.38966369628906,,,,,
2026-06-07 21:22:34,33.92839431762695,34.549407958984375,34.23889923095703,33.92839431762695,34.08364486694336,34.3941535949707,34.3941535949707,33.92839431762695,34.23889923095703,,35.29462432861328,35.1548957824707,
2026-06-07 21:22:35,,,,,,,,32.38966369628906,,,,,
2026-06-07 21:22:57,34.23889923095703,33.61788558959961,33.46263122558594,33.77313995361328,33.92839431762695,33.77313995361328,34.3941535949707,33.77313995361328,34.3941535949707,,35.015167236328125,35.015167236328125,
2026-06-07 21:23:07,,,,,,,,32.38966369628906,,,,,
2026-06-07 21:23:27,33.77313995361328,34.08364486694336,33.92839431762695,34.08364486694336,33.77313995361328,34.23889923095703,34.3941535949707,34.08364486694336,34.85991287231445,,35.1548957824707,35.29462432861328,
2026-06-07 21:23:41,,,,,,,,32.38966369628906,,,,,
2026-06-07 21:24:00,34.08364486694336,34.23889923095703,33.77313995361328,34.549407958984375,34.08364486694336,33.77313995361328,34.08364486694336,34.23889923095703,34.85991287231445,,35.015167236328125,35.015167236328125,
2026-06-07 21:24:12,,,,,,,,31.865886688232422,,,,,
2026-06-07 21:24:32,33.92839431762695,33.61788558959961,33.77313995361328,34.23889923095703,33.61788558959961,34.23889923095703,34.23889923095703,34.23889923095703,34.3941535949707,,35.015167236328125,35.29462432861328,
2026-06-07 21:24:46,,,,,,,,31.865886688232422,,,,,
2026-06-07 21:25:03,34.23889923095703,34.08364486694336,34.549407958984375,34.08364486694336,34.08364486694336,34.08364486694336,34.3941535949707,34.549407958984375,34.70465850830078,,35.015167236328125,35.015167236328125,
2026-06-07 21:25:18,,,,,,,,31.865886688232422,,,,,
2026-06-07 21:25:36,34.3941535949707,33.61788558959961,33.92839431762695,34.3941535949707,33.92839431762695,34.23889923095703,34.3941535949707,33.92839431762695,34.85991287231445,,35.29462432861328,35.1548957824707,
2026-06-07 21:25:48,,,,,,,,31.865886688232422,,,,,
2026-06-07 21:26:10,34.08364486694336,33.92839431762695,33.61788558959961,33.77313995361328,33.92839431762695,34.70465850830078,33.61788558959961,33.92839431762695,33.92839431762695,,34.85991287231445,35.1548957824707,
2026-06-07 21:26:19,,,,,,,,31.59787368774414,,,,,
2026-06-07 21:26:41,33.77313995361328,34.3941535949707,33.92839431762695,34.08364486694336,33.92839431762695,34.23889923095703,33.92839431762695,34.85991287231445,33.77313995361328,,35.1548957824707,35.015167236328125,
2026-06-07 21:26:51,,,,,,,,31.59787368774414,,,,,
2026-06-07 21:27:34,34.3941535949707,34.23889923095703,33.77313995361328,34.3941535949707,34.3941535949707,33.77313995361328,34.23889923095703,33.92839431762695,34.549407958984375,,35.1548957824707,35.1548957824707,
2026-06-07 21:27:35,,,,,,,,31.59787368774414,,,,,
2026-06-07 21:27:58,33.77313995361328,33.77313995361328,33.77313995361328,33.92839431762695,33.92839431762695,34.3941535949707,34.23889923095703,34.08364486694336,34.08364486694336,,35.015167236328125,35.015167236328125,
2026-06-07 21:28:07,,,,,,,,31.59787368774414,,,,,
2026-06-07 21:28:30,34.3941535949707,33.77313995361328,34.23889923095703,34.23889923095703,34.08364486694336,34.549407958984375,34.08364486694336,34.23889923095703,34.08364486694336,,35.29462432861328,35.1548957824707,
2026-06-07 21:28:40,,,,,,,,32.63288116455078,,,,,
2026-06-07 21:29:02,34.3941535949707,33.77313995361328,34.08364486694336,33.92839431762695,33.307376861572266,34.08364486694336,34.08364486694336,34.3941535949707,34.549407958984375,,35.1548957824707,35.015167236328125,
2026-06-07 21:29:10,,,,,,,,32.63288116455078,,,,,
2026-06-07 21:29:34,34.549407958984375,33.77313995361328,34.3941535949707,34.549407958984375,34.08364486694336,34.08364486694336,34.3941535949707,34.85991287231445,34.549407958984375,,35.1548957824707,35.1548957824707,
2026-06-07 21:29:41,,,,,,,,31.339122772216797,,,,,
2026-06-07 21:30:06,34.3941535949707,34.23889923095703,33.77313995361328,34.08364486694336,33.77313995361328,34.08364486694336,34.08364486694336,34.23889923095703,34.08364486694336,,35.015167236328125,35.1548957824707,
2026-06-07 21:30:12,,,,,,,,31.339122772216797,,,,,
2026-06-07 21:30:42,33.92839431762695,34.23889923095703,34.23889923095703,34.549407958984375,33.46263122558594,33.61788558959961,34.08364486694336,34.08364486694336,34.23889923095703,,35.29462432861328,35.1548957824707,
2026-06-07 21:30:47,,,,,,,,31.339122772216797,,,,,
2026-06-07 21:31:12,33.61788558959961,33.77313995361328,33.61788558959961,34.3941535949707,33.77313995361328,33.77313995361328,34.3941535949707,33.92839431762695,33.77313995361328,,34.85991287231445,35.015167236328125,
2026-06-07 21:31:19,,,,,,,,31.339122772216797,,,,,
2026-06-07 21:31:46,33.92839431762695,34.23889923095703,33.46263122558594,34.23889923095703,33.92839431762695,33.77313995361328,34.08364486694336,33.92839431762695,34.70465850830078,,34.85991287231445,35.015167236328125,
2026-06-07 21:31:51,,,,,,,,31.339122772216797,,,,,
2026-06-07 21:32:37,34.08364486694336,33.92839431762695,34.08364486694336,33.92839431762695,34.08364486694336,34.08364486694336,34.23889923095703,34.08364486694336,34.08364486694336,,35.43435287475586,35.015167236328125,
2026-06-07 21:32:37,,,,,,,,31.07423210144043,,,,,
2026-06-07 21:32:59,33.61788558959961,34.23889923095703,34.23889923095703,34.3941535949707,34.3941535949707,33.77313995361328,33.92839431762695,34.3941535949707,34.23889923095703,,34.85991287231445,35.015167236328125,
2026-06-07 21:33:11,,,,,,,,31.07423210144043,,,,,
2026-06-07 21:33:34,34.3941535949707,34.85991287231445,33.307376861572266,34.3941535949707,34.3941535949707,34.549407958984375,34.23889923095703,33.77313995361328,34.23889923095703,,35.1548957824707,35.015167236328125,
2026-06-07 21:33:45,,,,,,,,31.07423210144043,,,,,
2026-06-07 21:34:07,34.23889923095703,34.549407958984375,34.23889923095703,34.23889923095703,34.549407958984375,34.549407958984375,34.08364486694336,34.70465850830078,34.23889923095703,,35.1548957824707,35.1548957824707,
2026-06-07 21:34:15,,,,,,,,31.07423210144043,,,,,
2026-06-07 21:34:41,34.3941535949707,34.70465850830078,34.23889923095703,34.23889923095703,33.92839431762695,34.549407958984375,34.3941535949707,34.3941535949707,34.23889923095703,,35.29462432861328,35.1548957824707,
2026-06-07 21:34:46,,,,,,,,31.59787368774414,,,,,
2026-06-07 21:35:13,33.92839431762695,34.23889923095703,34.08364486694336,34.70465850830078,33.92839431762695,33.77313995361328,34.3941535949707,34.23889923095703,34.23889923095703,,35.1548957824707,35.1548957824707,
2026-06-07 21:35:18,,,,,,,,32.11537551879883,,,,,
2026-06-07 21:35:46,33.92839431762695,34.08364486694336,33.46263122558594,34.23889923095703,34.70465850830078,34.23889923095703,33.92839431762695,33.92839431762695,34.549407958984375,,35.015167236328125,35.015167236328125,
2026-06-07 21:35:49,,,,,,,,32.11537551879883,,,,,
2026-06-07 21:36:19,33.77313995361328,34.23889923095703,33.46263122558594,34.23889923095703,33.61788558959961,34.08364486694336,33.92839431762695,33.77313995361328,33.77313995361328,,34.85991287231445,34.85991287231445,
2026-06-07 21:36:23,,,,,,,,30.80632781982422,,,,,
2026-06-07 21:36:52,33.77313995361328,34.3941535949707,33.92839431762695,34.08364486694336,33.92839431762695,34.23889923095703,33.77313995361328,33.92839431762695,33.77313995361328,,35.1548957824707,35.1548957824707,
2026-06-07 21:36:54,,,,,,,,30.80632781982422,,,,,
2026-06-07 21:37:38,34.08364486694336,33.92839431762695,34.23889923095703,34.08364486694336,34.3941535949707,34.23889923095703,34.3941535949707,33.77313995361328,34.549407958984375,,35.1548957824707,35.015167236328125,
2026-06-07 21:37:39,,,,,,,,31.332963943481445,,,,,
2026-06-07 21:38:02,34.23889923095703,34.08364486694336,33.61788558959961,34.3941535949707,34.08364486694336,34.23889923095703,33.92839431762695,33.46263122558594,34.08364486694336,,34.85991287231445,35.015167236328125,
2026-06-07 21:38:10,,,,,,,,31.332963943481445,,,,,
2026-06-07 21:38:34,34.549407958984375,33.92839431762695,33.77313995361328,34.08364486694336,34.08364486694336,34.23889923095703,34.08364486694336,34.08364486694336,34.23889923095703,,34.85991287231445,35.1548957824707,
2026-06-07 21:38:40,,,,,,,,31.332963943481445,,,,,
2026-06-07 21:39:07,34.08364486694336,33.92839431762695,33.77313995361328,33.77313995361328,33.92839431762695,34.08364486694336,34.08364486694336,33.92839431762695,33.92839431762695,,34.85991287231445,35.015167236328125,
2026-06-07 21:39:13,,,,,,,,31.332963943481445,,,,,
2026-06-07 21:39:39,34.3941535949707,33.92839431762695,33.77313995361328,34.08364486694336,34.08364486694336,33.92839431762695,33.77313995361328,34.3941535949707,34.08364486694336,,34.85991287231445,35.015167236328125,
2026-06-07 21:39:44,,,,,,,,31.332963943481445,,,,,
2026-06-07 21:40:10,34.85991287231445,34.3941535949707,34.3941535949707,34.08364486694336,34.3941535949707,34.08364486694336,34.549407958984375,34.23889923095703,34.70465850830078,,35.29462432861328,35.29462432861328,
2026-06-07 21:40:14,,,,,,,,31.332963943481445,,,,,
2026-06-07 21:40:42,34.3941535949707,34.08364486694336,33.92839431762695,34.08364486694336,34.3941535949707,33.61788558959961,34.23889923095703,33.92839431762695,34.3941535949707,,35.1548957824707,35.1548957824707,
2026-06-07 21:40:50,,,,,,,,31.332963943481445,,,,,
2026-06-07 21:41:13,34.3941535949707,33.77313995361328,34.08364486694336,33.92839431762695,34.08364486694336,34.08364486694336,33.77313995361328,33.92839431762695,34.3941535949707,,35.015167236328125,35.1548957824707,
2026-06-07 21:41:22,,,,,,,,31.332963943481445,,,,,
2026-06-07 21:41:43,34.70465850830078,34.3941535949707,34.549407958984375,33.77313995361328,34.08364486694336,33.77313995361328,34.08364486694336,34.23889923095703,33.92839431762695,,35.1548957824707,35.1548957824707,
2026-06-07 21:41:56,,,,,,,,31.591697692871094,,,,,
2026-06-07 21:42:15,33.77313995361328,33.77313995361328,34.08364486694336,34.549407958984375,34.23889923095703,33.46263122558594,34.23889923095703,33.77313995361328,34.3941535949707,,35.015167236328125,35.015167236328125,
2026-06-07 21:42:39,,,,,,,,31.591697692871094,,,,,
2026-06-07 21:42:49,34.549407958984375,33.92839431762695,33.92839431762695,33.77313995361328,34.08364486694336,33.92839431762695,33.61788558959961,33.77313995361328,33.77313995361328,,35.015167236328125,35.1548957824707,
2026-06-07 21:43:13,,,,,,,,31.332963943481445,,,,,
2026-06-07 21:43:23,33.77313995361328,33.61788558959961,33.77313995361328,33.92839431762695,34.23889923095703,33.92839431762695,33.46263122558594,34.3941535949707,34.23889923095703,,34.85991287231445,34.70465850830078,
2026-06-07 21:43:48,,,,,,,,31.332963943481445,,,,,
2026-06-07 21:43:53,34.23889923095703,34.85991287231445,33.77313995361328,33.92839431762695,34.3941535949707,33.92839431762695,34.23889923095703,34.23889923095703,34.549407958984375,,35.29462432861328,35.43435287475586,
2026-06-07 21:44:18,,,,,,,,32.41203689575195,,,,,
2026-06-07 21:44:29,34.70465850830078,34.08364486694336,34.23889923095703,33.77313995361328,34.23889923095703,34.08364486694336,34.3941535949707,34.3941535949707,34.23889923095703,,35.1548957824707,35.29462432861328,
2026-06-07 21:44:48,,,,,,,,32.41203689575195,,,,,
2026-06-07 21:45:01,34.23889923095703,33.77313995361328,33.77313995361328,33.92839431762695,33.92839431762695,34.23889923095703,34.23889923095703,34.23889923095703,34.23889923095703,,35.29462432861328,35.1548957824707,
2026-06-07 21:45:21,,,,,,,,31.065034866333008,,,,,
2026-06-07 21:45:32,34.3941535949707,34.23889923095703,33.77313995361328,34.08364486694336,33.77313995361328,33.77313995361328,34.23889923095703,34.549407958984375,34.23889923095703,,35.015167236328125,35.015167236328125,
2026-06-07 21:45:53,,,,,,,,31.065034866333008,,,,,
2026-06-07 21:46:04,34.08364486694336,33.61788558959961,34.08364486694336,33.77313995361328,33.92839431762695,33.61788558959961,33.77313995361328,33.61788558959961,34.23889923095703,,34.85991287231445,35.015167236328125,
2026-06-07 21:46:24,,,,,,,,30.979290008544922,,,,,
2026-06-07 21:46:36,34.08364486694336,34.549407958984375,33.92839431762695,34.08364486694336,34.3941535949707,34.23889923095703,34.08364486694336,33.61788558959961,34.549407958984375,,34.85991287231445,35.1548957824707,
2026-06-07 21:46:55,,,,,,,,30.979290008544922,,,,,
2026-06-07 21:47:10,34.08364486694336,34.23889923095703,33.77313995361328,33.61788558959961,34.3941535949707,34.23889923095703,33.92839431762695,33.61788558959961,33.92839431762695,,35.015167236328125,34.85991287231445,
2026-06-07 21:47:29,,,,,,,,30.979290008544922,,,,,
2026-06-07 21:47:41,34.08364486694336,34.08364486694336,33.61788558959961,33.92839431762695,34.08364486694336,34.08364486694336,33.92839431762695,34.08364486694336,34.08364486694336,,34.85991287231445,34.85991287231445,
2026-06-07 21:48:00,,,,,,,,30.979290008544922,,,,,
2026-06-07 21:48:11,34.23889923095703,34.549407958984375,33.77313995361328,34.3941535949707,33.92839431762695,34.08364486694336,34.3941535949707,34.549407958984375,34.3941535949707,,35.1548957824707,35.1548957824707,
2026-06-07 21:48:34,,,,,,,,30.979290008544922,,,,,
2026-06-07 21:48:41,34.70465850830078,34.08364486694336,33.61788558959961,34.08364486694336,34.3941535949707,34.3941535949707,33.61788558959961,33.92839431762695,33.61788558959961,,34.85991287231445,35.015167236328125,
2026-06-07 21:49:05,,,,,,,,30.979290008544922,,,,,
2026-06-07 21:49:12,33.77313995361328,33.77313995361328,34.08364486694336,33.92839431762695,34.23889923095703,34.08364486694336,33.61788558959961,34.3941535949707,34.3941535949707,,34.85991287231445,35.1548957824707,
2026-06-07 21:49:35,,,,,,,,30.979290008544922,,,,,
2026-06-07 21:49:44,34.23889923095703,34.3941535949707,34.08364486694336,33.92839431762695,33.77313995361328,34.08364486694336,34.08364486694336,34.3941535949707,34.70465850830078,,35.1548957824707,35.1548957824707,
2026-06-07 21:50:09,,,,,,,,30.979290008544922,,,,,
2026-06-07 21:50:17,34.08364486694336,34.23889923095703,34.23889923095703,34.23889923095703,33.15212631225586,33.92839431762695,33.77313995361328,34.3941535949707,34.85991287231445,,35.015167236328125,35.015167236328125,
2026-06-07 21:50:39,,,,,,,,30.979290008544922,,,,,
2026-06-07 21:50:52,34.3941535949707,34.23889923095703,34.23889923095703,34.3941535949707,34.08364486694336,34.08364486694336,34.3941535949707,34.3941535949707,34.08364486694336,,34.85991287231445,35.1548957824707,
2026-06-07 21:51:10,,,,,,,,30.979290008544922,,,,,
2026-06-07 21:51:24,33.61788558959961,33.77313995361328,33.92839431762695,34.3941535949707,33.61788558959961,33.77313995361328,34.549407958984375,33.46263122558594,34.3941535949707,,35.29462432861328,35.015167236328125,
2026-06-07 21:51:42,,,,,,,,31.841157913208008,,,,,
2026-06-07 21:51:55,33.92839431762695,34.23889923095703,34.23889923095703,34.3941535949707,34.08364486694336,34.549407958984375,34.23889923095703,34.23889923095703,34.549407958984375,,35.015167236328125,35.1548957824707,
2026-06-07 21:52:15,,,,,,,,31.32374382019043,,,,,
2026-06-07 21:52:41,34.549407958984375,34.549407958984375,33.92839431762695,34.08364486694336,34.23889923095703,34.3941535949707,34.70465850830078,34.23889923095703,34.85991287231445,,35.1548957824707,35.29462432861328,
2026-06-07 21:52:47,,,,,,,,31.32374382019043,,,,,
2026-06-07 21:53:05,34.23889923095703,34.23889923095703,34.08364486694336,34.08364486694336,34.08364486694336,34.08364486694336,34.549407958984375,34.70465850830078,35.015167236328125,,35.1548957824707,35.1548957824707,
2026-06-07 21:53:18,,,,,,,,31.32374382019043,,,,,
2026-06-07 21:53:36,34.08364486694336,34.549407958984375,33.61788558959961,34.85991287231445,33.77313995361328,34.08364486694336,34.3941535949707,34.23889923095703,35.015167236328125,,35.1548957824707,35.1548957824707,
2026-06-07 21:53:48,,,,,,,,30.81549835205078,,,,,
2026-06-07 21:54:09,34.3941535949707,34.23889923095703,34.08364486694336,34.23889923095703,34.23889923095703,33.92839431762695,34.549407958984375,34.08364486694336,34.549407958984375,,35.1548957824707,35.29462432861328,
2026-06-07 21:54:21,,,,,,,,30.81549835205078,,,,,
2026-06-07 21:54:41,34.549407958984375,34.549407958984375,34.3941535949707,34.08364486694336,34.08364486694336,34.3941535949707,34.3941535949707,34.3941535949707,35.29462432861328,,35.015167236328125,35.29462432861328,
2026-06-07 21:54:51,,,,,,,,31.695663452148438,,,,,
2026-06-07 21:55:12,34.23889923095703,34.549407958984375,33.92839431762695,34.3941535949707,33.46263122558594,33.92839431762695,34.70465850830078,34.23889923095703,34.70465850830078,,35.015167236328125,35.1548957824707,
2026-06-07 21:55:25,,,,,,,,31.58245086669922,,,,,
2026-06-07 21:55:42,34.549407958984375,34.3941535949707,33.92839431762695,34.08364486694336,34.3941535949707,33.77313995361328,34.549407958984375,34.3941535949707,34.3941535949707,,35.29462432861328,35.43435287475586,
2026-06-07 21:55:57,,,,,,,,31.456871032714844,,,,,
2026-06-07 21:56:14,34.85991287231445,34.08364486694336,33.61788558959961,34.23889923095703,34.08364486694336,34.23889923095703,34.549407958984375,34.549407958984375,34.85991287231445,,35.1548957824707,35.1548957824707,
2026-06-07 21:56:28,,,,,,,,30.80632781982422,,,,,
2026-06-07 21:56:45,34.549407958984375,33.92839431762695,33.92839431762695,34.08364486694336,33.46263122558594,34.549407958984375,34.3941535949707,34.08364486694336,34.3941535949707,,35.015167236328125,35.015167236328125,
2026-06-07 21:57:03,,,,,,,,30.80632781982422,,,,,
2026-06-07 21:57:17,34.23889923095703,33.77313995361328,34.23889923095703,34.23889923095703,34.3941535949707,34.549407958984375,34.85991287231445,34.549407958984375,34.549407958984375,,35.015167236328125,35.1548957824707,
2026-06-07 21:57:43,,,,,,,,31.58245086669922,,,,,
2026-06-07 21:57:50,34.3941535949707,34.549407958984375,33.61788558959961,33.92839431762695,33.46263122558594,34.23889923095703,34.3941535949707,33.92839431762695,34.70465850830078,,35.015167236328125,35.1548957824707,
2026-06-07 21:58:16,,,,,,,,31.58245086669922,,,,,
2026-06-07 21:58:23,34.549407958984375,34.85991287231445,33.61788558959961,34.23889923095703,34.08364486694336,34.70465850830078,34.23889923095703,34.23889923095703,34.70465850830078,,35.1548957824707,35.1548957824707,
2026-06-07 21:58:48,,,,,,,,31.58245086669922,,,,,
2026-06-07 21:58:56,34.70465850830078,33.77313995361328,33.92839431762695,34.3941535949707,33.92839431762695,34.08364486694336,34.23889923095703,34.23889923095703,34.549407958984375,,35.015167236328125,35.29462432861328,
2026-06-07 21:59:21,,,,,,,,31.58245086669922,,,,,
2026-06-07 21:59:29,34.549407958984375,34.70465850830078,33.77313995361328,34.08364486694336,33.15212631225586,34.3941535949707,34.08364486694336,34.23889923095703,34.3941535949707,,35.015167236328125,35.1548957824707,
2026-06-07 21:59:56,,,,,,,,31.58245086669922,,,,,
2026-06-07 22:00:01,34.23889923095703,34.08364486694336,34.08364486694336,34.549407958984375,33.77313995361328,34.23889923095703,34.3941535949707,34.70465850830078,34.3941535949707,,35.1548957824707,35.29462432861328,
2026-06-07 22:00:28,,,,,,,,31.58245086669922,,,,,
2026-06-07 22:00:34,34.3941535949707,34.549407958984375,33.92839431762695,34.23889923095703,34.08364486694336,33.92839431762695,34.23889923095703,34.549407958984375,34.549407958984375,,35.43435287475586,35.1548957824707,
2026-06-07 22:00:59,,,,,,,,31.58245086669922,,,,,
2026-06-07 22:01:09,34.549407958984375,34.70465850830078,34.08364486694336,34.08364486694336,34.549407958984375,34.70465850830078,34.549407958984375,34.549407958984375,34.85991287231445,,35.43435287475586,35.43435287475586,
2026-06-07 22:01:29,,,,,,,,32.17324447631836,,,,,
2026-06-07 22:01:40,34.3941535949707,34.23889923095703,34.08364486694336,34.3941535949707,34.23889923095703,34.08364486694336,34.549407958984375,34.23889923095703,34.3941535949707,,35.1548957824707,35.1548957824707,
2026-06-07 22:02:01,,,,,,,,31.695663452148438,,,,,
2026-06-07 22:02:12,34.3941535949707,34.08364486694336,34.3941535949707,34.3941535949707,34.549407958984375,34.549407958984375,34.3941535949707,34.549407958984375,34.23889923095703,,35.29462432861328,35.57408142089844,
2026-06-07 22:02:44,,,,,,,,31.841157913208008,,,,,
2026-06-07 22:02:45,34.70465850830078,34.3941535949707,34.23889923095703,34.23889923095703,34.23889923095703,34.23889923095703,34.70465850830078,34.85991287231445,34.23889923095703,,35.43435287475586,35.43435287475586,
2026-06-07 22:03:19,,,,,,,,31.841157913208008,,,,,
2026-06-07 22:03:19,34.3941535949707,35.015167236328125,34.08364486694336,33.92839431762695,34.70465850830078,34.549407958984375,35.1548957824707,34.85991287231445,35.015167236328125,,35.43435287475586,35.85353469848633,
2026-06-07 22:03:52,,,,,,,,31.841157913208008,,,,,
2026-06-07 22:03:53,34.08364486694336,34.70465850830078,33.77313995361328,34.08364486694336,34.08364486694336,34.3941535949707,34.23889923095703,34.70465850830078,34.70465850830078,,35.29462432861328,35.43435287475586,
2026-06-07 22:04:23,,,,,,,,32.644588470458984,,,,,
2026-06-07 22:04:24,34.23889923095703,34.23889923095703,34.3941535949707,33.92839431762695,33.92839431762695,34.70465850830078,34.70465850830078,34.23889923095703,34.70465850830078,,35.1548957824707,35.29462432861328,
2026-06-07 22:04:55,,,,,,,,32.17324447631836,,,,,
2026-06-07 22:04:56,34.08364486694336,34.3941535949707,34.549407958984375,34.549407958984375,34.549407958984375,34.23889923095703,34.23889923095703,35.015167236328125,35.015167236328125,,35.29462432861328,35.29462432861328,
2026-06-07 22:05:30,,,,,,,,32.17324447631836,,,,,
2026-06-07 22:05:31,34.23889923095703,34.549407958984375,34.08364486694336,34.08364486694336,33.92839431762695,33.92839431762695,34.23889923095703,34.08364486694336,34.3941535949707,,35.29462432861328,35.015167236328125,
2026-06-07 22:06:02,,,,,,,,32.17324447631836,,,,,
2026-06-07 22:06:02,34.3941535949707,34.549407958984375,34.23889923095703,34.70465850830078,33.61788558959961,34.3941535949707,34.3941535949707,34.08364486694336,34.549407958984375,,35.1548957824707,35.1548957824707,
2026-06-07 22:06:33,,,,,,,,32.35857391357422,,,,,
2026-06-07 22:06:34,34.3941535949707,34.08364486694336,34.3941535949707,34.70465850830078,34.23889923095703,34.23889923095703,34.549407958984375,34.70465850830078,34.85991287231445,,35.29462432861328,35.43435287475586,
2026-06-07 22:07:08,,,,,,,,32.35857391357422,,,,,
2026-06-07 22:07:09,34.3941535949707,34.70465850830078,33.92839431762695,34.3941535949707,33.92839431762695,34.3941535949707,34.23889923095703,34.3941535949707,34.23889923095703,,35.43435287475586,35.29462432861328,
2026-06-07 22:07:49,,,,,,,,31.9344539642334,,,,,
2026-06-07 22:07:49,33.61788558959961,34.23889923095703,34.23889923095703,33.61788558959961,34.08364486694336,34.08364486694336,34.549407958984375,34.549407958984375,34.23889923095703,,35.1548957824707,35.29462432861328,
2026-06-07 22:08:21,,,,,,,,31.9344539642334,,,,,
2026-06-07 22:08:21,34.70465850830078,34.3941535949707,34.08364486694336,34.3941535949707,34.08364486694336,34.549407958984375,34.70465850830078,34.70465850830078,34.549407958984375,,35.29462432861328,35.29462432861328,
2026-06-07 22:08:52,,,,,,,,31.9344539642334,,,,,
2026-06-07 22:08:52,34.3941535949707,34.549407958984375,34.08364486694336,34.23889923095703,33.92839431762695,34.23889923095703,33.92839431762695,34.549407958984375,34.3941535949707,,35.57408142089844,35.43435287475586,
2026-06-07 22:09:26,,,,,,,,31.9344539642334,,,,,
2026-06-07 22:09:26,34.549407958984375,34.23889923095703,33.46263122558594,33.92839431762695,34.3941535949707,34.23889923095703,34.3941535949707,34.3941535949707,34.3941535949707,,35.015167236328125,35.1548957824707,
2026-06-07 22:09:58,,,,,,,,31.9344539642334,,,,,
2026-06-07 22:09:59,33.77313995361328,34.3941535949707,34.08364486694336,34.08364486694336,34.3941535949707,34.23889923095703,33.92839431762695,34.23889923095703,34.23889923095703,,35.1548957824707,35.1548957824707,
2026-06-07 22:10:30,,,,,,,,31.928264617919922,,,,,
2026-06-07 22:10:31,34.549407958984375,34.23889923095703,34.3941535949707,34.3941535949707,34.08364486694336,34.549407958984375,34.3941535949707,34.3941535949707,35.015167236328125,,35.015167236328125,35.43435287475586,
2026-06-07 22:11:02,,,,,,,,32.17324447631836,,,,,
2026-06-07 22:11:02,34.549407958984375,33.92839431762695,33.92839431762695,34.70465850830078,34.08364486694336,33.92839431762695,34.08364486694336,34.549407958984375,35.015167236328125,,35.1548957824707,35.43435287475586,
2026-06-07 22:11:34,,,,,,,,32.17324447631836,,,,,
2026-06-07 22:11:35,34.549407958984375,34.3941535949707,33.92839431762695,34.3941535949707,33.61788558959961,34.549407958984375,33.61788558959961,34.23889923095703,35.015167236328125,,35.1548957824707,35.1548957824707,
2026-06-07 22:12:05,,,,,,,,31.58245086669922,,,,,
2026-06-07 22:12:05,34.549407958984375,34.70465850830078,33.92839431762695,34.549407958984375,34.23889923095703,34.70465850830078,34.23889923095703,34.70465850830078,34.549407958984375,,35.015167236328125,35.1548957824707,
2026-06-07 22:12:49,34.08364486694336,34.23889923095703,34.549407958984375,34.3941535949707,34.23889923095703,34.3941535949707,34.23889923095703,34.70465850830078,34.549407958984375,,35.29462432861328,35.29462432861328,
2026-06-07 22:12:52,,,,,,,,32.0998649597168,,,,,
2026-06-07 22:13:10,33.92839431762695,34.3941535949707,33.92839431762695,34.23889923095703,34.08364486694336,34.549407958984375,33.61788558959961,34.23889923095703,34.3941535949707,,35.1548957824707,35.29462432861328,
2026-06-07 22:13:24,,,,,,,,32.16703796386719,,,,,
2026-06-07 22:13:40,34.23889923095703,33.92839431762695,34.3941535949707,34.08364486694336,33.92839431762695,34.23889923095703,34.549407958984375,34.3941535949707,34.3941535949707,,35.29462432861328,35.43435287475586,
2026-06-07 22:13:57,,,,,,,,32.16703796386719,,,,,
2026-06-07 22:14:12,34.23889923095703,33.46263122558594,33.77313995361328,33.92839431762695,33.92839431762695,34.23889923095703,34.3941535949707,34.3941535949707,34.3941535949707,,35.1548957824707,35.015167236328125,
2026-06-07 22:14:30,,,,,,,,31.9344539642334,,,,,
2026-06-07 22:14:47,34.08364486694336,33.92839431762695,33.46263122558594,33.77313995361328,33.46263122558594,34.549407958984375,34.70465850830078,34.08364486694336,34.70465850830078,,35.1548957824707,35.1548957824707,
2026-06-07 22:15:01,,,,,,,,32.16703796386719,,,,,
2026-06-07 22:15:19,34.70465850830078,33.77313995361328,33.92839431762695,34.85991287231445,34.3941535949707,34.549407958984375,34.3941535949707,34.85991287231445,34.85991287231445,,35.29462432861328,35.29462432861328,
2026-06-07 22:15:32,,,,,,,,32.16703796386719,,,,,
2026-06-07 22:15:50,34.23889923095703,34.3941535949707,33.92839431762695,34.08364486694336,34.23889923095703,33.77313995361328,34.23889923095703,34.23889923095703,34.23889923095703,,35.1548957824707,35.29462432861328,
2026-06-07 22:16:06,,,,,,,,31.928264617919922,,,,,
2026-06-07 22:16:22,34.23889923095703,33.92839431762695,34.23889923095703,34.70465850830078,34.3941535949707,34.3941535949707,34.549407958984375,34.549407958984375,35.015167236328125,,35.29462432861328,35.43435287475586,
2026-06-07 22:16:40,,,,,,,,31.928264617919922,,,,,
2026-06-07 22:16:57,34.549407958984375,33.92839431762695,33.92839431762695,34.23889923095703,34.3941535949707,34.23889923095703,34.08364486694336,34.3941535949707,34.85991287231445,,35.1548957824707,35.29462432861328,
2026-06-07 22:17:15,,,,,,,,31.928264617919922,,,,,
2026-06-07 22:17:51,34.549407958984375,33.92839431762695,34.08364486694336,34.23889923095703,33.92839431762695,34.3941535949707,34.23889923095703,34.23889923095703,34.85991287231445,,35.015167236328125,35.1548957824707,
2026-06-07 22:17:51,,,,,,,,31.928264617919922,,,,,
2026-06-07 22:18:15,34.549407958984375,34.08364486694336,33.92839431762695,34.23889923095703,34.23889923095703,34.3941535949707,34.23889923095703,34.70465850830078,35.015167236328125,,35.29462432861328,35.43435287475586,
2026-06-07 22:18:26,,,,,,,,32.40581512451172,,,,,
2026-06-07 22:18:47,34.3941535949707,33.92839431762695,33.61788558959961,34.3941535949707,34.08364486694336,33.92839431762695,34.3941535949707,34.23889923095703,34.08364486694336,,35.1548957824707,35.29462432861328,
2026-06-07 22:18:58,,,,,,,,32.40581512451172,,,,,
2026-06-07 22:19:20,34.08364486694336,34.08364486694336,34.08364486694336,34.3941535949707,33.77313995361328,34.549407958984375,33.77313995361328,33.92839431762695,34.549407958984375,,35.015167236328125,35.29462432861328,
2026-06-07 22:19:31,,,,,,,,32.65082931518555,,,,,
2026-06-07 22:19:52,34.3941535949707,34.549407958984375,34.23889923095703,34.3941535949707,34.3941535949707,34.08364486694336,34.70465850830078,34.549407958984375,34.70465850830078,,35.29462432861328,35.29462432861328,
2026-06-07 22:20:06,,,,,,,,32.65082931518555,,,,,
2026-06-07 22:20:27,35.015167236328125,34.549407958984375,34.08364486694336,34.85991287231445,33.92839431762695,34.23889923095703,34.70465850830078,34.3941535949707,35.015167236328125,,35.29462432861328,35.57408142089844,
2026-06-07 22:20:37,,,,,,,,32.40581512451172,,,,,
2026-06-07 22:21:00,34.549407958984375,34.3941535949707,34.3941535949707,34.3941535949707,34.08364486694336,34.08364486694336,34.23889923095703,34.3941535949707,34.70465850830078,,35.1548957824707,35.1548957824707,
2026-06-07 22:21:07,,,,,,,,32.883365631103516,,,,,
2026-06-07 22:21:31,34.549407958984375,34.08364486694336,34.08364486694336,34.549407958984375,34.549407958984375,34.3941535949707,34.3941535949707,34.3941535949707,34.23889923095703,,35.1548957824707,35.015167236328125,
2026-06-07 22:21:38,,,,,,,,33.54862976074219,,,,,
2026-06-07 22:22:03,34.3941535949707,34.3941535949707,33.92839431762695,34.85991287231445,34.23889923095703,34.549407958984375,34.3941535949707,34.70465850830078,34.70465850830078,,35.1548957824707,35.1548957824707,
2026-06-07 22:22:11,,,,,,,,33.33536148071289,,,,,
2026-06-07 22:22:55,34.08364486694336,33.92839431762695,34.70465850830078,34.23889923095703,34.23889923095703,33.77313995361328,34.3941535949707,34.08364486694336,34.549407958984375,,35.1548957824707,35.1548957824707,
2026-06-07 22:22:56,,,,,,,,32.889617919921875,,,,,
2026-06-07 22:23:15,34.70465850830078,33.92839431762695,33.77313995361328,34.23889923095703,33.77313995361328,34.23889923095703,34.549407958984375,34.3941535949707,34.3941535949707,,35.29462432861328,35.29462432861328,
2026-06-07 22:23:27,,,,,,,,33.33536148071289,,,,,
2026-06-07 22:23:47,34.23889923095703,33.92839431762695,33.61788558959961,34.23889923095703,33.92839431762695,34.23889923095703,34.08364486694336,34.23889923095703,34.3941535949707,,35.015167236328125,35.015167236328125,
2026-06-07 22:23:58,,,,,,,,33.13469696044922,,,,,
2026-06-07 22:24:18,34.08364486694336,33.77313995361328,33.92839431762695,34.08364486694336,34.549407958984375,34.23889923095703,34.3941535949707,34.549407958984375,33.92839431762695,,35.1548957824707,35.29462432861328,
2026-06-07 22:24:33,,,,,,,,32.883365631103516,,,,,
2026-06-07 22:24:52,34.08364486694336,33.77313995361328,34.23889923095703,34.08364486694336,34.3941535949707,34.3941535949707,34.08364486694336,33.92839431762695,34.3941535949707,,35.29462432861328,35.1548957824707,
2026-06-07 22:25:08,,,,,,,,33.33536148071289,,,,,
2026-06-07 22:25:28,34.549407958984375,34.3941535949707,34.23889923095703,34.08364486694336,34.3941535949707,34.70465850830078,34.3941535949707,34.08364486694336,34.08364486694336,,35.29462432861328,35.1548957824707,
2026-06-07 22:25:40,,,,,,,,33.33536148071289,,,,,
2026-06-07 22:26:01,35.29462432861328,34.3941535949707,34.08364486694336,34.70465850830078,33.92839431762695,34.549407958984375,34.3941535949707,34.549407958984375,34.70465850830078,,35.29462432861328,35.29462432861328,
2026-06-07 22:26:11,,,,,,,,32.17324447631836,,,,,
2026-06-07 22:26:33,34.23889923095703,33.92839431762695,34.3941535949707,34.23889923095703,34.23889923095703,34.08364486694336,33.61788558959961,34.23889923095703,34.08364486694336,,35.1548957824707,35.29462432861328,
2026-06-07 22:26:44,,,,,,,,32.889617919921875,,,,,
2026-06-07 22:27:05,34.85991287231445,34.3941535949707,34.23889923095703,34.549407958984375,34.3941535949707,34.23889923095703,34.549407958984375,33.77313995361328,34.549407958984375,,35.015167236328125,35.1548957824707,
2026-06-07 22:27:18,,,,,,,,33.12841033935547,,,,,
2026-06-07 22:27:56,34.23889923095703,34.23889923095703,33.77313995361328,34.23889923095703,34.549407958984375,34.23889923095703,34.549407958984375,34.3941535949707,34.85991287231445,,35.43435287475586,35.43435287475586,
2026-06-07 22:27:56,,,,,,,,33.12841033935547,,,,,
2026-06-07 22:28:18,33.92839431762695,33.77313995361328,33.77313995361328,34.23889923095703,33.92839431762695,34.08364486694336,34.23889923095703,33.92839431762695,34.23889923095703,,35.015167236328125,35.015167236328125,
2026-06-07 22:28:30,,,,,,,,33.322776794433594,,,,,
2026-06-07 22:28:49,34.70465850830078,34.549407958984375,33.92839431762695,34.23889923095703,34.3941535949707,34.08364486694336,34.549407958984375,34.70465850830078,34.85991287231445,,35.29462432861328,35.29462432861328,
2026-06-07 22:29:01,,,,,,,,32.41203689575195,,,,,
2026-06-07 22:29:23,34.70465850830078,33.77313995361328,34.23889923095703,34.23889923095703,34.23889923095703,34.3941535949707,34.85991287231445,34.70465850830078,34.549407958984375,,35.29462432861328,35.43435287475586,
2026-06-07 22:29:32,,,,,,,,33.33536148071289,,,,,
2026-06-07 22:29:53,34.23889923095703,33.77313995361328,33.92839431762695,34.3941535949707,34.3941535949707,34.23889923095703,34.3941535949707,34.70465850830078,34.549407958984375,,35.1548957824707,35.1548957824707,
2026-06-07 22:30:03,,,,,,,,32.883365631103516,,,,,
2026-06-07 22:30:29,34.23889923095703,34.3941535949707,33.307376861572266,34.08364486694336,33.77313995361328,34.08364486694336,34.3941535949707,34.70465850830078,34.70465850830078,,34.85991287231445,35.015167236328125,
2026-06-07 22:30:33,,,,,,,,32.8759880065918,,,,,
2026-06-07 22:31:02,34.3941535949707,34.3941535949707,33.77313995361328,33.61788558959961,34.08364486694336,34.549407958984375,34.70465850830078,34.23889923095703,34.3941535949707,,35.29462432861328,35.29462432861328,
2026-06-07 22:31:06,,,,,,,,31.9344539642334,,,,,
2026-06-07 22:31:36,34.3941535949707,34.08364486694336,33.92839431762695,34.70465850830078,34.23889923095703,34.23889923095703,34.23889923095703,34.08364486694336,34.3941535949707,,34.85991287231445,35.015167236328125,
2026-06-07 22:31:40,,,,,,,,32.65082931518555,,,,,
2026-06-07 22:32:07,33.77313995361328,34.23889923095703,33.92839431762695,33.92839431762695,33.77313995361328,34.3941535949707,34.3941535949707,34.549407958984375,33.92839431762695,,35.015167236328125,35.43435287475586,
2026-06-07 22:32:13,,,,,,,,31.695663452148438,,,,,
2026-06-07 22:32:59,34.3941535949707,34.08364486694336,33.61788558959961,34.23889923095703,34.3941535949707,34.23889923095703,34.3941535949707,34.549407958984375,34.08364486694336,,35.1548957824707,35.29462432861328,
2026-06-07 22:33:00,,,,,,,,31.695663452148438,,,,,
2026-06-07 22:33:19,34.3941535949707,34.549407958984375,33.46263122558594,34.23889923095703,34.3941535949707,34.3941535949707,34.549407958984375,34.549407958984375,34.08364486694336,,35.1548957824707,35.57408142089844,
2026-06-07 22:33:33,,,,,,,,32.61728286743164,,,,,
2026-06-07 22:33:52,34.08364486694336,33.61788558959961,33.46263122558594,34.3941535949707,33.92839431762695,34.08364486694336,33.92839431762695,34.3941535949707,34.549407958984375,,35.015167236328125,35.1548957824707,
2026-06-07 22:34:05,,,,,,,,32.61728286743164,,,,,
2026-06-07 22:34:26,34.08364486694336,34.3941535949707,34.08364486694336,33.92839431762695,34.3941535949707,33.92839431762695,34.549407958984375,34.549407958984375,34.549407958984375,,35.015167236328125,35.1548957824707,
2026-06-07 22:34:36,,,,,,,,32.17324447631836,,,,,
2026-06-07 22:34:57,34.3941535949707,33.77313995361328,33.307376861572266,33.92839431762695,34.3941535949707,33.77313995361328,33.77313995361328,34.3941535949707,33.92839431762695,,34.70465850830078,35.015167236328125,
2026-06-07 22:35:09,,,,,,,,32.17324447631836,,,,,
2026-06-07 22:35:30,34.23889923095703,34.23889923095703,33.77313995361328,34.08364486694336,34.23889923095703,34.3941535949707,34.3941535949707,34.3941535949707,34.70465850830078,,35.015167236328125,35.43435287475586,
2026-06-07 22:35:42,,,,,,,,31.9344539642334,,,,,
2026-06-07 22:36:03,34.3941535949707,33.77313995361328,33.15212631225586,33.92839431762695,34.23889923095703,33.61788558959961,33.77313995361328,33.92839431762695,33.92839431762695,,34.70465850830078,34.70465850830078,
2026-06-07 22:36:15,,,,,,,,32.35857391357422,,,,,
2026-06-07 22:36:34,33.92839431762695,33.92839431762695,33.46263122558594,34.08364486694336,33.92839431762695,33.77313995361328,33.46263122558594,34.3941535949707,34.3941535949707,,34.85991287231445,35.015167236328125,
2026-06-07 22:36:49,,,,,,,,32.8759880065918,,,,,
2026-06-07 22:37:05,34.85991287231445,34.549407958984375,33.77313995361328,34.23889923095703,34.3941535949707,33.92839431762695,34.3941535949707,34.08364486694336,34.3941535949707,,35.015167236328125,35.1548957824707,
2026-06-07 22:37:20,,,,,,,,32.35857391357422,,,,,
2026-06-07 22:38:01,34.08364486694336,33.61788558959961,33.77313995361328,34.08364486694336,33.46263122558594,33.92839431762695,33.46263122558594,34.23889923095703,33.92839431762695,,34.70465850830078,35.015167236328125,
2026-06-07 22:38:02,,,,,,,,32.0998649597168,,,,,
2026-06-07 22:38:22,34.3941535949707,33.77313995361328,33.61788558959961,33.307376861572266,34.23889923095703,33.77313995361328,34.08364486694336,34.08364486694336,34.08364486694336,,34.70465850830078,35.1548957824707,
2026-06-07 22:38:34,,,,,,,,32.0998649597168,,,,,
2026-06-07 22:38:54,34.549407958984375,33.92839431762695,33.92839431762695,35.015167236328125,34.3941535949707,34.549407958984375,34.08364486694336,33.77313995361328,33.92839431762695,,35.1548957824707,35.1548957824707,
2026-06-07 22:39:07,,,,,,,,32.61728286743164,,,,,
2026-06-07 22:39:26,34.23889923095703,34.549407958984375,33.46263122558594,34.23889923095703,34.3941535949707,34.23889923095703,33.77313995361328,34.3941535949707,34.70465850830078,,35.1548957824707,35.015167236328125,
2026-06-07 22:39:40,,,,,,,,32.8759880065918,,,,,
2026-06-07 22:39:59,33.92839431762695,34.08364486694336,33.77313995361328,34.549407958984375,33.77313995361328,34.08364486694336,34.3941535949707,34.23889923095703,34.3941535949707,,34.85991287231445,35.1548957824707,
2026-06-07 22:40:10,,,,,,,,31.58245086669922,,,,,
2026-06-07 22:40:33,34.85991287231445,34.3941535949707,33.77313995361328,33.77313995361328,33.92839431762695,34.85991287231445,34.08364486694336,34.08364486694336,34.3941535949707,,34.85991287231445,35.1548957824707,
2026-06-07 22:40:41,,,,,,,,31.695663452148438,,,,,
2026-06-07 22:41:06,34.549407958984375,34.08364486694336,33.46263122558594,34.08364486694336,33.77313995361328,34.08364486694336,34.23889923095703,33.77313995361328,34.23889923095703,,34.85991287231445,34.85991287231445,
2026-06-07 22:41:14,,,,,,,,31.065034866333008,,,,,
2026-06-07 22:41:37,33.92839431762695,33.61788558959961,33.77313995361328,34.08364486694336,34.23889923095703,34.70465850830078,34.549407958984375,33.77313995361328,34.85991287231445,,35.015167236328125,35.1548957824707,
2026-06-07 22:41:45,,,,,,,,31.841157913208008,,,,,
2026-06-07 22:42:09,34.70465850830078,34.08364486694336,33.77313995361328,34.23889923095703,34.08364486694336,34.549407958984375,34.08364486694336,34.549407958984375,34.23889923095703,,35.1548957824707,35.015167236328125,
2026-06-07 22:42:21,,,,,,,,31.841157913208008,,,,,
2026-06-07 22:42:41,34.23889923095703,33.77313995361328,33.46263122558594,34.3941535949707,33.61788558959961,34.3941535949707,34.08364486694336,33.92839431762695,34.23889923095703,,34.85991287231445,34.85991287231445,
2026-06-07 22:43:08,,,,,,,,32.367897033691406,,,,,
2026-06-07 22:43:18,34.549407958984375,33.77313995361328,33.77313995361328,34.3941535949707,34.23889923095703,34.23889923095703,34.08364486694336,34.549407958984375,34.3941535949707,,35.015167236328125,35.015167236328125,
2026-06-07 22:43:42,,,,,,,,32.367897033691406,,,,,
2026-06-07 22:43:50,33.92839431762695,34.23889923095703,33.61788558959961,34.549407958984375,34.23889923095703,34.3941535949707,33.77313995361328,34.3941535949707,34.08364486694336,,34.85991287231445,35.1548957824707,
2026-06-07 22:44:12,,,,,,,,32.367897033691406,,,,,
2026-06-07 22:44:20,34.23889923095703,34.08364486694336,34.08364486694336,34.23889923095703,33.92839431762695,34.85991287231445,34.08364486694336,34.08364486694336,34.3941535949707,,35.1548957824707,35.1548957824707,
2026-06-07 22:44:43,,,,,,,,31.850431442260742,,,,,
2026-06-07 22:44:51,33.77313995361328,34.549407958984375,33.77313995361328,34.08364486694336,34.23889923095703,34.70465850830078,34.08364486694336,34.23889923095703,33.92839431762695,,35.1548957824707,35.015167236328125,
2026-06-07 22:45:13,,,,,,,,31.850431442260742,,,,,
2026-06-07 22:45:26,34.85991287231445,34.08364486694336,33.92839431762695,34.08364486694336,33.77313995361328,34.549407958984375,33.92839431762695,33.92839431762695,34.3941535949707,,35.015167236328125,35.29462432861328,
2026-06-07 22:45:45,,,,,,,,32.35857391357422,,,,,
2026-06-07 22:45:56,33.77313995361328,33.77313995361328,33.61788558959961,34.08364486694336,34.3941535949707,33.61788558959961,33.92839431762695,34.23889923095703,33.61788558959961,,34.70465850830078,35.1548957824707,
2026-06-07 22:46:16,,,,,,,,31.58245086669922,,,,,
2026-06-07 22:46:29,34.23889923095703,34.3941535949707,33.307376861572266,33.92839431762695,33.92839431762695,34.70465850830078,34.08364486694336,34.3941535949707,35.015167236328125,,35.015167236328125,35.015167236328125,
2026-06-07 22:46:48,,,,,,,,31.58245086669922,,,,,
2026-06-07 22:47:03,33.77313995361328,33.77313995361328,33.46263122558594,34.549407958984375,33.92839431762695,34.08364486694336,34.3941535949707,34.3941535949707,34.549407958984375,,35.015167236328125,35.29462432861328,
2026-06-07 22:47:24,,,,,,,,31.32374382019043,,,,,
2026-06-07 22:47:38,34.3941535949707,34.549407958984375,34.23889923095703,34.23889923095703,33.92839431762695,34.549407958984375,34.3941535949707,33.92839431762695,34.23889923095703,,35.015167236328125,35.29462432861328,
2026-06-07 22:48:11,,,,,,,,31.58245086669922,,,,,
2026-06-07 22:48:12,33.77313995361328,34.3941535949707,33.77313995361328,34.08364486694336,34.08364486694336,34.23889923095703,34.23889923095703,34.3941535949707,34.3941535949707,,34.85991287231445,35.1548957824707,
2026-06-07 22:48:46,,,,,,,,31.065034866333008,,,,,
2026-06-07 22:48:47,34.23889923095703,33.92839431762695,33.77313995361328,33.92839431762695,34.3941535949707,35.1548957824707,34.70465850830078,34.23889923095703,34.549407958984375,,35.1548957824707,35.1548957824707,
2026-06-07 22:49:21,,,,,,,,31.32374382019043,,,,,
2026-06-07 22:49:22,34.08364486694336,33.92839431762695,33.46263122558594,33.61788558959961,34.08364486694336,34.08364486694336,33.77313995361328,34.08364486694336,34.23889923095703,,35.015167236328125,34.85991287231445,
2026-06-07 22:49:51,,,,,,,,30.80632781982422,,,,,
2026-06-07 22:49:57,34.549407958984375,34.23889923095703,33.77313995361328,34.3941535949707,34.23889923095703,34.23889923095703,34.08364486694336,34.08364486694336,34.08364486694336,,35.29462432861328,35.1548957824707,
2026-06-07 22:50:23,,,,,,,,31.32374382019043,,,,,
2026-06-07 22:50:30,34.3941535949707,33.92839431762695,33.61788558959961,33.92839431762695,34.549407958984375,34.08364486694336,34.23889923095703,34.08364486694336,34.549407958984375,,35.1548957824707,35.1548957824707,
2026-06-07 22:50:57,,,,,,,,31.841157913208008,,,,,
2026-06-07 22:51:02,34.549407958984375,34.23889923095703,34.08364486694336,34.23889923095703,33.61788558959961,34.08364486694336,33.46263122558594,34.3941535949707,34.3941535949707,,35.1548957824707,35.1548957824707,
2026-06-07 22:51:31,,,,,,,,31.58245086669922,,,,,
2026-06-07 22:51:33,34.3941535949707,34.23889923095703,34.08364486694336,33.92839431762695,34.3941535949707,33.92839431762695,33.92839431762695,34.70465850830078,35.015167236328125,,35.29462432861328,35.29462432861328,
2026-06-07 22:52:02,,,,,,,,31.32374382019043,,,,,
2026-06-07 22:52:09,34.3941535949707,34.23889923095703,34.3941535949707,33.77313995361328,33.92839431762695,34.08364486694336,34.23889923095703,33.92839431762695,34.85991287231445,,35.29462432861328,35.43435287475586,
2026-06-07 22:52:36,,,,,,,,32.0998649597168,,,,,
2026-06-07 22:52:43,34.549407958984375,34.08364486694336,34.08364486694336,34.23889923095703,34.3941535949707,34.08364486694336,34.549407958984375,34.3941535949707,33.92839431762695,,35.015167236328125,35.1548957824707,
2026-06-07 22:53:20,,,,,,,,31.32374382019043,,,,,
2026-06-07 22:53:21,34.70465850830078,33.46263122558594,34.08364486694336,34.08364486694336,33.46263122558594,33.92839431762695,33.77313995361328,33.92839431762695,34.23889923095703,,35.1548957824707,35.015167236328125,
2026-06-07 22:53:54,,,,,,,,31.32374382019043,,,,,
2026-06-07 22:53:55,34.549407958984375,34.549407958984375,34.08364486694336,34.08364486694336,34.23889923095703,34.08364486694336,34.23889923095703,34.3941535949707,35.015167236328125,,35.29462432861328,35.43435287475586,
2026-06-07 22:54:29,,,,,,,,32.0998649597168,,,,,
2026-06-07 22:54:30,33.46263122558594,34.08364486694336,34.3941535949707,34.70465850830078,33.77313995361328,34.08364486694336,34.23889923095703,33.77313995361328,34.3941535949707,,35.29462432861328,35.1548957824707,
2026-06-07 22:55:03,,,,,,,,31.841157913208008,,,,,
2026-06-07 22:55:04,34.23889923095703,33.61788558959961,33.46263122558594,34.3941535949707,34.08364486694336,34.08364486694336,34.23889923095703,33.92839431762695,34.3941535949707,,35.015167236328125,35.29462432861328,
2026-06-07 22:55:34,,,,,,,,31.32374382019043,,,,,
2026-06-07 22:55:35,34.85991287231445,34.3941535949707,34.3941535949707,34.70465850830078,34.23889923095703,34.08364486694336,34.3941535949707,34.70465850830078,34.85991287231445,,35.43435287475586,35.29462432861328,
2026-06-07 22:56:05,,,,,,,,31.841157913208008,,,,,
2026-06-07 22:56:06,34.549407958984375,33.92839431762695,33.77313995361328,33.77313995361328,33.61788558959961,34.23889923095703,33.92839431762695,33.77313995361328,33.61788558959961,,35.015167236328125,35.29462432861328,
2026-06-07 22:56:40,,,,,,,,31.850431442260742,,,,,
2026-06-07 22:56:40,34.70465850830078,33.92839431762695,33.92839431762695,34.70465850830078,33.92839431762695,34.08364486694336,34.23889923095703,34.549407958984375,34.08364486694336,,35.1548957824707,35.1548957824707,
2026-06-07 22:57:11,,,,,,,,31.689489364624023,,,,,
2026-06-07 22:57:12,34.3941535949707,33.92839431762695,33.77313995361328,34.3941535949707,33.92839431762695,34.08364486694336,33.77313995361328,33.92839431762695,34.08364486694336,,35.1548957824707,35.29462432861328,
2026-06-07 22:57:44,,,,,,,,32.0998649597168,,,,,
2026-06-07 22:57:44,34.08364486694336,34.23889923095703,33.46263122558594,34.549407958984375,33.92839431762695,34.08364486694336,33.92839431762695,34.08364486694336,34.3941535949707,,35.015167236328125,34.85991287231445,
2026-06-07 22:58:19,,,,,,,,32.0998649597168,,,,,
2026-06-07 22:58:20,33.77313995361328,33.77313995361328,33.46263122558594,34.3941535949707,34.23889923095703,34.23889923095703,34.08364486694336,34.08364486694336,34.3941535949707,,35.015167236328125,35.1548957824707,
2026-06-07 22:58:51,,,,,,,,31.850431442260742,,,,,
2026-06-07 22:58:52,34.08364486694336,34.549407958984375,33.77313995361328,33.92839431762695,33.77313995361328,34.08364486694336,33.77313995361328,34.23889923095703,34.549407958984375,,35.29462432861328,34.85991287231445,
2026-06-07 22:59:25,,,,,,,,31.339122772216797,,,,,
2026-06-07 22:59:26,33.77313995361328,33.307376861572266,33.307376861572266,34.08364486694336,33.77313995361328,33.92839431762695,34.3941535949707,33.61788558959961,34.23889923095703,,34.85991287231445,34.85991287231445,
2026-06-07 23:00:00,,,,,,,,32.0998649597168,,,,,
2026-06-07 23:00:00,34.3941535949707,33.77313995361328,33.77313995361328,34.23889923095703,34.08364486694336,33.92839431762695,34.85991287231445,34.08364486694336,34.549407958984375,,35.015167236328125,35.1548957824707,
2026-06-07 23:00:31,,,,,,,,31.332963943481445,,,,,
2026-06-07 23:00:31,34.23889923095703,34.3941535949707,33.92839431762695,34.3941535949707,35.015167236328125,34.85991287231445,35.1548957824707,34.23889923095703,34.549407958984375,,35.57408142089844,35.43435287475586,
2026-06-07 23:01:01,,,,,,,,31.591697692871094,,,,,
2026-06-07 23:01:02,34.3941535949707,33.61788558959961,33.61788558959961,34.23889923095703,33.307376861572266,33.92839431762695,34.08364486694336,34.08364486694336,34.3941535949707,,35.015167236328125,35.015167236328125,
2026-06-07 23:01:32,,,,,,,,32.11537551879883,,,,,
2026-06-07 23:01:32,34.549407958984375,34.08364486694336,33.15212631225586,34.08364486694336,33.92839431762695,33.77313995361328,34.3941535949707,33.92839431762695,34.08364486694336,,35.015167236328125,35.29462432861328,
2026-06-07 23:02:07,,,,,,,,32.37413024902344,,,,,
2026-06-07 23:02:08,34.70465850830078,33.61788558959961,33.92839431762695,34.23889923095703,34.23889923095703,34.70465850830078,34.70465850830078,34.23889923095703,34.3941535949707,,35.29462432861328,35.43435287475586,
2026-06-07 23:02:38,,,,,,,,32.10916519165039,,,,,
2026-06-07 23:02:39,34.70465850830078,33.77313995361328,34.08364486694336,34.08364486694336,34.23889923095703,33.77313995361328,34.08364486694336,34.23889923095703,34.3941535949707,,35.1548957824707,35.1548957824707,
2026-06-07 23:03:20,34.549407958984375,34.23889923095703,33.92839431762695,34.23889923095703,34.08364486694336,34.549407958984375,34.3941535949707,34.3941535949707,34.23889923095703,,35.015167236328125,35.1548957824707,
2026-06-07 23:03:21,,,,,,,,31.850431442260742,,,,,
2026-06-07 23:03:41,34.70465850830078,33.92839431762695,33.77313995361328,33.77313995361328,34.08364486694336,34.08364486694336,34.08364486694336,34.3941535949707,34.23889923095703,,35.015167236328125,35.015167236328125,
2026-06-07 23:03:55,,,,,,,,32.10916519165039,,,,,
2026-06-07 23:04:15,34.23889923095703,33.77313995361328,34.08364486694336,34.08364486694336,34.85991287231445,34.3941535949707,34.3941535949707,33.92839431762695,33.92839431762695,,35.29462432861328,35.29462432861328,
2026-06-07 23:04:26,,,,,,,,31.856624603271484,,,,,
2026-06-07 23:04:48,34.85991287231445,34.08364486694336,34.3941535949707,34.08364486694336,34.549407958984375,34.549407958984375,34.549407958984375,33.61788558959961,34.3941535949707,,35.1548957824707,35.57408142089844,
2026-06-07 23:04:56,,,,,,,,31.856624603271484,,,,,
2026-06-07 23:05:21,35.015167236328125,33.92839431762695,34.23889923095703,33.92839431762695,34.23889923095703,34.23889923095703,34.3941535949707,34.85991287231445,35.015167236328125,,35.29462432861328,35.29462432861328,
2026-06-07 23:05:27,,,,,,,,31.339122772216797,,,,,
2026-06-07 23:05:53,34.3941535949707,33.61788558959961,33.61788558959961,34.3941535949707,34.08364486694336,33.92839431762695,34.08364486694336,34.85991287231445,34.3941535949707,,35.1548957824707,35.1548957824707,
2026-06-07 23:05:59,,,,,,,,31.339122772216797,,,,,
2026-06-07 23:06:26,34.70465850830078,34.23889923095703,34.549407958984375,34.23889923095703,34.70465850830078,34.549407958984375,34.70465850830078,34.3941535949707,35.1548957824707,,35.43435287475586,35.43435287475586,
2026-06-07 23:06:33,,,,,,,,32.37413024902344,,,,,
2026-06-07 23:06:56,34.70465850830078,34.3941535949707,34.23889923095703,34.3941535949707,34.549407958984375,34.23889923095703,34.549407958984375,34.23889923095703,34.70465850830078,,35.43435287475586,35.57408142089844,
2026-06-07 23:07:04,,,,,,,,31.850431442260742,,,,,
2026-06-07 23:07:29,34.549407958984375,34.549407958984375,34.23889923095703,34.23889923095703,34.08364486694336,34.85991287231445,34.3941535949707,34.23889923095703,35.015167236328125,,35.43435287475586,35.43435287475586,
2026-06-07 23:07:38,,,,,,,,31.591697692871094,,,,,
2026-06-07 23:08:22,34.08364486694336,33.92839431762695,33.46263122558594,33.77313995361328,34.23889923095703,33.77313995361328,34.08364486694336,34.3941535949707,33.77313995361328,,35.015167236328125,35.1548957824707,
2026-06-07 23:08:26,,,,,,,,31.339122772216797,,,,,
2026-06-07 23:08:42,34.08364486694336,33.61788558959961,34.08364486694336,34.23889923095703,34.08364486694336,34.3941535949707,34.08364486694336,34.3941535949707,34.3941535949707,,35.29462432861328,35.1548957824707,
2026-06-07 23:08:57,,,,,,,,32.11537551879883,,,,,
2026-06-07 23:09:17,34.549407958984375,34.23889923095703,34.3941535949707,34.23889923095703,33.92839431762695,34.08364486694336,34.549407958984375,34.08364486694336,34.549407958984375,,35.29462432861328,35.43435287475586,
2026-06-07 23:09:29,,,,,,,,31.856624603271484,,,,,
2026-06-07 23:09:53,34.549407958984375,34.08364486694336,34.08364486694336,34.85991287231445,34.08364486694336,34.23889923095703,34.08364486694336,34.23889923095703,34.85991287231445,,35.1548957824707,35.29462432861328,
2026-06-07 23:10:04,,,,,,,,31.332963943481445,,,,,
2026-06-07 23:10:28,34.23889923095703,33.77313995361328,34.23889923095703,34.3941535949707,33.92839431762695,34.70465850830078,34.08364486694336,34.70465850830078,33.77313995361328,,35.015167236328125,35.29462432861328,
2026-06-07 23:10:34,,,,,,,,31.591697692871094,,,,,
2026-06-07 23:11:01,35.015167236328125,34.23889923095703,33.92839431762695,34.3941535949707,34.08364486694336,34.549407958984375,34.549407958984375,34.549407958984375,34.70465850830078,,35.43435287475586,35.29462432861328,
2026-06-07 23:11:08,,,,,,,,32.62662887573242,,,,,
2026-06-07 23:11:36,35.1548957824707,34.23889923095703,33.92839431762695,34.549407958984375,33.77313995361328,34.08364486694336,33.92839431762695,34.08364486694336,34.549407958984375,,35.1548957824707,35.1548957824707,
2026-06-07 23:11:40,,,,,,,,32.37413024902344,,,,,
2026-06-07 23:12:07,35.1548957824707,33.77313995361328,34.549407958984375,34.70465850830078,34.3941535949707,34.549407958984375,34.3941535949707,35.015167236328125,34.85991287231445,,35.29462432861328,35.43435287475586,
2026-06-07 23:12:14,,,,,,,,32.63288116455078,,,,,
2026-06-07 23:12:40,34.85991287231445,34.23889923095703,34.08364486694336,34.23889923095703,33.92839431762695,34.3941535949707,34.23889923095703,34.85991287231445,34.70465850830078,,35.43435287475586,35.1548957824707,
2026-06-07 23:12:49,,,,,,,,33.15038299560547,,,,,
2026-06-07 23:13:22,34.3941535949707,34.3941535949707,33.77313995361328,34.549407958984375,34.549407958984375,34.23889923095703,34.549407958984375,34.3941535949707,34.70465850830078,,35.1548957824707,35.29462432861328,
2026-06-07 23:13:22,,,,,,,,32.38344192504883,,,,,
2026-06-07 23:13:45,33.92839431762695,34.3941535949707,34.23889923095703,33.92839431762695,34.08364486694336,34.85991287231445,34.3941535949707,34.23889923095703,34.70465850830078,,35.29462432861328,35.1548957824707,
2026-06-07 23:13:57,,,,,,,,32.89472961425781,,,,,
2026-06-07 23:14:16,35.015167236328125,34.3941535949707,34.23889923095703,33.92839431762695,34.549407958984375,34.549407958984375,34.549407958984375,34.3941535949707,34.3941535949707,,35.43435287475586,35.43435287475586,
2026-06-07 23:14:31,,,,,,,,31.856624603271484,,,,,
2026-06-07 23:14:49,34.549407958984375,34.08364486694336,33.77313995361328,34.3941535949707,34.08364486694336,34.549407958984375,34.3941535949707,34.23889923095703,34.549407958984375,,35.1548957824707,35.29462432861328,
2026-06-07 23:15:02,,,,,,,,33.15038299560547,,,,,
2026-06-07 23:15:24,33.77313995361328,34.549407958984375,34.23889923095703,33.92839431762695,33.77313995361328,34.23889923095703,34.549407958984375,34.3941535949707,34.85991287231445,,35.1548957824707,35.1548957824707,
2026-06-07 23:15:34,,,,,,,,32.63288116455078,,,,,
2026-06-07 23:15:59,34.85991287231445,34.08364486694336,34.549407958984375,34.3941535949707,34.23889923095703,34.08364486694336,34.549407958984375,34.23889923095703,34.3941535949707,,35.29462432861328,35.29462432861328,
2026-06-07 23:16:08,,,,,,,,33.15977478027344,,,,,
2026-06-07 23:16:31,34.3941535949707,34.23889923095703,34.549407958984375,34.23889923095703,34.23889923095703,33.92839431762695,34.3941535949707,35.015167236328125,34.549407958984375,,35.1548957824707,35.29462432861328,
2026-06-07 23:16:39,,,,,,,,32.891632080078125,,,,,
2026-06-07 23:17:03,34.23889923095703,33.92839431762695,34.549407958984375,33.92839431762695,34.3941535949707,34.3941535949707,33.92839431762695,34.08364486694336,34.08364486694336,,35.015167236328125,35.1548957824707,
2026-06-07 23:17:11,,,,,,,,32.89472961425781,,,,,
2026-06-07 23:17:35,34.70465850830078,33.92839431762695,34.23889923095703,33.92839431762695,33.92839431762695,34.85991287231445,34.23889923095703,34.70465850830078,34.70465850830078,,35.1548957824707,35.43435287475586,
2026-06-07 23:17:45,,,,,,,,32.891632080078125,,,,,
2026-06-07 23:18:24,34.70465850830078,34.3941535949707,33.77313995361328,34.3941535949707,33.77313995361328,34.3941535949707,34.08364486694336,34.23889923095703,34.08364486694336,,35.015167236328125,35.29462432861328,
2026-06-07 23:18:24,,,,,,,,33.774513244628906,,,,,
2026-06-07 23:18:49,34.70465850830078,34.23889923095703,34.08364486694336,34.85991287231445,34.08364486694336,34.70465850830078,34.3941535949707,34.549407958984375,34.70465850830078,,35.29462432861328,35.29462432861328,
2026-06-07 23:18:57,,,,,,,,32.63288116455078,,,,,
2026-06-07 23:19:21,34.70465850830078,34.23889923095703,33.61788558959961,34.549407958984375,33.92839431762695,34.23889923095703,34.3941535949707,34.85991287231445,34.85991287231445,,35.1548957824707,35.29462432861328,
2026-06-07 23:19:27,,,,,,,,33.15038299560547,,,,,
2026-06-07 23:19:54,34.08364486694336,34.08364486694336,33.92839431762695,33.92839431762695,34.23889923095703,33.77313995361328,34.08364486694336,34.549407958984375,34.70465850830078,,35.015167236328125,35.1548957824707,
2026-06-07 23:19:59,,,,,,,,32.64221954345703,,,,,
2026-06-07 23:20:28,34.08364486694336,34.70465850830078,33.92839431762695,33.92839431762695,34.08364486694336,33.77313995361328,33.92839431762695,34.549407958984375,34.08364486694336,,35.015167236328125,35.1548957824707,
2026-06-07 23:20:30,,,,,,,,32.63288116455078,,,,,
2026-06-07 23:21:00,,,,,,,,32.11845016479492,,,,,
2026-06-07 23:21:01,34.3941535949707,33.77313995361328,33.61788558959961,33.307376861572266,34.3941535949707,34.08364486694336,33.61788558959961,34.85991287231445,34.23889923095703,,35.015167236328125,35.29462432861328,
2026-06-07 23:21:34,,,,,,,,31.865886688232422,,,,,
2026-06-07 23:21:34,34.549407958984375,33.77313995361328,33.46263122558594,34.3941535949707,34.3941535949707,34.549407958984375,34.23889923095703,34.549407958984375,34.3941535949707,,35.29462432861328,35.29462432861328,
2026-06-07 23:22:06,,,,,,,,31.872072219848633,,,,,
2026-06-07 23:22:07,34.08364486694336,34.549407958984375,34.08364486694336,34.08364486694336,34.08364486694336,34.3941535949707,34.23889923095703,34.23889923095703,33.92839431762695,,35.015167236328125,35.1548957824707,
2026-06-07 23:22:38,,,,,,,,33.15977478027344,,,,,
2026-06-07 23:22:39,34.08364486694336,33.92839431762695,33.61788558959961,33.61788558959961,34.3941535949707,34.3941535949707,34.23889923095703,34.549407958984375,34.08364486694336,,35.015167236328125,35.015167236328125,
2026-06-07 23:23:26,34.08364486694336,33.92839431762695,33.61788558959961,34.549407958984375,34.23889923095703,34.08364486694336,34.23889923095703,34.08364486694336,34.70465850830078,,35.015167236328125,35.1548957824707,
2026-06-07 23:23:27,,,,,,,,32.900997161865234,,,,,
2026-06-07 23:23:51,34.3941535949707,33.92839431762695,33.77313995361328,34.08364486694336,33.92839431762695,34.08364486694336,34.23889923095703,34.23889923095703,33.61788558959961,,35.29462432861328,35.1548957824707,
2026-06-07 23:24:01,,,,,,,,32.38344192504883,,,,,
2026-06-07 23:24:23,34.08364486694336,34.23889923095703,33.61788558959961,33.307376861572266,33.77313995361328,34.23889923095703,34.3941535949707,34.3941535949707,33.77313995361328,,35.015167236328125,35.1548957824707,
2026-06-07 23:24:32,,,,,,,,32.37721252441406,,,,,
2026-06-07 23:24:56,34.549407958984375,34.08364486694336,34.08364486694336,34.3941535949707,34.3941535949707,33.92839431762695,34.70465850830078,34.549407958984375,34.23889923095703,,35.1548957824707,35.1548957824707,
2026-06-07 23:25:06,,,,,,,,32.64221954345703,,,,,
2026-06-07 23:25:28,34.23889923095703,34.08364486694336,33.92839431762695,33.61788558959961,33.92839431762695,34.3941535949707,33.77313995361328,34.3941535949707,34.08364486694336,,34.85991287231445,35.015167236328125,
2026-06-07 23:25:40,,,,,,,,32.39588928222656,,,,,
2026-06-07 23:26:00,34.23889923095703,34.3941535949707,34.08364486694336,34.08364486694336,34.08364486694336,34.549407958984375,33.61788558959961,34.3941535949707,34.3941535949707,,35.43435287475586,35.29462432861328,
2026-06-07 23:26:11,,,,,,,,32.38966369628906,,,,,
2026-06-07 23:26:30,34.08364486694336,34.08364486694336,34.08364486694336,33.77313995361328,34.549407958984375,34.549407958984375,33.92839431762695,34.23889923095703,34.85991287231445,,35.1548957824707,35.1548957824707,
2026-06-07 23:26:41,,,,,,,,32.38966369628906,,,,,
2026-06-07 23:27:01,34.549407958984375,34.70465850830078,33.92839431762695,34.23889923095703,34.3941535949707,34.23889923095703,34.3941535949707,34.3941535949707,34.08364486694336,,35.1548957824707,35.1548957824707,
2026-06-07 23:27:12,,,,,,,,32.13086700439453,,,,,
2026-06-07 23:27:34,34.549407958984375,34.23889923095703,33.77313995361328,33.92839431762695,34.549407958984375,34.23889923095703,34.23889923095703,34.70465850830078,34.549407958984375,,35.015167236328125,35.29462432861328,
2026-06-07 23:27:45,,,,,,,,32.900997161865234,,,,,
2026-06-07 23:28:06,34.549407958984375,34.23889923095703,34.3941535949707,34.3941535949707,34.3941535949707,34.70465850830078,34.70465850830078,34.3941535949707,34.549407958984375,,35.29462432861328,35.57408142089844,
2026-06-07 23:28:32,,,,,,,,32.11845016479492,,,,,
2026-06-07 23:28:36,34.08364486694336,33.92839431762695,33.61788558959961,33.92839431762695,34.23889923095703,34.549407958984375,33.77313995361328,34.3941535949707,34.3941535949707,,34.85991287231445,35.1548957824707,
2026-06-07 23:29:04,,,,,,,,32.64845657348633,,,,,
2026-06-07 23:29:10,34.549407958984375,34.23889923095703,34.23889923095703,34.08364486694336,34.23889923095703,34.549407958984375,34.08364486694336,34.549407958984375,34.70465850830078,,35.29462432861328,35.29462432861328,
2026-06-07 23:29:34,,,,,,,,32.13707733154297,,,,,
2026-06-07 23:29:41,34.3941535949707,34.3941535949707,33.92839431762695,34.3941535949707,33.61788558959961,34.3941535949707,34.549407958984375,34.23889923095703,34.85991287231445,,35.015167236328125,35.015167236328125,
2026-06-07 23:30:05,,,,,,,,31.865886688232422,,,,,
2026-06-07 23:30:15,34.08364486694336,34.3941535949707,34.08364486694336,34.3941535949707,34.08364486694336,34.3941535949707,34.85991287231445,34.23889923095703,34.08364486694336,,35.1548957824707,35.1548957824707,
2026-06-07 23:30:38,,,,,,,,33.172325134277344,,,,,
2026-06-07 23:30:48,34.549407958984375,33.77313995361328,34.23889923095703,34.85991287231445,34.3941535949707,34.08364486694336,34.70465850830078,34.3941535949707,35.015167236328125,,35.1548957824707,35.29462432861328,
2026-06-07 23:31:11,,,,,,,,33.58642578125,,,,,
2026-06-07 23:31:21,33.61788558959961,33.61788558959961,34.08364486694336,34.08364486694336,33.46263122558594,34.08364486694336,34.08364486694336,33.46263122558594,34.549407958984375,,35.015167236328125,35.015167236328125,
2026-06-07 23:31:42,,,,,,,,33.15977478027344,,,,,
2026-06-07 23:31:54,33.92839431762695,34.08364486694336,33.77313995361328,33.77313995361328,33.77313995361328,34.549407958984375,34.23889923095703,33.77313995361328,34.08364486694336,,35.015167236328125,34.85991287231445,
2026-06-07 23:32:16,,,,,,,,33.58642578125,,,,,
2026-06-07 23:32:24,34.3941535949707,34.08364486694336,33.77313995361328,34.3941535949707,34.08364486694336,34.08364486694336,34.23889923095703,33.92839431762695,34.3941535949707,,35.1548957824707,35.1548957824707,
2026-06-07 23:32:51,,,,,,,,33.580116271972656,,,,,
2026-06-07 23:32:56,35.015167236328125,34.3941535949707,34.08364486694336,34.23889923095703,34.23889923095703,34.549407958984375,34.70465850830078,34.23889923095703,34.549407958984375,,35.015167236328125,35.015167236328125,
2026-06-07 23:33:36,33.92839431762695,34.08364486694336,33.77313995361328,34.08364486694336,33.46263122558594,34.08364486694336,34.08364486694336,34.08364486694336,34.3941535949707,,35.015167236328125,35.015167236328125,
2026-06-07 23:33:37,,,,,,,,33.37308120727539,,,,,
2026-06-07 23:33:59,34.3941535949707,34.23889923095703,33.61788558959961,34.08364486694336,33.92839431762695,34.23889923095703,34.549407958984375,34.3941535949707,33.77313995361328,,34.85991287231445,34.85991287231445,
2026-06-07 23:34:10,,,,,,,,34.20757293701172,,,,,
2026-06-07 23:34:32,34.549407958984375,34.70465850830078,33.61788558959961,34.3941535949707,34.08364486694336,34.23889923095703,33.77313995361328,34.3941535949707,34.3941535949707,,35.015167236328125,35.29462432861328,
2026-06-07 23:34:43,,,,,,,,33.17858123779297,,,,,
2026-06-07 23:35:04,34.08364486694336,34.08364486694336,33.61788558959961,34.23889923095703,34.08364486694336,34.23889923095703,34.3941535949707,34.08364486694336,34.549407958984375,,34.85991287231445,35.015167236328125,
2026-06-07 23:35:14,,,,,,,,34.20757293701172,,,,,
2026-06-07 23:35:35,34.70465850830078,34.08364486694336,33.77313995361328,33.92839431762695,34.08364486694336,34.3941535949707,34.23889923095703,33.46263122558594,34.549407958984375,,34.85991287231445,35.29462432861328,
2026-06-07 23:35:47,,,,,,,,33.17858123779297,,,,,
2026-06-07 23:36:07,35.015167236328125,34.08364486694336,34.23889923095703,34.549407958984375,33.77313995361328,34.23889923095703,33.77313995361328,34.3941535949707,34.70465850830078,,35.1548957824707,35.015167236328125,
2026-06-07 23:36:18,,,,,,,,33.592708587646484,,,,,
2026-06-07 23:36:38,34.3941535949707,34.23889923095703,33.92839431762695,33.46263122558594,33.61788558959961,34.23889923095703,34.70465850830078,33.92839431762695,34.85991287231445,,35.015167236328125,35.015167236328125,
2026-06-07 23:36:49,,,,,,,,33.592708587646484,,,,,
2026-06-07 23:37:09,34.549407958984375,34.23889923095703,33.77313995361328,34.3941535949707,33.92839431762695,34.23889923095703,34.3941535949707,34.23889923095703,34.3941535949707,,35.015167236328125,35.015167236328125,
2026-06-07 23:37:22,,,,,,,,33.58642578125,,,,,
2026-06-07 23:37:40,34.85991287231445,34.08364486694336,34.3941535949707,34.549407958984375,34.23889923095703,34.549407958984375,34.23889923095703,34.3941535949707,34.3941535949707,,35.1548957824707,35.29462432861328,
2026-06-07 23:37:56,,,,,,,,33.37937545776367,,,,,
2026-06-07 23:38:10,34.549407958984375,34.3941535949707,34.23889923095703,34.08364486694336,34.3941535949707,34.08364486694336,34.70465850830078,34.549407958984375,34.549407958984375,,35.1548957824707,35.29462432861328,
2026-06-07 23:38:38,,,,,,,,33.58642578125,,,,,
2026-06-07 23:38:43,34.08364486694336,33.61788558959961,33.46263122558594,33.77313995361328,33.92839431762695,33.92839431762695,34.08364486694336,33.61788558959961,34.23889923095703,,34.70465850830078,34.70465850830078,
2026-06-07 23:39:10,,,,,,,,33.799774169921875,,,,,
2026-06-07 23:39:17,33.92839431762695,33.307376861572266,33.77313995361328,33.77313995361328,34.23889923095703,34.549407958984375,34.08364486694336,34.08364486694336,34.23889923095703,,34.85991287231445,34.85991287231445,
2026-06-07 23:39:42,,,,,,,,33.79347229003906,,,,,
2026-06-07 23:39:48,34.549407958984375,33.92839431762695,34.3941535949707,33.92839431762695,34.3941535949707,33.92839431762695,34.3941535949707,34.23889923095703,34.3941535949707,,35.015167236328125,35.015167236328125,
2026-06-07 23:40:14,,,,,,,,33.37937545776367,,,,,
2026-06-07 23:40:22,34.23889923095703,34.549407958984375,34.08364486694336,34.23889923095703,34.3941535949707,33.92839431762695,34.3941535949707,33.92839431762695,34.85991287231445,,35.29462432861328,35.29462432861328,
2026-06-07 23:40:47,,,,,,,,34.22024154663086,,,,,
2026-06-07 23:40:53,34.549407958984375,34.23889923095703,33.46263122558594,34.08364486694336,33.92839431762695,34.08364486694336,34.23889923095703,34.3941535949707,34.85991287231445,,35.1548957824707,35.29462432861328,
2026-06-07 23:41:18,,,,,,,,32.40209197998047,,,,,
2026-06-07 23:41:23,35.015167236328125,34.23889923095703,33.92839431762695,34.23889923095703,33.77313995361328,34.08364486694336,34.3941535949707,34.3941535949707,34.3941535949707,,35.1548957824707,35.29462432861328,
2026-06-07 23:41:50,,,,,,,,32.14946365356445,,,,,
2026-06-07 23:41:59,34.85991287231445,34.08364486694336,33.77313995361328,34.3941535949707,34.08364486694336,33.92839431762695,34.23889923095703,34.23889923095703,34.549407958984375,,35.015167236328125,35.29462432861328,
2026-06-07 23:42:22,,,,,,,,32.66092300415039,,,,,
2026-06-07 23:42:32,34.3941535949707,33.61788558959961,33.61788558959961,33.92839431762695,33.61788558959961,33.92839431762695,34.23889923095703,34.08364486694336,34.3941535949707,,34.85991287231445,35.015167236328125,
2026-06-07 23:42:53,,,,,,,,32.66716003417969,,,,,
2026-06-07 23:43:04,34.549407958984375,33.46263122558594,34.23889923095703,34.3941535949707,33.77313995361328,34.23889923095703,34.23889923095703,34.549407958984375,34.70465850830078,,35.1548957824707,35.29462432861328,
2026-06-07 23:43:40,,,,,,,,31.625606536865234,,,,,
2026-06-07 23:43:41,34.85991287231445,33.92839431762695,33.92839431762695,34.3941535949707,34.3941535949707,33.46263122558594,34.23889923095703,34.85991287231445,34.85991287231445,,35.1548957824707,35.29462432861328,
2026-06-07 23:44:10,,,,,,,,33.17858123779297,,,,,
2026-06-07 23:44:16,34.08364486694336,33.61788558959961,33.77313995361328,34.08364486694336,33.92839431762695,33.92839431762695,34.08364486694336,33.77313995361328,34.3941535949707,,34.85991287231445,35.1548957824707,
2026-06-07 23:44:42,,,,,,,,32.66716003417969,,,,,
2026-06-07 23:44:47,34.08364486694336,34.23889923095703,33.77313995361328,33.92839431762695,34.23889923095703,34.08364486694336,34.3941535949707,34.23889923095703,34.23889923095703,,35.015167236328125,35.015167236328125,
2026-06-07 23:45:12,,,,,,,,32.66092300415039,,,,,
2026-06-07 23:45:19,34.08364486694336,34.08364486694336,34.08364486694336,34.08364486694336,34.3941535949707,34.08364486694336,34.08364486694336,34.23889923095703,34.549407958984375,,35.015167236328125,35.015167236328125,
2026-06-07 23:45:43,,,,,,,,32.91975402832031,,,,,
2026-06-07 23:45:52,34.08364486694336,33.92839431762695,33.92839431762695,33.92839431762695,33.92839431762695,34.08364486694336,34.08364486694336,34.08364486694336,34.23889923095703,,35.1548957824707,35.015167236328125,
2026-06-07 23:46:13,,,,,,,,33.17858123779297,,,,,
2026-06-07 23:46:26,34.85991287231445,34.08364486694336,33.77313995361328,33.92839431762695,34.85991287231445,34.23889923095703,34.23889923095703,33.92839431762695,33.92839431762695,,35.1548957824707,35.1548957824707,
2026-06-07 23:46:43,,,,,,,,33.184852600097656,,,,,
2026-06-07 23:46:57,34.549407958984375,33.92839431762695,34.08364486694336,33.92839431762695,34.08364486694336,34.23889923095703,34.08364486694336,34.08364486694336,34.70465850830078,,35.29462432861328,35.015167236328125,
2026-06-07 23:47:15,,,,,,,,32.66716003417969,,,,,
2026-06-07 23:47:29,34.549407958984375,34.23889923095703,34.3941535949707,34.3941535949707,33.77313995361328,34.3941535949707,34.549407958984375,34.08364486694336,34.70465850830078,,35.1548957824707,35.1548957824707,
2026-06-07 23:47:47,,,,,,,,32.4145393371582,,,,,
2026-06-07 23:48:03,34.23889923095703,33.46263122558594,33.46263122558594,33.92839431762695,34.23889923095703,33.92839431762695,34.3941535949707,34.3941535949707,34.549407958984375,,35.015167236328125,35.015167236328125,
2026-06-07 23:48:31,,,,,,,,32.40209197998047,,,,,
2026-06-07 23:48:42,33.77313995361328,33.15212631225586,33.46263122558594,34.3941535949707,33.15212631225586,34.23889923095703,34.08364486694336,33.61788558959961,34.08364486694336,,34.70465850830078,35.015167236328125,
2026-06-07 23:48:51,,,,,,,,32.66716003417969,,,,,
2026-06-07 23:49:15,33.61788558959961,33.77313995361328,34.08364486694336,33.92839431762695,33.77313995361328,33.46263122558594,33.92839431762695,33.77313995361328,34.70465850830078,,34.549407958984375,34.85991287231445,
2026-06-07 23:49:24,,,,,,,,32.92600631713867,,,,,
2026-06-07 23:49:47,34.23889923095703,34.3941535949707,33.92839431762695,34.23889923095703,34.23889923095703,34.70465850830078,34.549407958984375,34.08364486694336,34.70465850830078,,35.1548957824707,35.29462432861328,
2026-06-07 23:49:54,,,,,,,,32.14326477050781,,,,,
2026-06-07 23:50:20,34.70465850830078,33.92839431762695,33.77313995361328,34.549407958984375,34.3941535949707,34.70465850830078,34.3941535949707,34.23889923095703,34.549407958984375,,35.1548957824707,35.43435287475586,
2026-06-07 23:50:25,,,,,,,,32.40830993652344,,,,,
2026-06-07 23:50:55,34.549407958984375,34.85991287231445,33.77313995361328,34.3941535949707,34.3941535949707,34.549407958984375,34.549407958984375,34.23889923095703,34.85991287231445,,35.29462432861328,35.71380615234375,
2026-06-07 23:50:56,,,,,,,,32.40830993652344,,,,,
2026-06-07 23:51:27,,,,,,,,33.85678482055664,,,,,
2026-06-07 23:51:28,34.549407958984375,34.08364486694336,33.61788558959961,33.92839431762695,33.77313995361328,34.70465850830078,34.3941535949707,34.549407958984375,35.015167236328125,,35.1548957824707,35.29462432861328,
2026-06-07 23:51:59,,,,,,,,33.391929626464844,,,,,
2026-06-07 23:52:00,34.3941535949707,33.92839431762695,33.61788558959961,34.08364486694336,34.3941535949707,34.3941535949707,34.3941535949707,33.92839431762695,34.549407958984375,,35.1548957824707,35.1548957824707,
2026-06-07 23:52:32,,,,,,,,33.59900665283203,,,,,
2026-06-07 23:52:32,34.08364486694336,34.549407958984375,33.77313995361328,34.23889923095703,34.85991287231445,34.549407958984375,34.549407958984375,34.08364486694336,34.549407958984375,,35.43435287475586,35.43435287475586,
2026-06-07 23:53:02,,,,,,,,33.85678482055664,,,,,
2026-06-07 23:53:02,34.70465850830078,34.549407958984375,34.3941535949707,34.3941535949707,34.23889923095703,34.70465850830078,34.549407958984375,34.23889923095703,34.549407958984375,,35.29462432861328,35.43435287475586,
2026-06-07 23:53:45,35.015167236328125,34.23889923095703,34.23889923095703,34.08364486694336,34.23889923095703,34.23889923095703,34.08364486694336,34.549407958984375,35.1548957824707,,35.1548957824707,35.29462432861328,
2026-06-07 23:53:46,,,,,,,,33.38564682006836,,,,,
2026-06-07 23:54:05,34.70465850830078,33.92839431762695,33.61788558959961,34.08364486694336,34.70465850830078,34.549407958984375,34.23889923095703,34.08364486694336,34.23889923095703,,35.1548957824707,35.015167236328125,
2026-06-07 23:54:17,,,,,,,,33.59900665283203,,,,,
2026-06-07 23:54:36,33.92839431762695,34.549407958984375,34.3941535949707,33.92839431762695,34.3941535949707,34.3941535949707,34.23889923095703,34.70465850830078,34.70465850830078,,35.29462432861328,35.29462432861328,
2026-06-07 23:54:48,,,,,,,,33.80608367919922,,,,,
2026-06-07 23:55:07,34.549407958984375,34.549407958984375,33.77313995361328,34.549407958984375,34.70465850830078,34.70465850830078,34.70465850830078,34.70465850830078,34.70465850830078,,35.29462432861328,35.43435287475586,
2026-06-07 23:55:19,,,,,,,,33.6348991394043,,,,,
2026-06-07 23:55:40,35.1548957824707,34.70465850830078,33.46263122558594,34.549407958984375,35.1548957824707,34.85991287231445,34.3941535949707,34.70465850830078,34.85991287231445,,35.43435287475586,35.43435287475586,
2026-06-07 23:55:53,,,,,,,,33.38564682006836,,,,,
2026-06-07 23:56:10,34.70465850830078,34.70465850830078,34.549407958984375,34.08364486694336,34.549407958984375,34.70465850830078,34.3941535949707,34.549407958984375,34.23889923095703,,35.43435287475586,35.29462432861328,
2026-06-07 23:56:25,,,,,,,,33.6348991394043,,,,,
2026-06-07 23:56:44,34.08364486694336,33.92839431762695,33.77313995361328,34.08364486694336,34.3941535949707,34.23889923095703,33.77313995361328,34.08364486694336,34.23889923095703,,35.015167236328125,35.1548957824707,
2026-06-07 23:56:56,,,,,,,,33.391929626464844,,,,,
2026-06-07 23:57:17,34.08364486694336,34.549407958984375,33.92839431762695,34.08364486694336,34.70465850830078,34.70465850830078,34.08364486694336,34.70465850830078,34.3941535949707,,35.1548957824707,35.1548957824707,
2026-06-07 23:57:28,,,,,,,,33.191131591796875,,,,,
2026-06-07 23:57:48,34.549407958984375,34.08364486694336,33.92839431762695,34.23889923095703,34.23889923095703,34.70465850830078,34.3941535949707,33.92839431762695,34.70465850830078,,35.015167236328125,35.29462432861328,
2026-06-07 23:58:01,,,,,,,,32.91975402832031,,,,,
2026-06-07 23:58:19,34.3941535949707,34.08364486694336,34.23889923095703,33.92839431762695,33.92839431762695,34.85991287231445,34.549407958984375,34.23889923095703,34.70465850830078,,35.29462432861328,35.1548957824707,
2026-06-07 23:58:48,,,,,,,,33.391929626464844,,,,,
2026-06-07 23:58:49,34.85991287231445,34.549407958984375,33.61788558959961,34.549407958984375,34.08364486694336,34.85991287231445,34.08364486694336,34.23889923095703,34.549407958984375,,35.29462432861328,35.1548957824707,
2026-06-07 23:59:18,,,,,,,,33.59900665283203,,,,,
2026-06-07 23:59:19,34.23889923095703,34.23889923095703,33.307376861572266,34.549407958984375,34.08364486694336,34.549407958984375,34.23889923095703,34.08364486694336,34.3941535949707,,35.015167236328125,35.015167236328125,
2026-06-07 23:59:50,,,,,,,,33.80608367919922,,,,,
2026-06-07 23:59:51,33.92839431762695,34.3941535949707,34.08364486694336,34.23889923095703,34.23889923095703,33.77313995361328,34.23889923095703,34.08364486694336,34.08364486694336,,35.015167236328125,34.85991287231445,
2026-06-08 00:00:23,,,,,,,,33.6348991394043,,,,,
2026-06-08 00:00:24,34.3941535949707,33.46263122558594,34.08364486694336,33.61788558959961,34.3941535949707,34.08364486694336,34.08364486694336,34.08364486694336,34.23889923095703,,34.549407958984375,35.015167236328125,
2026-06-08 00:00:54,,,,,,,,33.391929626464844,,,,,
2026-06-08 00:00:55,35.1548957824707,34.08364486694336,34.23889923095703,34.70465850830078,33.92839431762695,34.08364486694336,33.92839431762695,34.70465850830078,34.85991287231445,,35.015167236328125,35.1548957824707,
2026-06-08 00:01:29,,,,,,,,32.14326477050781,,,,,
2026-06-08 00:01:30,34.549407958984375,34.23889923095703,33.77313995361328,34.3941535949707,33.77313995361328,34.08364486694336,34.08364486694336,34.08364486694336,34.23889923095703,,35.015167236328125,35.015167236328125,
2026-06-08 00:02:02,,,,,,,,33.184852600097656,,,,,
2026-06-08 00:02:03,34.549407958984375,34.70465850830078,34.08364486694336,34.549407958984375,34.3941535949707,33.46263122558594,34.23889923095703,34.23889923095703,34.549407958984375,,35.1548957824707,35.015167236328125,
2026-06-08 00:02:34,,,,,,,,32.673404693603516,,,,,
2026-06-08 00:02:34,34.3941535949707,34.3941535949707,34.08364486694336,34.08364486694336,33.92839431762695,34.08364486694336,34.08364486694336,34.23889923095703,34.3941535949707,,35.015167236328125,35.015167236328125,
2026-06-08 00:03:05,,,,,,,,33.191131591796875,,,,,
2026-06-08 00:03:05,33.92839431762695,34.3941535949707,33.77313995361328,34.549407958984375,33.77313995361328,33.77313995361328,33.77313995361328,34.3941535949707,34.3941535949707,,35.1548957824707,35.1548957824707,
2026-06-08 00:03:50,34.08364486694336,34.549407958984375,34.3941535949707,34.549407958984375,34.23889923095703,33.46263122558594,34.23889923095703,34.549407958984375,34.23889923095703,,35.015167236328125,35.29462432861328,
2026-06-08 00:03:50,,,,,,,,32.15567398071289,,,,,
2026-06-08 00:04:11,34.70465850830078,34.23889923095703,34.23889923095703,34.23889923095703,33.92839431762695,34.08364486694336,33.77313995361328,34.70465850830078,34.549407958984375,,35.1548957824707,35.1548957824707,
2026-06-08 00:04:23,,,,,,,,32.673404693603516,,,,,
2026-06-08 00:04:45,34.3941535949707,34.3941535949707,33.77313995361328,34.70465850830078,33.92839431762695,34.3941535949707,34.23889923095703,34.549407958984375,34.3941535949707,,35.015167236328125,35.015167236328125,
2026-06-08 00:04:56,,,,,,,,32.673404693603516,,,,,
2026-06-08 00:05:17,34.549407958984375,34.549407958984375,34.23889923095703,34.08364486694336,34.3941535949707,34.08364486694336,34.23889923095703,34.3941535949707,34.23889923095703,,35.015167236328125,35.29462432861328,
2026-06-08 00:05:29,,,,,,,,32.4145393371582,,,,,
2026-06-08 00:05:47,34.3941535949707,34.3941535949707,34.3941535949707,34.08364486694336,34.08364486694336,34.3941535949707,34.3941535949707,34.23889923095703,35.015167236328125,,35.1548957824707,35.29462432861328,
2026-06-08 00:05:59,,,,,,,,32.161869049072266,,,,,
2026-06-08 00:06:20,34.85991287231445,34.3941535949707,33.77313995361328,34.23889923095703,33.46263122558594,33.92839431762695,34.3941535949707,34.70465850830078,34.3941535949707,,35.1548957824707,35.29462432861328,
2026-06-08 00:06:33,,,,,,,,32.93226623535156,,,,,
2026-06-08 00:06:54,34.3941535949707,34.549407958984375,33.307376861572266,34.08364486694336,33.61788558959961,33.92839431762695,34.23889923095703,33.77313995361328,34.23889923095703,,34.85991287231445,35.015167236328125,
2026-06-08 00:07:03,,,,,,,,33.191131591796875,,,,,
2026-06-08 00:07:28,34.3941535949707,34.85991287231445,34.3941535949707,34.3941535949707,34.3941535949707,34.23889923095703,34.23889923095703,34.70465850830078,34.23889923095703,,35.29462432861328,35.29462432861328,
2026-06-08 00:07:35,,,,,,,,32.93226623535156,,,,,
2026-06-08 00:07:58,34.549407958984375,34.23889923095703,34.08364486694336,33.61788558959961,34.3941535949707,34.70465850830078,33.92839431762695,33.92839431762695,34.3941535949707,,35.015167236328125,35.1548957824707,
2026-06-08 00:08:07,,,,,,,,32.673404693603516,,,,,
2026-06-08 00:08:52,34.3941535949707,34.549407958984375,33.77313995361328,34.549407958984375,34.3941535949707,34.23889923095703,34.08364486694336,34.08364486694336,34.549407958984375,,35.43435287475586,35.29462432861328,
2026-06-08 00:08:52,,,,,,,,32.679630279541016,,,,,
2026-06-08 00:09:14,35.015167236328125,33.92839431762695,33.77313995361328,34.70465850830078,33.92839431762695,34.3941535949707,34.08364486694336,34.549407958984375,34.23889923095703,,35.1548957824707,35.1548957824707,
2026-06-08 00:09:28,,,,,,,,32.92600631713867,,,,,
2026-06-08 00:09:46,33.61788558959961,33.46263122558594,33.92839431762695,34.08364486694336,33.92839431762695,33.92839431762695,34.23889923095703,33.92839431762695,34.08364486694336,,35.015167236328125,34.70465850830078,
2026-06-08 00:09:58,,,,,,,,33.191131591796875,,,,,
2026-06-08 00:10:19,34.3941535949707,33.92839431762695,34.549407958984375,34.23889923095703,34.23889923095703,34.3941535949707,34.3941535949707,33.77313995361328,34.70465850830078,,35.1548957824707,35.29462432861328,
2026-06-08 00:10:29,,,,,,,,32.679630279541016,,,,,
2026-06-08 00:10:50,34.08364486694336,33.92839431762695,33.77313995361328,34.23889923095703,34.23889923095703,34.23889923095703,34.549407958984375,33.92839431762695,34.3941535949707,,35.1548957824707,34.85991287231445,
2026-06-08 00:11:01,,,,,,,,32.673404693603516,,,,,
2026-06-08 00:11:22,34.549407958984375,33.46263122558594,33.92839431762695,34.08364486694336,34.08364486694336,33.61788558959961,33.92839431762695,33.77313995361328,34.08364486694336,,34.85991287231445,35.015167236328125,
2026-06-08 00:11:32,,,,,,,,31.89681053161621,,,,,
2026-06-08 00:11:54,34.23889923095703,33.92839431762695,33.92839431762695,34.08364486694336,33.92839431762695,34.08364486694336,34.08364486694336,34.3941535949707,34.85991287231445,,34.85991287231445,35.1548957824707,
2026-06-08 00:12:04,,,,,,,,32.4145393371582,,,,,
2026-06-08 00:12:29,34.08364486694336,34.23889923095703,33.92839431762695,34.08364486694336,34.23889923095703,34.08364486694336,35.1548957824707,34.23889923095703,34.08364486694336,,35.1548957824707,35.1548957824707,
2026-06-08 00:12:37,,,,,,,,32.4362907409668,,,,,
2026-06-08 00:12:59,33.92839431762695,33.77313995361328,34.23889923095703,33.92839431762695,34.23889923095703,34.08364486694336,34.23889923095703,33.92839431762695,33.92839431762695,,35.015167236328125,35.1548957824707,
2026-06-08 00:13:08,,,,,,,,32.94789505004883,,,,,
2026-06-08 00:13:43,,,,,,,,31.659515380859375,,,,,
2026-06-08 00:13:53,34.08364486694336,33.77313995361328,34.08364486694336,34.549407958984375,33.92839431762695,33.92839431762695,34.549407958984375,34.3941535949707,34.23889923095703,,35.015167236328125,34.85991287231445,
2026-06-08 00:14:16,,,,,,,,31.89681053161621,,,,,
2026-06-08 00:14:16,34.3941535949707,34.08364486694336,34.70465850830078,34.549407958984375,33.92839431762695,34.23889923095703,34.3941535949707,33.77313995361328,35.015167236328125,,35.015167236328125,35.1548957824707,
2026-06-08 00:14:49,,,,,,,,33.191131591796875,,,,,
2026-06-08 00:14:50,34.08364486694336,33.92839431762695,34.549407958984375,33.92839431762695,34.3941535949707,34.70465850830078,34.549407958984375,34.08364486694336,35.015167236328125,,35.29462432861328,35.43435287475586,
2026-06-08 00:15:21,,,,,,,,32.17116928100586,,,,,
2026-06-08 00:15:22,34.23889923095703,34.3941535949707,34.08364486694336,33.61788558959961,34.08364486694336,34.85991287231445,34.23889923095703,34.08364486694336,34.3941535949707,,35.015167236328125,35.1548957824707,
2026-06-08 00:15:53,,,,,,,,32.4145393371582,,,,,
2026-06-08 00:15:54,34.23889923095703,34.23889923095703,34.3941535949707,33.61788558959961,34.3941535949707,34.23889923095703,34.23889923095703,34.08364486694336,35.015167236328125,,35.015167236328125,35.29462432861328,
2026-06-08 00:16:26,,,,,,,,32.42074966430664,,,,,
2026-06-08 00:16:26,34.3941535949707,33.307376861572266,34.3941535949707,34.3941535949707,34.23889923095703,34.08364486694336,34.549407958984375,34.08364486694336,34.549407958984375,,35.29462432861328,35.29462432861328,
2026-06-08 00:16:59,,,,,,,,32.161869049072266,,,,,
2026-06-08 00:16:59,34.08364486694336,34.23889923095703,34.08364486694336,34.3941535949707,34.08364486694336,35.1548957824707,33.92839431762695,34.70465850830078,34.3941535949707,,35.1548957824707,35.29462432861328,
2026-06-08 00:17:32,,,,,,,,32.161869049072266,,,,,
2026-06-08 00:17:33,34.08364486694336,33.77313995361328,34.08364486694336,33.92839431762695,33.77313995361328,34.3941535949707,34.3941535949707,34.08364486694336,34.70465850830078,,35.1548957824707,35.29462432861328,
2026-06-08 00:18:05,,,,,,,,32.430076599121094,,,,,
2026-06-08 00:18:05,34.23889923095703,34.23889923095703,34.3941535949707,34.85991287231445,34.08364486694336,34.08364486694336,34.3941535949707,34.3941535949707,34.549407958984375,,35.29462432861328,35.57408142089844,
2026-06-08 00:18:54,34.549407958984375,33.77313995361328,34.08364486694336,34.08364486694336,34.23889923095703,34.3941535949707,34.23889923095703,33.77313995361328,34.08364486694336,,35.1548957824707,35.015167236328125,
2026-06-08 00:18:55,,,,,,,,32.4145393371582,,,,,
2026-06-08 00:19:19,34.08364486694336,33.92839431762695,34.23889923095703,34.23889923095703,34.23889923095703,34.23889923095703,34.08364486694336,34.08364486694336,34.08364486694336,,34.85991287231445,35.29462432861328,
2026-06-08 00:19:31,,,,,,,,32.430076599121094,,,,,
2026-06-08 00:19:50,34.3941535949707,34.08364486694336,34.3941535949707,34.549407958984375,33.92839431762695,34.85991287231445,34.23889923095703,34.3941535949707,34.70465850830078,,35.1548957824707,35.29462432861328,
2026-06-08 00:20:03,,,,,,,,32.17116928100586,,,,,
2026-06-08 00:20:22,33.61788558959961,34.23889923095703,33.77313995361328,34.08364486694336,33.77313995361328,34.23889923095703,33.92839431762695,33.92839431762695,34.3941535949707,,34.85991287231445,35.015167236328125,
2026-06-08 00:20:33,,,,,,,,32.94789505004883,,,,,
2026-06-08 00:20:53,34.3941535949707,34.23889923095703,34.08364486694336,33.61788558959961,33.92839431762695,34.549407958984375,33.61788558959961,34.23889923095703,33.77313995361328,,35.015167236328125,35.015167236328125,
2026-06-08 00:21:05,,,,,,,,33.20680236816406,,,,,
2026-06-08 00:21:24,34.08364486694336,34.23889923095703,34.08364486694336,33.61788558959961,34.3941535949707,34.08364486694336,33.61788558959961,34.23889923095703,34.70465850830078,,35.015167236328125,35.015167236328125,
2026-06-08 00:21:37,,,,,,,,33.4287223815918,,,,,
2026-06-08 00:21:54,34.70465850830078,33.92839431762695,34.08364486694336,33.77313995361328,34.08364486694336,34.3941535949707,33.92839431762695,34.08364486694336,34.23889923095703,,34.85991287231445,35.015167236328125,
2026-06-08 00:22:10,,,,,,,,33.87887191772461,,,,,
2026-06-08 00:22:26,33.92839431762695,33.77313995361328,33.61788558959961,33.77313995361328,34.08364486694336,34.3941535949707,34.08364486694336,33.77313995361328,34.70465850830078,,34.85991287231445,35.015167236328125,
2026-06-08 00:22:44,,,,,,,,33.65064239501953,,,,,
2026-06-08 00:22:59,33.92839431762695,33.15212631225586,33.61788558959961,33.92839431762695,33.61788558959961,34.23889923095703,33.92839431762695,33.307376861572266,34.549407958984375,,34.70465850830078,34.85991287231445,
2026-06-08 00:23:14,,,,,,,,33.65693664550781,,,,,
2026-06-08 00:23:30,34.23889923095703,33.46263122558594,33.61788558959961,33.61788558959961,33.92839431762695,34.08364486694336,33.92839431762695,34.08364486694336,34.08364486694336,,35.015167236328125,35.1548957824707,
2026-06-08 00:23:47,,,,,,,,33.872562408447266,,,,,
2026-06-08 00:24:02,34.70465850830078,34.23889923095703,34.08364486694336,34.08364486694336,33.92839431762695,33.92839431762695,34.23889923095703,34.08364486694336,34.23889923095703,,35.015167236328125,35.1548957824707,
2026-06-08 00:24:21,,,,,,,,33.86309051513672,,,,,
2026-06-08 00:24:35,35.015167236328125,34.23889923095703,33.92839431762695,34.23889923095703,34.08364486694336,35.015167236328125,34.23889923095703,34.23889923095703,34.549407958984375,,35.1548957824707,35.29462432861328,
2026-06-08 00:24:55,,,,,,,,33.86309051513672,,,,,
2026-06-08 00:25:05,34.549407958984375,34.08364486694336,34.08364486694336,34.3941535949707,33.92839431762695,34.23889923095703,33.92839431762695,34.549407958984375,34.70465850830078,,35.1548957824707,35.29462432861328,
2026-06-08 00:25:26,,,,,,,,33.86309051513672,,,,,
2026-06-08 00:25:39,34.549407958984375,34.23889923095703,34.3941535949707,34.549407958984375,34.23889923095703,34.85991287231445,33.77313995361328,34.3941535949707,34.549407958984375,,35.015167236328125,35.1548957824707,
2026-06-08 00:25:57,,,,,,,,33.872562408447266,,,,,
2026-06-08 00:26:10,34.3941535949707,34.23889923095703,34.08364486694336,34.23889923095703,34.23889923095703,34.3941535949707,33.77313995361328,33.77313995361328,34.3941535949707,,35.015167236328125,35.1548957824707,
2026-06-08 00:26:32,,,,,,,,33.65693664550781,,,,,
2026-06-08 00:26:40,34.23889923095703,34.23889923095703,34.23889923095703,33.77313995361328,33.77313995361328,34.549407958984375,33.92839431762695,34.549407958984375,34.3941535949707,,35.015167236328125,35.015167236328125,
2026-06-08 00:27:07,,,,,,,,33.19739532470703,,,,,
2026-06-08 00:27:12,34.23889923095703,33.92839431762695,34.3941535949707,34.08364486694336,34.3941535949707,34.3941535949707,34.3941535949707,34.08364486694336,34.549407958984375,,35.015167236328125,35.015167236328125,
2026-06-08 00:27:38,,,,,,,,33.65693664550781,,,,,
2026-06-08 00:27:43,34.23889923095703,33.61788558959961,33.61788558959961,34.23889923095703,33.92839431762695,34.3941535949707,34.23889923095703,34.3941535949707,35.015167236328125,,35.015167236328125,35.29462432861328,
2026-06-08 00:28:10,,,,,,,,33.64119338989258,,,,,
2026-06-08 00:28:15,34.23889923095703,33.77313995361328,34.23889923095703,33.77313995361328,33.92839431762695,34.549407958984375,34.08364486694336,34.3941535949707,34.549407958984375,,35.1548957824707,35.015167236328125,
2026-06-08 00:28:47,34.3941535949707,33.92839431762695,34.23889923095703,34.549407958984375,33.77313995361328,34.3941535949707,34.23889923095703,33.92839431762695,34.08364486694336,,35.1548957824707,35.015167236328125,
2026-06-08 00:28:50,,,,,,,,33.65064239501953,,,,,
2026-06-08 00:29:23,,,,,,,,33.435001373291016,,,,,
2026-06-08 00:29:24,34.08364486694336,34.08364486694336,34.549407958984375,34.08364486694336,33.92839431762695,34.23889923095703,34.85991287231445,34.3941535949707,34.85991287231445,,35.29462432861328,35.1548957824707,
2026-06-08 00:29:54,,,,,,,,33.435001373291016,,,,,
2026-06-08 00:29:54,34.3941535949707,33.92839431762695,34.08364486694336,34.08364486694336,34.08364486694336,34.23889923095703,34.08364486694336,34.23889923095703,34.85991287231445,,35.015167236328125,35.1548957824707,
2026-06-08 00:30:24,,,,,,,,33.65064239501953,,,,,
2026-06-08 00:30:25,34.70465850830078,34.23889923095703,33.77313995361328,34.3941535949707,33.61788558959961,34.23889923095703,34.85991287231445,34.3941535949707,34.70465850830078,,34.85991287231445,35.015167236328125,
2026-06-08 00:30:57,,,,,,,,33.435001373291016,,,,,
2026-06-08 00:30:58,33.92839431762695,33.92839431762695,33.92839431762695,33.46263122558594,33.61788558959961,33.77313995361328,34.549407958984375,33.77313995361328,34.70465850830078,,35.015167236328125,35.015167236328125,
2026-06-08 00:31:30,,,,,,,,33.20680236816406,,,,,
2026-06-08 00:31:30,34.70465850830078,34.08364486694336,34.08364486694336,34.3941535949707,34.23889923095703,34.70465850830078,34.70465850830078,34.08364486694336,34.85991287231445,,35.015167236328125,35.1548957824707,
2026-06-08 00:32:01,,,,,,,,32.430076599121094,,,,,
2026-06-08 00:32:01,34.70465850830078,34.08364486694336,33.61788558959961,33.92839431762695,34.08364486694336,34.3941535949707,33.92839431762695,33.92839431762695,34.3941535949707,,34.85991287231445,34.85991287231445,
2026-06-08 00:32:37,,,,,,,,32.4362907409668,,,,,
2026-06-08 00:32:37,34.85991287231445,33.77313995361328,33.77313995361328,33.92839431762695,34.23889923095703,34.3941535949707,33.61788558959961,34.08364486694336,34.549407958984375,,34.85991287231445,34.85991287231445,
2026-06-08 00:33:08,,,,,,,,32.430076599121094,,,,,
2026-06-08 00:33:08,34.70465850830078,33.61788558959961,33.46263122558594,33.46263122558594,33.61788558959961,34.3941535949707,33.92839431762695,33.77313995361328,34.85991287231445,,35.1548957824707,34.85991287231445,
2026-06-08 00:33:49,,,,,,,,33.21306610107422,,,,,
2026-06-08 00:33:50,34.549407958984375,34.08364486694336,34.08364486694336,34.3941535949707,34.549407958984375,34.85991287231445,34.08364486694336,34.08364486694336,34.70465850830078,,35.1548957824707,35.1548957824707,
2026-06-08 00:34:10,,,,,,,,33.20680236816406,,,,,
2026-06-08 00:34:20,34.23889923095703,33.77313995361328,33.61788558959961,33.92839431762695,33.61788558959961,34.08364486694336,34.23889923095703,33.92839431762695,34.3941535949707,,34.85991287231445,34.85991287231445,
2026-06-08 00:34:42,,,,,,,,32.430076599121094,,,,,
2026-06-08 00:34:53,34.70465850830078,33.46263122558594,33.61788558959961,34.23889923095703,33.61788558959961,34.23889923095703,34.23889923095703,33.61788558959961,34.549407958984375,,34.85991287231445,35.1548957824707,
2026-06-08 00:35:14,,,,,,,,32.4362907409668,,,,,
2026-06-08 00:35:25,34.85991287231445,34.08364486694336,34.08364486694336,34.3941535949707,33.92839431762695,34.70465850830078,34.85991287231445,34.23889923095703,34.549407958984375,,35.1548957824707,35.29462432861328,
2026-06-08 00:35:50,,,,,,,,32.4362907409668,,,,,
2026-06-08 00:35:58,34.3941535949707,33.77313995361328,33.307376861572266,34.23889923095703,34.23889923095703,34.23889923095703,34.23889923095703,33.61788558959961,34.08364486694336,,34.85991287231445,34.85991287231445,
2026-06-08 00:36:23,,,,,,,,31.902986526489258,,,,,
2026-06-08 00:36:29,34.549407958984375,34.08364486694336,34.08364486694336,34.08364486694336,34.23889923095703,34.3941535949707,34.3941535949707,34.23889923095703,34.85991287231445,,35.1548957824707,35.1548957824707,
2026-06-08 00:36:57,,,,,,,,32.679630279541016,,,,,
2026-06-08 00:37:04,34.3941535949707,33.92839431762695,33.77313995361328,33.92839431762695,34.3941535949707,34.23889923095703,34.549407958984375,33.61788558959961,34.85991287231445,,35.1548957824707,35.29462432861328,
2026-06-08 00:37:33,,,,,,,,33.19739532470703,,,,,
2026-06-08 00:37:36,34.3941535949707,33.61788558959961,33.46263122558594,33.92839431762695,34.23889923095703,34.3941535949707,34.85991287231445,33.92839431762695,34.85991287231445,,35.1548957824707,35.1548957824707,
2026-06-08 00:38:06,,,,,,,,31.65335464477539,,,,,
2026-06-08 00:38:07,35.015167236328125,34.23889923095703,34.549407958984375,34.23889923095703,34.3941535949707,34.70465850830078,34.23889923095703,35.015167236328125,34.70465850830078,,35.29462432861328,35.43435287475586,
2026-06-08 00:38:37,,,,,,,,32.94789505004883,,,,,
2026-06-08 00:38:51,34.08364486694336,34.08364486694336,33.92839431762695,34.23889923095703,33.61788558959961,34.23889923095703,34.23889923095703,34.08364486694336,34.23889923095703,,35.1548957824707,35.015167236328125,
2026-06-08 00:39:11,,,,,,,,32.94789505004883,,,,,
2026-06-08 00:39:23,34.549407958984375,33.77313995361328,33.77313995361328,34.23889923095703,34.23889923095703,34.3941535949707,34.549407958984375,34.08364486694336,34.549407958984375,,35.015167236328125,35.1548957824707,
2026-06-08 00:39:42,,,,,,,,32.94789505004883,,,,,
2026-06-08 00:39:54,33.92839431762695,34.549407958984375,33.77313995361328,34.23889923095703,33.46263122558594,33.61788558959961,34.08364486694336,34.3941535949707,34.3941535949707,,35.015167236328125,35.015167236328125,
2026-06-08 00:40:13,,,,,,,,32.17116928100586,,,,,
2026-06-08 00:40:24,34.549407958984375,34.08364486694336,33.61788558959961,34.23889923095703,33.92839431762695,33.77313995361328,34.3941535949707,34.3941535949707,34.70465850830078,,35.1548957824707,35.1548957824707,
2026-06-08 00:40:43,,,,,,,,32.938514709472656,,,,,
2026-06-08 00:40:59,34.549407958984375,33.61788558959961,34.3941535949707,34.23889923095703,33.61788558959961,34.08364486694336,34.08364486694336,34.3941535949707,34.549407958984375,,35.1548957824707,35.1548957824707,
2026-06-08 00:41:14,,,,,,,,31.918439865112305,,,,,
2026-06-08 00:41:31,33.92839431762695,34.23889923095703,33.77313995361328,34.23889923095703,33.77313995361328,33.92839431762695,33.77313995361328,34.23889923095703,33.77313995361328,,34.85991287231445,34.85991287231445,
2026-06-08 00:41:45,,,,,,,,34.10081100463867,,,,,
2026-06-08 00:42:01,34.08364486694336,34.3941535949707,33.61788558959961,34.549407958984375,34.3941535949707,34.08364486694336,33.77313995361328,34.23889923095703,34.23889923095703,,35.015167236328125,35.1548957824707,
2026-06-08 00:42:17,,,,,,,,33.660072326660156,,,,,
2026-06-08 00:42:31,34.70465850830078,34.23889923095703,34.23889923095703,34.08364486694336,34.23889923095703,34.549407958984375,33.77313995361328,34.23889923095703,34.23889923095703,,35.015167236328125,35.29462432861328,
2026-06-08 00:42:48,,,,,,,,33.65693664550781,,,,,
2026-06-08 00:43:02,34.23889923095703,34.08364486694336,33.77313995361328,33.92839431762695,34.08364486694336,34.3941535949707,34.3941535949707,34.08364486694336,33.92839431762695,,35.1548957824707,35.015167236328125,
2026-06-08 00:43:20,,,,,,,,33.43812942504883,,,,,
2026-06-08 00:43:35,34.3941535949707,33.307376861572266,33.77313995361328,33.92839431762695,33.46263122558594,34.23889923095703,33.77313995361328,33.92839431762695,33.92839431762695,,35.015167236328125,34.85991287231445,
2026-06-08 00:43:54,,,,,,,,32.954139709472656,,,,,
2026-06-08 00:44:08,33.92839431762695,33.61788558959961,33.92839431762695,33.77313995361328,34.08364486694336,33.92839431762695,34.70465850830078,34.08364486694336,34.08364486694336,,35.015167236328125,35.015167236328125,
2026-06-08 00:44:26,,,,,,,,33.65693664550781,,,,,
2026-06-08 00:44:40,34.23889923095703,34.3941535949707,33.61788558959961,33.92839431762695,33.92839431762695,33.92839431762695,34.08364486694336,34.23889923095703,34.3941535949707,,35.29462432861328,35.1548957824707,
2026-06-08 00:45:01,,,,,,,,33.65693664550781,,,,,
2026-06-08 00:45:12,34.23889923095703,33.92839431762695,34.08364486694336,34.23889923095703,33.46263122558594,34.23889923095703,33.92839431762695,34.549407958984375,34.08364486694336,,34.85991287231445,35.1548957824707,
2026-06-08 00:45:34,,,,,,,,33.660072326660156,,,,,
2026-06-08 00:45:46,34.23889923095703,33.307376861572266,34.23889923095703,34.3941535949707,33.77313995361328,34.23889923095703,34.08364486694336,34.08364486694336,34.85991287231445,,35.015167236328125,34.85991287231445,
2026-06-08 00:46:08,,,,,,,,33.66638946533203,,,,,
2026-06-08 00:46:17,34.70465850830078,34.23889923095703,34.23889923095703,33.77313995361328,33.61788558959961,34.3941535949707,33.92839431762695,34.3941535949707,34.23889923095703,,35.015167236328125,35.015167236328125,
2026-06-08 00:46:39,,,,,,,,33.435001373291016,,,,,
2026-06-08 00:46:49,33.92839431762695,33.77313995361328,33.92839431762695,33.92839431762695,33.61788558959961,34.08364486694336,34.08364486694336,34.549407958984375,33.92839431762695,,35.015167236328125,34.85991287231445,
2026-06-08 00:47:12,,,,,,,,33.8946647644043,,,,,
2026-06-08 00:47:22,34.08364486694336,33.92839431762695,33.92839431762695,34.08364486694336,33.307376861572266,33.77313995361328,34.08364486694336,33.92839431762695,34.08364486694336,,34.85991287231445,34.85991287231445,
2026-06-08 00:47:44,,,,,,,,32.957252502441406,,,,,
2026-06-08 00:47:55,34.549407958984375,34.08364486694336,33.77313995361328,34.08364486694336,34.08364486694336,33.92839431762695,34.08364486694336,34.549407958984375,34.3941535949707,,35.1548957824707,35.015167236328125,
2026-06-08 00:48:16,,,,,,,,33.435001373291016,,,,,
2026-06-08 00:48:26,34.08364486694336,33.77313995361328,33.61788558959961,34.3941535949707,34.08364486694336,33.92839431762695,34.08364486694336,34.3941535949707,33.77313995361328,,34.85991287231445,34.85991287231445,
2026-06-08 00:48:51,,,,,,,,33.65693664550781,,,,,
2026-06-08 00:49:08,34.08364486694336,33.92839431762695,33.61788558959961,34.23889923095703,33.46263122558594,34.23889923095703,34.23889923095703,34.70465850830078,34.08364486694336,,34.85991287231445,35.015167236328125,
2026-06-08 00:49:22,,,,,,,,33.22247314453125,,,,,
2026-06-08 00:49:28,34.3941535949707,34.70465850830078,33.77313995361328,34.23889923095703,33.92839431762695,34.549407958984375,34.23889923095703,34.549407958984375,34.3941535949707,,35.29462432861328,35.29462432861328,
2026-06-08 00:49:53,,,,,,,,33.435001373291016,,,,,
2026-06-08 00:50:01,34.08364486694336,34.08364486694336,33.61788558959961,33.92839431762695,34.08364486694336,33.61788558959961,34.3941535949707,34.23889923095703,34.85991287231445,,35.015167236328125,35.29462432861328,
2026-06-08 00:50:25,,,,,,,,33.22247314453125,,,,,
2026-06-08 00:50:33,33.77313995361328,33.92839431762695,33.46263122558594,34.08364486694336,34.23889923095703,34.23889923095703,34.23889923095703,34.70465850830078,34.549407958984375,,35.1548957824707,35.1548957824707,
2026-06-08 00:50:58,,,,,,,,33.65693664550781,,,,,
2026-06-08 00:51:03,34.549407958984375,34.3941535949707,33.46263122558594,34.3941535949707,34.08364486694336,34.70465850830078,34.23889923095703,34.70465850830078,34.70465850830078,,35.1548957824707,35.1548957824707,
2026-06-08 00:51:28,,,,,,,,32.43938446044922,,,,,
2026-06-08 00:51:35,34.23889923095703,34.3941535949707,33.61788558959961,34.3941535949707,34.08364486694336,34.08364486694336,34.3941535949707,33.92839431762695,34.23889923095703,,34.85991287231445,35.015167236328125,
2026-06-08 00:51:59,,,,,,,,33.22247314453125,,,,,
2026-06-08 00:52:07,33.77313995361328,33.77313995361328,33.307376861572266,34.08364486694336,34.23889923095703,34.08364486694336,33.92839431762695,34.08364486694336,34.23889923095703,,34.70465850830078,34.85991287231445,
2026-06-08 00:52:31,,,,,,,,33.44443130493164,,,,,
2026-06-08 00:52:38,33.77313995361328,34.08364486694336,33.92839431762695,33.92839431762695,34.23889923095703,34.549407958984375,34.23889923095703,34.3941535949707,34.549407958984375,,35.1548957824707,35.1548957824707,
2026-06-08 00:53:02,,,,,,,,33.22247314453125,,,,,
2026-06-08 00:53:10,34.08364486694336,34.08364486694336,33.92839431762695,34.08364486694336,33.92839431762695,34.3941535949707,34.08364486694336,34.08364486694336,34.70465850830078,,35.1548957824707,35.015167236328125,
2026-06-08 00:53:34,,,,,,,,33.66638946533203,,,,,
2026-06-08 00:53:41,33.92839431762695,33.77313995361328,33.92839431762695,33.15212631225586,33.92839431762695,34.23889923095703,34.23889923095703,34.23889923095703,34.70465850830078,,34.85991287231445,35.015167236328125,
2026-06-08 00:54:11,,,,,,,,33.2161865234375,,,,,
2026-06-08 00:54:12,34.23889923095703,33.61788558959961,34.08364486694336,34.23889923095703,34.08364486694336,34.08364486694336,34.23889923095703,34.549407958984375,34.08364486694336,,35.015167236328125,35.1548957824707,
2026-06-08 00:54:44,,,,,,,,33.45071792602539,,,,,
2026-06-08 00:54:44,34.23889923095703,34.08364486694336,33.92839431762695,34.08364486694336,34.08364486694336,34.3941535949707,34.23889923095703,34.23889923095703,34.549407958984375,,35.015167236328125,35.015167236328125,
2026-06-08 00:55:14,,,,,,,,32.71080780029297,,,,,
2026-06-08 00:55:15,34.70465850830078,34.3941535949707,34.549407958984375,34.08364486694336,34.3941535949707,34.08364486694336,34.549407958984375,34.3941535949707,35.015167236328125,,35.1548957824707,35.29462432861328,
2026-06-08 00:55:47,,,,,,,,33.672691345214844,,,,,
2026-06-08 00:55:48,34.3941535949707,33.77313995361328,33.307376861572266,33.92839431762695,34.08364486694336,33.77313995361328,34.08364486694336,34.08364486694336,34.70465850830078,,34.85991287231445,35.015167236328125,
2026-06-08 00:56:20,,,,,,,,32.96977615356445,,,,,
2026-06-08 00:56:20,33.77313995361328,33.92839431762695,33.92839431762695,34.08364486694336,33.77313995361328,33.92839431762695,33.92839431762695,33.46263122558594,34.23889923095703,,34.85991287231445,34.85991287231445,
2026-06-08 00:56:52,,,,,,,,33.22874450683594,,,,,
2026-06-08 00:56:53,34.3941535949707,34.08364486694336,34.3941535949707,33.77313995361328,34.23889923095703,33.92839431762695,34.85991287231445,34.3941535949707,35.015167236328125,,34.85991287231445,34.85991287231445,
2026-06-08 00:57:23,,,,,,,,33.45071792602539,,,,,
2026-06-08 00:57:24,34.3941535949707,33.92839431762695,33.92839431762695,35.015167236328125,34.3941535949707,34.08364486694336,34.3941535949707,34.549407958984375,34.549407958984375,,35.1548957824707,35.1548957824707,
2026-06-08 00:57:55,,,,,,,,33.45071792602539,,,,,
2026-06-08 00:57:55,33.92839431762695,34.08364486694336,33.77313995361328,33.92839431762695,34.23889923095703,33.92839431762695,33.92839431762695,34.549407958984375,34.70465850830078,,35.015167236328125,35.1548957824707,
2026-06-08 00:58:26,,,,,,,,33.45699691772461,,,,,
2026-06-08 00:58:27,34.549407958984375,34.3941535949707,34.549407958984375,34.3941535949707,34.3941535949707,34.3941535949707,34.23889923095703,34.08364486694336,35.1548957824707,,35.015167236328125,35.015167236328125,
2026-06-08 00:58:57,,,,,,,,33.8946647644043,,,,,
2026-06-08 00:58:58,34.3941535949707,34.23889923095703,33.92839431762695,33.92839431762695,34.23889923095703,34.23889923095703,34.08364486694336,34.85991287231445,34.549407958984375,,35.015167236328125,35.1548957824707,
2026-06-08 00:59:28,,,,,,,,33.22874450683594,,,,,
2026-06-08 00:59:29,33.92839431762695,34.08364486694336,34.08364486694336,34.23889923095703,33.92839431762695,34.08364486694336,33.92839431762695,33.92839431762695,34.3941535949707,,34.85991287231445,34.70465850830078,
2026-06-08 01:00:04,,,,,,,,33.22874450683594,,,,,
2026-06-08 01:00:04,34.549407958984375,33.77313995361328,33.92839431762695,34.23889923095703,34.23889923095703,34.08364486694336,34.08364486694336,33.92839431762695,35.015167236328125,,35.015167236328125,35.015167236328125,
2026-06-08 01:00:38,,,,,,,,33.45699691772461,,,,,
2026-06-08 01:00:38,34.23889923095703,34.23889923095703,33.61788558959961,34.3941535949707,33.77313995361328,34.3941535949707,34.549407958984375,33.61788558959961,34.23889923095703,,34.85991287231445,34.85991287231445,
2026-06-08 01:01:08,,,,,,,,33.8946647644043,,,,,
2026-06-08 01:01:08,34.3941535949707,34.08364486694336,33.92839431762695,34.3941535949707,34.08364486694336,33.92839431762695,34.3941535949707,34.08364486694336,34.3941535949707,,35.1548957824707,35.015167236328125,
2026-06-08 01:01:42,,,,,,,,34.116634368896484,,,,,
2026-06-08 01:01:43,34.08364486694336,34.23889923095703,34.08364486694336,34.23889923095703,34.3941535949707,34.08364486694336,34.08364486694336,34.08364486694336,34.549407958984375,,34.85991287231445,34.85991287231445,
2026-06-08 01:02:15,,,,,,,,33.22874450683594,,,,,
2026-06-08 01:02:16,33.92845916748047,33.92845916748047,33.46269607543945,34.23896789550781,34.54947280883789,34.08371353149414,34.08371353149414,34.08371353149414,34.70472717285156,,35.015235900878906,35.154964447021484,
2026-06-08 01:02:49,,,,,,,,33.8946647644043,,,,,
2026-06-08 01:02:49,33.92845916748047,33.46269607543945,33.30744171142578,33.617950439453125,33.92845916748047,34.70472717285156,34.08371353149414,34.08371353149414,34.54947280883789,,34.859981536865234,34.70472717285156,
2026-06-08 01:03:20,,,,,,,,33.235008239746094,,,,,
2026-06-08 01:03:20,34.08371353149414,33.92845916748047,33.30744171142578,33.617950439453125,34.39421844482422,34.70472717285156,34.08371353149414,34.23896789550781,34.54947280883789,,35.015235900878906,35.015235900878906,
2026-06-08 01:03:58,34.70472717285156,34.23896789550781,33.92845916748047,34.23896789550781,34.39421844482422,34.08371353149414,34.08371353149414,34.70472717285156,34.54947280883789,,35.154964447021484,35.154964447021484,
2026-06-08 01:04:02,,,,,,,,33.45699691772461,,,,,
2026-06-08 01:04:29,34.23899841308594,33.77323532104492,33.928489685058594,34.394248962402344,33.928489685058594,34.23899841308594,34.23899841308594,34.083744049072266,34.70475769042969,,35.15499496459961,35.01526641845703,
2026-06-08 01:04:34,,,,,,,,33.672691345214844,,,,,
2026-06-08 01:05:02,34.23899841308594,34.083744049072266,33.46272659301758,34.549503326416016,34.549503326416016,34.23899841308594,34.23899841308594,33.77323532104492,34.394248962402344,,35.01526641845703,35.01526641845703,
2026-06-08 01:05:06,,,,,,,,32.96977615356445,,,,,
2026-06-08 01:05:36,33.46272659301758,34.23899841308594,34.083744049072266,33.928489685058594,34.549503326416016,34.083744049072266,34.23899841308594,33.77323532104492,34.549503326416016,,34.86001205444336,34.86001205444336,
2026-06-08 01:05:39,,,,,,,,33.22874450683594,,,,,
2026-06-08 01:06:08,34.23899841308594,33.928489685058594,33.928489685058594,34.394248962402344,34.549503326416016,33.928489685058594,34.083744049072266,34.083744049072266,33.928489685058594,,35.29472351074219,35.01526641845703,
2026-06-08 01:06:10,,,,,,,,34.11030578613281,,,,,
2026-06-08 01:06:39,34.86001205444336,34.083744049072266,33.928489685058594,34.23899841308594,34.70475769042969,34.549503326416016,34.083744049072266,34.394248962402344,34.70475769042969,,35.15499496459961,35.29472351074219,
2026-06-08 01:06:41,,,,,,,,32.97602081298828,,,,,
2026-06-08 01:07:11,34.394248962402344,34.23899841308594,34.083744049072266,33.928489685058594,34.083744049072266,34.23899841308594,34.083744049072266,33.928489685058594,34.394248962402344,,35.01526641845703,35.15499496459961,
2026-06-08 01:07:14,,,,,,,,33.90097427368164,,,,,
2026-06-08 01:07:45,,,,,,,,34.116634368896484,,,,,
2026-06-08 01:07:46,33.928489685058594,33.77323532104492,32.99696350097656,34.394248962402344,33.77323532104492,34.549503326416016,33.77323532104492,33.77323532104492,34.083744049072266,,34.70475769042969,34.86001205444336,
2026-06-08 01:08:20,,,,,,,,33.45071792602539,,,,,
2026-06-08 01:08:20,33.46272659301758,33.77323532104492,33.928489685058594,33.928489685058594,34.549503326416016,34.083744049072266,34.23899841308594,34.083744049072266,34.549503326416016,,35.01526641845703,35.01526641845703,
2026-06-08 01:09:00,,,,,,,,33.45699691772461,,,,,
2026-06-08 01:09:00,34.083744049072266,33.928489685058594,33.77323532104492,34.394248962402344,34.083744049072266,33.928489685058594,33.928489685058594,34.23899841308594,34.23899841308594,,35.01526641845703,35.01526641845703,
2026-06-08 01:09:24,,,,,,,,33.672691345214844,,,,,
2026-06-08 01:09:35,34.70475769042969,33.77323532104492,33.77323532104492,34.394248962402344,33.928489685058594,34.549503326416016,34.70475769042969,34.083744049072266,34.86001205444336,,35.15499496459961,35.29472351074219,
2026-06-08 01:09:55,,,,,,,,33.45071792602539,,,,,
2026-06-08 01:10:06,34.083744049072266,33.61798095703125,33.77323532104492,34.549503326416016,34.23899841308594,33.928489685058594,34.083744049072266,34.083744049072266,34.394248962402344,,34.86001205444336,35.01526641845703,
2026-06-08 01:10:26,,,,,,,,33.24127960205078,,,,,
2026-06-08 01:10:36,33.928489685058594,33.61798095703125,33.77323532104492,34.083744049072266,33.61798095703125,33.928489685058594,33.46272659301758,33.46272659301758,34.23899841308594,,34.70475769042969,34.86001205444336,
2026-06-08 01:10:57,,,,,,,,33.678985595703125,,,,,
2026-06-08 01:11:08,34.083744049072266,34.083744049072266,34.083744049072266,34.394248962402344,34.083744049072266,34.083744049072266,34.083744049072266,34.23899841308594,34.083744049072266,,35.01526641845703,35.01526641845703,
2026-06-08 01:11:31,,,,,,,,33.45071792602539,,,,,
2026-06-08 01:11:42,34.394248962402344,34.083744049072266,34.23899841308594,34.23899841308594,34.394248962402344,33.928489685058594,34.083744049072266,34.70475769042969,35.01526641845703,,35.15499496459961,35.15499496459961,
2026-06-08 01:12:01,,,,,,,,34.116634368896484,,,,,
2026-06-08 01:12:13,34.23899841308594,34.394248962402344,33.928489685058594,34.70475769042969,34.549503326416016,33.928489685058594,34.549503326416016,33.928489685058594,34.083744049072266,,35.01526641845703,35.15499496459961,
2026-06-08 01:12:34,,,,,,,,32.982276916503906,,,,,
2026-06-08 01:12:48,33.928489685058594,33.61798095703125,33.46272659301758,34.394248962402344,34.23899841308594,33.77323532104492,34.083744049072266,34.23899841308594,33.77323532104492,,35.01526641845703,35.15499496459961,
2026-06-08 01:13:04,,,,,,,,33.678985595703125,,,,,
2026-06-08 01:13:20,34.394248962402344,34.23899841308594,33.928489685058594,34.86001205444336,33.928489685058594,34.549503326416016,34.083744049072266,34.23899841308594,35.01526641845703,,35.15499496459961,35.15499496459961,
2026-06-08 01:13:35,,,,,,,,33.8946647644043,,,,,
2026-06-08 01:14:01,34.083744049072266,34.083744049072266,33.928489685058594,34.23899841308594,34.23899841308594,34.083744049072266,34.23899841308594,33.928489685058594,34.394248962402344,,34.86001205444336,34.86001205444336,
2026-06-08 01:14:15,,,,,,,,33.24127960205078,,,,,
2026-06-08 01:14:32,33.77323532104492,34.083744049072266,33.928489685058594,34.23899841308594,34.23899841308594,33.928489685058594,34.083744049072266,34.394248962402344,34.549503326416016,,35.15499496459961,35.29472351074219,
2026-06-08 01:14:50,,,,,,,,33.46328353881836,,,,,
2026-06-08 01:15:04,34.86001205444336,34.394248962402344,33.61798095703125,35.01526641845703,34.70475769042969,33.77323532104492,34.23899841308594,34.70475769042969,35.01526641845703,,35.15499496459961,35.15499496459961,
2026-06-08 01:15:22,,,,,,,,33.45699691772461,,,,,
2026-06-08 01:15:34,34.23899841308594,33.61798095703125,33.307472229003906,34.23899841308594,33.928489685058594,34.23899841308594,34.394248962402344,34.394248962402344,34.549503326416016,,35.01526641845703,35.29472351074219,
2026-06-08 01:15:53,,,,,,,,33.68528747558594,,,,,
2026-06-08 01:16:06,34.549503326416016,33.928489685058594,33.928489685058594,34.083744049072266,33.928489685058594,34.083744049072266,34.23899841308594,34.549503326416016,34.86001205444336,,35.29472351074219,35.15499496459961,
2026-06-08 01:16:24,,,,,,,,33.907291412353516,,,,,
2026-06-08 01:16:38,34.23899841308594,33.928489685058594,33.928489685058594,34.86001205444336,33.928489685058594,34.083744049072266,34.083744049072266,34.394248962402344,34.549503326416016,,34.86001205444336,34.86001205444336,
2026-06-08 01:16:55,,,,,,,,33.678985595703125,,,,,
2026-06-08 01:17:08,34.083744049072266,33.928489685058594,33.307472229003906,34.394248962402344,33.61798095703125,33.928489685058594,34.549503326416016,33.77323532104492,33.77323532104492,,34.86001205444336,35.01526641845703,
2026-06-08 01:17:26,,,,,,,,33.235008239746094,,,,,
2026-06-08 01:17:40,34.86001205444336,34.549503326416016,34.394248962402344,34.394248962402344,34.394248962402344,34.23899841308594,34.549503326416016,34.394248962402344,34.86001205444336,,35.15499496459961,35.29472351074219,
2026-06-08 01:17:57,,,,,,,,33.68528747558594,,,,,
2026-06-08 01:18:12,34.083744049072266,34.394248962402344,34.083744049072266,35.01526641845703,34.23899841308594,33.928489685058594,34.70475769042969,33.77323532104492,34.394248962402344,,35.434452056884766,35.29472351074219,
2026-06-08 01:18:28,,,,,,,,33.46328353881836,,,,,
2026-06-08 01:18:43,34.394248962402344,33.77323532104492,34.23899841308594,34.70475769042969,34.083744049072266,34.083744049072266,33.928489685058594,34.70475769042969,34.86001205444336,,35.01526641845703,35.29472351074219,
2026-06-08 01:19:00,,,,,,,,33.68528747558594,,,,,
2026-06-08 01:19:17,34.394248962402344,34.23899841308594,34.23899841308594,34.549503326416016,34.083744049072266,34.394248962402344,34.549503326416016,34.23899841308594,34.549503326416016,,35.29472351074219,35.29472351074219,
2026-06-08 01:19:32,,,,,,,,32.97602081298828,,,,,
2026-06-08 01:19:51,34.23899841308594,33.61798095703125,33.46272659301758,34.23899841308594,33.77323532104492,34.23899841308594,33.928489685058594,33.61798095703125,33.928489685058594,,34.86001205444336,35.01526641845703,
2026-06-08 01:20:04,,,,,,,,33.46328353881836,,,,,
2026-06-08 01:20:22,34.549503326416016,34.083744049072266,34.394248962402344,34.23899841308594,34.083744049072266,33.928489685058594,33.77323532104492,34.70475769042969,34.549503326416016,,35.01526641845703,35.15499496459961,
2026-06-08 01:20:36,,,,,,,,33.46328353881836,,,,,
2026-06-08 01:20:54,34.70475769042969,33.928489685058594,33.928489685058594,34.394248962402344,34.083744049072266,34.083744049072266,34.083744049072266,34.23899841308594,34.083744049072266,,35.01526641845703,35.01526641845703,
2026-06-08 01:21:06,,,,,,,,32.982276916503906,,,,,
2026-06-08 01:21:26,33.307472229003906,34.083744049072266,33.77323532104492,33.61798095703125,33.61798095703125,34.23899841308594,33.77323532104492,34.394248962402344,33.77323532104492,,34.86001205444336,35.15499496459961,
2026-06-08 01:21:40,,,,,,,,33.24127960205078,,,,,
2026-06-08 01:22:00,34.083744049072266,33.46272659301758,33.46272659301758,33.61798095703125,33.928489685058594,33.77323532104492,33.928489685058594,34.23899841308594,34.083744049072266,,34.70475769042969,34.86001205444336,
2026-06-08 01:22:11,,,,,,,,32.470481872558594,,,,,
2026-06-08 01:22:31,33.928489685058594,33.928489685058594,33.77323532104492,34.23899841308594,34.394248962402344,33.928489685058594,34.23899841308594,34.70475769042969,34.083744049072266,,35.01526641845703,35.01526641845703,
2026-06-08 01:22:42,,,,,,,,33.253807067871094,,,,,
2026-06-08 01:23:04,34.23899841308594,34.083744049072266,33.307472229003906,33.77323532104492,33.61798095703125,34.23899841308594,34.083744049072266,33.928489685058594,33.77323532104492,,34.70475769042969,34.86001205444336,
2026-06-08 01:23:13,,,,,,,,33.235008239746094,,,,,
2026-06-08 01:23:36,33.77323532104492,33.77323532104492,33.307472229003906,34.394248962402344,33.928489685058594,34.083744049072266,33.77323532104492,33.61798095703125,34.083744049072266,,34.70475769042969,35.01526641845703,
2026-06-08 01:23:44,,,,,,,,32.7295036315918,,,,,
2026-06-08 01:24:17,34.394248962402344,33.46272659301758,33.61798095703125,34.083744049072266,33.928489685058594,33.928489685058594,33.46272659301758,34.394248962402344,33.77323532104492,,34.70475769042969,34.86001205444336,
2026-06-08 01:24:18,,,,,,,,33.46328353881836,,,,,
2026-06-08 01:24:37,33.928489685058594,33.928489685058594,33.61798095703125,33.928489685058594,33.77323532104492,34.083744049072266,33.61798095703125,34.083744049072266,33.77323532104492,,34.70475769042969,34.70475769042969,
2026-06-08 01:24:49,,,,,,,,32.982276916503906,,,,,
2026-06-08 01:25:09,33.928489685058594,33.77323532104492,33.61798095703125,33.928489685058594,33.928489685058594,33.77323532104492,33.928489685058594,34.23899841308594,34.083744049072266,,34.86001205444336,34.86001205444336,
2026-06-08 01:25:19,,,,,,,,32.97602081298828,,,,,
2026-06-08 01:25:41,34.083744049072266,34.083744049072266,33.77323532104492,34.23899841308594,34.23899841308594,34.23899841308594,34.23899841308594,34.23899841308594,33.77323532104492,,34.86001205444336,34.86001205444336,
2026-06-08 01:25:51,,,,,,,,32.988521575927734,,,,,
2026-06-08 01:26:12,33.928489685058594,33.77323532104492,33.61798095703125,33.46272659301758,33.46272659301758,33.46272659301758,33.152217864990234,33.61798095703125,33.77323532104492,,34.86001205444336,34.86001205444336,
2026-06-08 01:26:23,,,,,,,,33.24127960205078,,,,,
2026-06-08 01:26:43,34.083744049072266,33.928489685058594,33.77323532104492,34.23899841308594,33.928489685058594,34.549503326416016,34.083744049072266,34.23899841308594,33.77323532104492,,34.86001205444336,34.86001205444336,
2026-06-08 01:26:56,,,,,,,,34.12929153442383,,,,,
2026-06-08 01:27:15,34.083744049072266,33.77323532104492,33.152217864990234,33.61798095703125,33.61798095703125,34.083744049072266,33.46272659301758,33.928489685058594,33.928489685058594,,34.70475769042969,34.86001205444336,
2026-06-08 01:27:28,,,,,,,,33.46328353881836,,,,,
2026-06-08 01:27:47,34.23899841308594,33.61798095703125,33.928489685058594,34.083744049072266,34.23899841308594,34.083744049072266,34.23899841308594,34.394248962402344,34.394248962402344,,35.01526641845703,35.01526641845703,
2026-06-08 01:28:03,,,,,,,,33.68528747558594,,,,,
2026-06-08 01:28:18,34.394248962402344,33.928489685058594,33.61798095703125,34.083744049072266,34.083744049072266,34.549503326416016,33.77323532104492,34.23899841308594,34.394248962402344,,35.01526641845703,35.01526641845703,
2026-06-08 01:28:34,,,,,,,,33.678985595703125,,,,,
2026-06-08 01:28:48,34.083744049072266,33.77323532104492,33.77323532104492,33.152217864990234,34.083744049072266,34.083744049072266,33.77323532104492,34.394248962402344,33.928489685058594,,34.86001205444336,35.01526641845703,
2026-06-08 01:29:04,,,,,,,,33.24127960205078,,,,,
2026-06-08 01:29:21,33.77323532104492,33.46272659301758,34.083744049072266,33.77323532104492,33.61798095703125,33.61798095703125,33.77323532104492,34.083744049072266,33.307472229003906,,35.01526641845703,35.01526641845703,
2026-06-08 01:29:37,,,,,,,,33.24127960205078,,,,,
2026-06-08 01:29:53,34.394248962402344,33.61798095703125,33.61798095703125,34.083744049072266,34.394248962402344,34.083744049072266,33.928489685058594,34.394248962402344,34.394248962402344,,34.86001205444336,34.86001205444336,
2026-06-08 01:30:10,,,,,,,,33.235008239746094,,,,,
2026-06-08 01:30:25,34.549503326416016,34.23899841308594,33.77323532104492,34.083744049072266,33.928489685058594,34.549503326416016,34.23899841308594,34.549503326416016,33.928489685058594,,34.86001205444336,34.86001205444336,
2026-06-08 01:30:41,,,,,,,,33.46328353881836,,,,,
2026-06-08 01:30:57,34.23899841308594,34.083744049072266,33.928489685058594,34.394248962402344,34.23899841308594,33.928489685058594,33.928489685058594,34.083744049072266,34.23899841308594,,34.86001205444336,34.86001205444336,
2026-06-08 01:31:13,,,,,,,,33.24127960205078,,,,,
2026-06-08 01:31:28,34.394248962402344,34.549503326416016,33.61798095703125,33.928489685058594,33.928489685058594,34.23899841308594,34.394248962402344,34.549503326416016,34.23899841308594,,34.86001205444336,35.01526641845703,
2026-06-08 01:31:43,,,,,,,,32.982276916503906,,,,,
2026-06-08 01:32:04,34.394248962402344,33.46272659301758,33.307472229003906,33.77323532104492,33.61798095703125,33.77323532104492,34.23899841308594,33.928489685058594,34.083744049072266,,34.86001205444336,34.86001205444336,
2026-06-08 01:32:17,,,,,,,,32.72327423095703,,,,,
2026-06-08 01:32:36,34.70475769042969,33.77323532104492,33.61798095703125,34.394248962402344,33.928489685058594,33.928489685058594,34.083744049072266,34.083744049072266,34.083744049072266,,34.86001205444336,35.01526641845703,
2026-06-08 01:32:49,,,,,,,,33.46328353881836,,,,,
2026-06-08 01:33:08,34.23899841308594,34.083744049072266,34.23899841308594,34.083744049072266,34.394248962402344,33.928489685058594,33.928489685058594,34.70475769042969,34.86001205444336,,35.15499496459961,35.15499496459961,
2026-06-08 01:33:20,,,,,,,,32.96977615356445,,,,,
2026-06-08 01:33:38,34.23899841308594,34.083744049072266,33.61798095703125,34.394248962402344,34.394248962402344,34.23899841308594,34.23899841308594,34.394248962402344,34.083744049072266,,34.86001205444336,35.01526641845703,
2026-06-08 01:33:51,,,,,,,,32.988521575927734,,,,,
2026-06-08 01:34:20,34.394248962402344,34.23899841308594,34.23899841308594,33.928489685058594,34.083744049072266,34.394248962402344,34.549503326416016,34.70475769042969,34.394248962402344,,35.15499496459961,35.15499496459961,
2026-06-08 01:34:22,,,,,,,,32.982276916503906,,,,,
2026-06-08 01:34:41,34.394248962402344,34.394248962402344,33.77323532104492,33.928489685058594,34.549503326416016,33.928489685058594,34.70475769042969,34.394248962402344,34.70475769042969,,35.15499496459961,35.29472351074219,
2026-06-08 01:34:54,,,,,,,,32.982276916503906,,,,,
2026-06-08 01:35:12,34.70475769042969,34.394248962402344,33.46272659301758,33.928489685058594,34.394248962402344,33.46272659301758,34.23899841308594,34.23899841308594,34.23899841308594,,35.15499496459961,35.15499496459961,
2026-06-08 01:35:25,,,,,,,,33.24127960205078,,,,,
2026-06-08 01:35:44,34.394248962402344,33.928489685058594,33.928489685058594,33.928489685058594,34.549503326416016,34.083744049072266,34.23899841308594,34.549503326416016,34.549503326416016,,35.15499496459961,35.15499496459961,
2026-06-08 01:35:57,,,,,,,,32.7295036315918,,,,,
2026-06-08 01:36:15,34.083744049072266,33.928489685058594,33.307472229003906,33.46272659301758,33.928489685058594,34.23899841308594,33.928489685058594,34.394248962402344,34.083744049072266,,35.01526641845703,35.01526641845703,
2026-06-08 01:36:28,,,,,,,,32.7295036315918,,,,,
2026-06-08 01:36:47,34.23899841308594,34.23899841308594,33.77323532104492,33.46272659301758,34.23899841308594,33.928489685058594,34.23899841308594,34.394248962402344,34.394248962402344,,34.86001205444336,35.15499496459961,
2026-06-08 01:37:00,,,,,,,,32.982276916503906,,,,,
2026-06-08 01:37:17,34.23899841308594,33.77323532104492,33.77323532104492,34.083744049072266,34.394248962402344,34.549503326416016,34.23899841308594,34.549503326416016,34.083744049072266,,35.01526641845703,35.15499496459961,
2026-06-08 01:37:30,,,,,,,,32.988521575927734,,,,,
2026-06-08 01:37:49,34.083744049072266,34.083744049072266,33.46272659301758,33.928489685058594,34.394248962402344,33.928489685058594,34.23899841308594,34.23899841308594,34.23899841308594,,35.29472351074219,35.01526641845703,
2026-06-08 01:38:03,,,,,,,,32.982276916503906,,,,,
2026-06-08 01:38:21,34.083744049072266,34.394248962402344,33.77323532104492,34.083744049072266,34.549503326416016,34.549503326416016,34.083744049072266,34.549503326416016,33.928489685058594,,35.01526641845703,35.01526641845703,
2026-06-08 01:38:35,,,,,,,,32.982276916503906,,,,,
2026-06-08 01:38:52,34.70475769042969,33.61798095703125,33.928489685058594,33.77323532104492,34.70475769042969,33.928489685058594,34.23899841308594,34.549503326416016,34.549503326416016,,35.15499496459961,35.15499496459961,
2026-06-08 01:39:05,,,,,,,,32.464271545410156,,,,,
2026-06-08 01:39:22,34.394248962402344,34.083744049072266,34.394248962402344,33.46272659301758,34.083744049072266,33.61798095703125,33.61798095703125,34.23899841308594,34.23899841308594,,35.01526641845703,35.15499496459961,
2026-06-08 01:39:37,,,,,,,,33.24127960205078,,,,,
2026-06-08 01:39:57,34.549503326416016,33.928489685058594,34.23899841308594,34.549503326416016,34.549503326416016,34.23899841308594,34.394248962402344,34.23899841308594,34.23899841308594,,35.01526641845703,35.15499496459961,
2026-06-08 01:40:08,,,,,,,,32.982276916503906,,,,,
2026-06-08 01:40:30,34.549503326416016,34.86001205444336,34.394248962402344,34.23899841308594,34.394248962402344,33.928489685058594,34.083744049072266,34.394248962402344,35.01526641845703,,35.29472351074219,35.574180603027344,
2026-06-08 01:40:38,,,,,,,,32.982276916503906,,,,,
2026-06-08 01:41:02,34.70475769042969,33.928489685058594,33.928489685058594,34.394248962402344,34.083744049072266,34.394248962402344,34.083744049072266,34.23899841308594,34.394248962402344,,35.29472351074219,35.15499496459961,
2026-06-08 01:41:09,,,,,,,,32.7295036315918,,,,,
2026-06-08 01:41:35,33.928489685058594,33.928489685058594,33.928489685058594,34.394248962402344,34.70475769042969,34.23899841308594,34.083744049072266,34.549503326416016,35.01526641845703,,35.01526641845703,35.15499496459961,
2026-06-08 01:41:40,,,,,,,,33.46328353881836,,,,,
2026-06-08 01:42:09,34.394248962402344,34.083744049072266,33.77323532104492,33.61798095703125,33.77323532104492,34.549503326416016,34.394248962402344,34.23899841308594,34.394248962402344,,35.15499496459961,35.29472351074219,
2026-06-08 01:42:13,,,,,,,,32.988521575927734,,,,,
2026-06-08 01:42:42,34.394248962402344,34.549503326416016,34.083744049072266,34.23899841308594,34.23899841308594,34.23899841308594,33.928489685058594,34.70475769042969,35.01526641845703,,35.29472351074219,35.29472351074219,
2026-06-08 01:42:47,,,,,,,,33.24754333496094,,,,,
2026-06-08 01:43:15,34.70475769042969,34.549503326416016,34.23899841308594,33.928489685058594,34.549503326416016,34.23899841308594,34.083744049072266,34.083744049072266,34.86001205444336,,35.29472351074219,35.29472351074219,
2026-06-08 01:43:20,,,,,,,,32.982276916503906,,,,,
2026-06-08 01:43:48,34.083744049072266,33.77323532104492,34.23899841308594,34.394248962402344,33.77323532104492,33.928489685058594,34.86001205444336,35.01526641845703,35.01526641845703,,35.15499496459961,35.29472351074219,
2026-06-08 01:43:52,,,,,,,,33.69157791137695,,,,,
2026-06-08 01:44:26,34.70475769042969,34.083744049072266,34.083744049072266,34.394248962402344,34.394248962402344,34.70475769042969,34.23899841308594,35.01526641845703,35.29472351074219,,35.29472351074219,35.574180603027344,
2026-06-08 01:44:27,,,,,,,,32.7295036315918,,,,,
2026-06-08 01:44:59,,,,,,,,33.24127960205078,,,,,
2026-06-08 01:45:00,35.29472351074219,33.928489685058594,34.549503326416016,34.70475769042969,34.394248962402344,34.549503326416016,34.549503326416016,35.29472351074219,35.29472351074219,,35.434452056884766,35.713905334472656,
2026-06-08 01:45:31,,,,,,,,32.72327423095703,,,,,
2026-06-08 01:45:31,34.86001205444336,34.083744049072266,33.77323532104492,34.86001205444336,34.70475769042969,34.86001205444336,34.86001205444336,34.86001205444336,34.70475769042969,,35.29472351074219,35.434452056884766,
2026-06-08 01:46:02,,,,,,,,32.982276916503906,,,,,
2026-06-08 01:46:03,34.549503326416016,34.394248962402344,34.394248962402344,34.70475769042969,34.549503326416016,34.23899841308594,34.394248962402344,34.549503326416016,34.70475769042969,,35.434452056884766,35.574180603027344,
2026-06-08 01:46:34,,,,,,,,32.988521575927734,,,,,
2026-06-08 01:46:35,35.01526641845703,34.70475769042969,34.394248962402344,34.549503326416016,34.549503326416016,34.86001205444336,34.549503326416016,34.70475769042969,35.434452056884766,,35.574180603027344,35.713905334472656,
2026-06-08 01:47:07,,,,,,,,32.205265045166016,,,,,
2026-06-08 01:47:08,34.86001205444336,34.083744049072266,34.23899841308594,34.70475769042969,33.928489685058594,33.928489685058594,34.394248962402344,34.549503326416016,34.083744049072266,,35.29472351074219,35.434452056884766,
2026-06-08 01:47:41,,,,,,,,32.72327423095703,,,,,
2026-06-08 01:47:41,34.549503326416016,33.928489685058594,34.394248962402344,34.86001205444336,34.394248962402344,34.394248962402344,34.549503326416016,34.083744049072266,35.434452056884766,,35.29472351074219,35.574180603027344,
2026-06-08 01:48:14,,,,,,,,33.24127960205078,,,,,
2026-06-08 01:48:15,34.86001205444336,34.549503326416016,34.083744049072266,34.549503326416016,34.083744049072266,34.549503326416016,34.70475769042969,34.23899841308594,34.70475769042969,,35.434452056884766,35.434452056884766,
2026-06-08 01:48:48,,,,,,,,32.982276916503906,,,,,
2026-06-08 01:48:49,34.70475769042969,33.77323532104492,33.61798095703125,33.928489685058594,34.394248962402344,34.23899841308594,34.549503326416016,34.083744049072266,34.86001205444336,,35.29472351074219,35.29472351074219,
2026-06-08 01:49:27,,,,,,,,32.72327423095703,,,,,
2026-06-08 01:49:28,34.86001205444336,34.23899841308594,34.083744049072266,34.23899841308594,33.61798095703125,34.083744049072266,34.394248962402344,34.394248962402344,34.70475769042969,,35.01526641845703,35.01526641845703,
2026-06-08 01:49:59,,,,,,,,33.24127960205078,,,,,
2026-06-08 01:49:59,34.23899841308594,33.928489685058594,34.23899841308594,34.394248962402344,33.77323532104492,33.61798095703125,34.70475769042969,34.083744049072266,34.23899841308594,,35.01526641845703,35.01526641845703,
2026-06-08 01:50:29,,,,,,,,32.464271545410156,,,,,
2026-06-08 01:50:30,34.549503326416016,34.23899841308594,33.928489685058594,34.23899841308594,34.23899841308594,34.083744049072266,34.23899841308594,33.77323532104492,34.86001205444336,,35.15499496459961,35.15499496459961,
2026-06-08 01:51:02,,,,,,,,32.47669219970703,,,,,
2026-06-08 01:51:02,34.549503326416016,34.083744049072266,33.77323532104492,34.394248962402344,34.083744049072266,33.928489685058594,34.394248962402344,34.549503326416016,34.70475769042969,,35.15499496459961,35.15499496459961,
2026-06-08 01:51:34,,,,,,,,33.46328353881836,,,,,
2026-06-08 01:51:34,34.23899841308594,34.083744049072266,33.928489685058594,33.77323532104492,33.77323532104492,34.23899841308594,34.549503326416016,34.394248962402344,34.23899841308594,,35.01526641845703,35.01526641845703,
2026-06-08 01:52:05,,,,,,,,33.24127960205078,,,,,
2026-06-08 01:52:06,34.083744049072266,34.083744049072266,33.77323532104492,34.23899841308594,33.77323532104492,33.77323532104492,34.23899841308594,34.23899841308594,34.394248962402344,,34.86001205444336,34.86001205444336,
2026-06-08 01:52:36,,,,,,,,32.72327423095703,,,,,
2026-06-08 01:52:36,34.549503326416016,33.61798095703125,33.46272659301758,34.23899841308594,34.394248962402344,34.23899841308594,33.928489685058594,33.77323532104492,34.70475769042969,,34.86001205444336,35.15499496459961,
2026-06-08 01:53:10,,,,,,,,33.24127960205078,,,,,
2026-06-08 01:53:10,34.86001205444336,34.23899841308594,33.77323532104492,33.46272659301758,34.083744049072266,33.77323532104492,34.394248962402344,34.23899841308594,34.549503326416016,,35.15499496459961,35.15499496459961,
2026-06-08 01:53:44,,,,,,,,32.72327423095703,,,,,
2026-06-08 01:53:44,34.70475769042969,34.083744049072266,33.928489685058594,33.928489685058594,34.23899841308594,34.394248962402344,34.549503326416016,34.083744049072266,34.549503326416016,,35.01526641845703,35.15499496459961,
2026-06-08 01:54:19,,,,,,,,33.46328353881836,,,,,
2026-06-08 01:54:29,34.083744049072266,33.928489685058594,33.152217864990234,34.083744049072266,33.307472229003906,33.61798095703125,34.23899841308594,34.23899841308594,34.549503326416016,,34.86001205444336,34.86001205444336,
2026-06-08 01:54:52,,,,,,,,32.470481872558594,,,,,
2026-06-08 01:54:52,34.70475769042969,34.23899841308594,34.083744049072266,34.083744049072266,33.928489685058594,33.928489685058594,34.23899841308594,34.23899841308594,34.083744049072266,,34.86001205444336,34.86001205444336,
2026-06-08 01:55:24,,,,,,,,32.982276916503906,,,,,
2026-06-08 01:55:25,34.549503326416016,34.70475769042969,33.61798095703125,33.77323532104492,34.23899841308594,34.394248962402344,34.394248962402344,33.928489685058594,34.86001205444336,,35.01526641845703,35.01526641845703,
2026-06-08 01:55:54,,,,,,,,33.24127960205078,,,,,
2026-06-08 01:55:58,34.23899841308594,34.394248962402344,34.083744049072266,34.394248962402344,34.549503326416016,34.70475769042969,34.70475769042969,34.23899841308594,34.549503326416016,,35.01526641845703,35.15499496459961,
2026-06-08 01:56:25,,,,,,,,32.7295036315918,,,,,
2026-06-08 01:56:32,34.394248962402344,34.083744049072266,34.394248962402344,34.23899841308594,34.083744049072266,34.70475769042969,34.86001205444336,34.549503326416016,35.01526641845703,,35.29472351074219,35.15499496459961,
2026-06-08 01:56:58,,,,,,,,32.982276916503906,,,,,
2026-06-08 01:57:03,34.394248962402344,34.23899841308594,33.46272659301758,34.549503326416016,34.083744049072266,33.77323532104492,34.549503326416016,34.394248962402344,34.86001205444336,,35.01526641845703,35.15499496459961,
2026-06-08 01:57:29,,,,,,,,33.46328353881836,,,,,
2026-06-08 01:57:38,34.86001205444336,34.394248962402344,34.394248962402344,34.23899841308594,34.394248962402344,34.549503326416016,34.394248962402344,34.23899841308594,34.86001205444336,,35.29472351074219,35.434452056884766,
2026-06-08 01:58:01,,,,,,,,33.24127960205078,,,,,
2026-06-08 01:58:08,34.70475769042969,34.549503326416016,34.394248962402344,34.549503326416016,34.86001205444336,34.394248962402344,35.15499496459961,34.394248962402344,35.434452056884766,,35.434452056884766,35.574180603027344,
2026-06-08 01:58:32,,,,,,,,32.97602081298828,,,,,
2026-06-08 01:58:38,34.549503326416016,33.77323532104492,34.394248962402344,34.549503326416016,34.23899841308594,34.86001205444336,34.394248962402344,34.083744049072266,34.23899841308594,,35.15499496459961,35.15499496459961,
2026-06-08 01:59:14,,,,,,,,32.982276916503906,,,,,
2026-06-08 01:59:15,34.549503326416016,34.86001205444336,34.23899841308594,33.77323532104492,34.23899841308594,34.549503326416016,34.70475769042969,34.083744049072266,34.86001205444336,,35.15499496459961,35.29472351074219,
2026-06-08 01:59:36,,,,,,,,33.68528747558594,,,,,
2026-06-08 01:59:45,34.549503326416016,34.23899841308594,33.928489685058594,33.77323532104492,34.083744049072266,33.77323532104492,34.394248962402344,34.083744049072266,34.549503326416016,,35.15499496459961,35.01526641845703,
2026-06-08 02:00:06,,,,,,,,33.235008239746094,,,,,
2026-06-08 02:00:16,33.77323532104492,33.77323532104492,33.77323532104492,33.61798095703125,34.083744049072266,33.77323532104492,34.083744049072266,33.46272659301758,35.15499496459961,,35.15499496459961,35.01526641845703,
2026-06-08 02:00:39,,,,,,,,32.72327423095703,,,,,
2026-06-08 02:00:49,33.77323532104492,33.928489685058594,34.23899841308594,34.23899841308594,33.928489685058594,34.394248962402344,34.083744049072266,34.23899841308594,34.549503326416016,,34.86001205444336,34.86001205444336,
2026-06-08 02:01:12,,,,,,,,32.72327423095703,,,,,
2026-06-08 02:01:22,33.61798095703125,33.77323532104492,33.61798095703125,34.394248962402344,33.46272659301758,34.083744049072266,34.23899841308594,34.083744049072266,34.394248962402344,,34.86001205444336,35.01526641845703,
2026-06-08 02:01:45,,,,,,,,32.72327423095703,,,,,
2026-06-08 02:01:53,34.549503326416016,33.77323532104492,34.394248962402344,33.61798095703125,33.77323532104492,33.928489685058594,33.77323532104492,34.083744049072266,33.77323532104492,,35.01526641845703,35.01526641845703,
2026-06-08 02:02:16,,,,,,,,32.464271545410156,,,,,
2026-06-08 02:02:26,33.77323532104492,34.394248962402344,34.083744049072266,33.77323532104492,34.083744049072266,33.77323532104492,34.083744049072266,34.23899841308594,34.549503326416016,,35.15499496459961,35.01526641845703,
2026-06-08 02:02:46,,,,,,,,32.7295036315918,,,,,
2026-06-08 02:02:58,34.083744049072266,34.083744049072266,34.083744049072266,33.928489685058594,33.77323532104492,33.77323532104492,34.083744049072266,34.083744049072266,34.083744049072266,,35.01526641845703,35.01526641845703,
2026-06-08 02:03:17,,,,,,,,32.982276916503906,,,,,
2026-06-08 02:03:30,33.77323532104492,33.61798095703125,33.61798095703125,33.61798095703125,33.928489685058594,33.77323532104492,34.23899841308594,33.61798095703125,34.083744049072266,,34.70475769042969,34.70475769042969,
2026-06-08 02:03:52,,,,,,,,32.464271545410156,,,,,
2026-06-08 02:04:03,34.23899841308594,33.77323532104492,34.083744049072266,33.46272659301758,33.77323532104492,33.928489685058594,34.549503326416016,33.928489685058594,34.549503326416016,,34.86001205444336,34.86001205444336,
2026-06-08 02:04:33,,,,,,,,32.982276916503906,,,,,
2026-06-08 02:04:33,34.549503326416016,34.083744049072266,34.394248962402344,33.77323532104492,33.152217864990234,33.61798095703125,33.77323532104492,34.083744049072266,34.549503326416016,,35.01526641845703,35.15499496459961,
2026-06-08 02:05:04,,,,,,,,32.217655181884766,,,,,
2026-06-08 02:05:04,34.70475769042969,34.23899841308594,33.77323532104492,33.928489685058594,34.23899841308594,34.083744049072266,33.77323532104492,34.23899841308594,34.86001205444336,,35.01526641845703,35.01526641845703,
2026-06-08 02:05:36,,,,,,,,32.72327423095703,,,,,
2026-06-08 02:05:36,33.77323532104492,34.23899841308594,33.928489685058594,34.083744049072266,33.928489685058594,33.928489685058594,33.77323532104492,33.928489685058594,34.083744049072266,,35.01526641845703,35.15499496459961,
2026-06-08 02:06:08,,,,,,,,32.982276916503906,,,,,
2026-06-08 02:06:08,34.083744049072266,33.77323532104492,33.77323532104492,33.928489685058594,33.928489685058594,34.549503326416016,33.77323532104492,33.77323532104492,34.23899841308594,,34.86001205444336,35.15499496459961,
2026-06-08 02:06:39,,,,,,,,32.464271545410156,,,,,
2026-06-08 02:06:40,34.083744049072266,34.083744049072266,33.77323532104492,34.23899841308594,33.307472229003906,34.083744049072266,34.23899841308594,33.46272659301758,34.549503326416016,,35.29472351074219,35.01526641845703,
2026-06-08 02:07:12,,,,,,,,33.24127960205078,,,,,
2026-06-08 02:07:13,33.928489685058594,34.083744049072266,34.23899841308594,34.083744049072266,33.61798095703125,33.928489685058594,34.394248962402344,34.23899841308594,34.549503326416016,,35.15499496459961,35.01526641845703,
2026-06-08 02:07:43,,,,,,,,32.19906234741211,,,,,
2026-06-08 02:07:44,34.23899841308594,33.77323532104492,33.928489685058594,34.549503326416016,33.928489685058594,34.083744049072266,34.23899841308594,33.61798095703125,34.23899841308594,,35.15499496459961,35.01526641845703,
2026-06-08 02:08:16,,,,,,,,32.97602081298828,,,,,
2026-06-08 02:08:17,33.928489685058594,34.23899841308594,33.61798095703125,33.307472229003906,33.77323532104492,34.083744049072266,33.77323532104492,34.23899841308594,34.86001205444336,,35.15499496459961,35.01526641845703,
2026-06-08 02:08:49,,,,,,,,32.192867279052734,,,,,
2026-06-08 02:08:50,33.928489685058594,34.23899841308594,34.083744049072266,33.77323532104492,33.928489685058594,34.083744049072266,34.23899841308594,34.083744049072266,34.86001205444336,,35.15499496459961,35.01526641845703,
2026-06-08 02:09:21,,,,,,,,33.235008239746094,,,,,
2026-06-08 02:09:21,33.61798095703125,34.23899841308594,33.46272659301758,33.61798095703125,33.61798095703125,33.77323532104492,33.77323532104492,33.928489685058594,34.394248962402344,,35.01526641845703,34.86001205444336,
2026-06-08 02:09:52,,,,,,,,32.205265045166016,,,,,
2026-06-08 02:09:53,34.083744049072266,34.394248962402344,33.928489685058594,34.394248962402344,33.928489685058594,34.394248962402344,34.394248962402344,34.23899841308594,34.86001205444336,,35.15499496459961,35.29472351074219,
2026-06-08 02:10:24,,,,,,,,31.68109130859375,,,,,
2026-06-08 02:10:24,34.23899841308594,33.928489685058594,34.23899841308594,34.549503326416016,33.61798095703125,34.70475769042969,33.928489685058594,33.928489685058594,34.394248962402344,,35.01526641845703,35.01526641845703,
2026-06-08 02:10:54,,,,,,,,32.72327423095703,,,,,
2026-06-08 02:10:55,34.23899841308594,33.928489685058594,34.083744049072266,34.549503326416016,33.46272659301758,34.083744049072266,34.23899841308594,34.394248962402344,34.549503326416016,,35.01526641845703,35.15499496459961,
2026-06-08 02:11:26,,,,,,,,32.717037200927734,,,,,
2026-06-08 02:11:26,34.549503326416016,33.77323532104492,33.928489685058594,33.77323532104492,34.394248962402344,34.083744049072266,34.394248962402344,34.549503326416016,34.549503326416016,,35.434452056884766,35.15499496459961,
2026-06-08 02:11:57,,,,,,,,33.68528747558594,,,,,
2026-06-08 02:11:58,34.70475769042969,34.23899841308594,34.23899841308594,33.928489685058594,34.23899841308594,34.23899841308594,34.083744049072266,34.70475769042969,34.394248962402344,,35.15499496459961,35.29472351074219,
2026-06-08 02:12:28,,,,,,,,33.45699691772461,,,,,
2026-06-08 02:12:29,34.394248962402344,34.394248962402344,34.394248962402344,34.083744049072266,33.61798095703125,34.083744049072266,33.928489685058594,34.70475769042969,35.01526641845703,,35.29472351074219,35.574180603027344,
2026-06-08 02:13:00,,,,,,,,33.68528747558594,,,,,
2026-06-08 02:13:00,35.15499496459961,34.549503326416016,34.70475769042969,34.549503326416016,34.549503326416016,34.549503326416016,34.394248962402344,34.549503326416016,34.549503326416016,,35.434452056884766,35.434452056884766,
2026-06-08 02:13:32,,,,,,,,33.46328353881836,,,,,
2026-06-08 02:13:32,34.70475769042969,34.394248962402344,34.394248962402344,34.23899841308594,33.61798095703125,34.394248962402344,34.549503326416016,34.86001205444336,34.23899841308594,,35.15499496459961,35.29472351074219,
2026-06-08 02:14:02,,,,,,,,33.22874450683594,,,,,
2026-06-08 02:14:03,34.23899841308594,34.394248962402344,33.77323532104492,34.394248962402344,33.928489685058594,34.23899841308594,34.083744049072266,34.394248962402344,35.01526641845703,,35.29472351074219,35.29472351074219,
2026-06-08 02:14:36,,,,,,,,33.45699691772461,,,,,
2026-06-08 02:14:37,34.549503326416016,34.549503326416016,34.549503326416016,34.394248962402344,34.394248962402344,34.23899841308594,34.23899841308594,34.86001205444336,34.549503326416016,,35.15499496459961,35.29472351074219,
2026-06-08 02:15:07,,,,,,,,33.672691345214844,,,,,
2026-06-08 02:15:07,33.77323532104492,34.23899841308594,34.23899841308594,34.394248962402344,34.23899841308594,34.083744049072266,34.083744049072266,34.394248962402344,35.01526641845703,,35.15499496459961,35.15499496459961,
2026-06-08 02:15:39,,,,,,,,33.46328353881836,,,,,
2026-06-08 02:15:40,33.928489685058594,34.70475769042969,34.394248962402344,34.23899841308594,34.083744049072266,34.083744049072266,34.23899841308594,34.70475769042969,35.01526641845703,,35.15499496459961,35.15499496459961,
2026-06-08 02:16:14,,,,,,,,33.24127960205078,,,,,
2026-06-08 02:16:15,34.70475769042969,34.549503326416016,34.083744049072266,34.23899841308594,33.928489685058594,34.083744049072266,34.394248962402344,34.86001205444336,34.70475769042969,,35.01526641845703,35.29472351074219,
2026-06-08 02:16:46,,,,,,,,33.45699691772461,,,,,
2026-06-08 02:16:47,34.394248962402344,34.394248962402344,34.23899841308594,34.549503326416016,34.083744049072266,34.549503326416016,34.394248962402344,34.549503326416016,35.01526641845703,,35.15499496459961,35.29472351074219,
2026-06-08 02:17:19,,,,,,,,33.8946647644043,,,,,
2026-06-08 02:17:20,34.394248962402344,34.083744049072266,34.083744049072266,34.23899841308594,33.46272659301758,34.23899841308594,34.549503326416016,34.394248962402344,34.70475769042969,,35.15499496459961,35.29472351074219,
2026-06-08 02:17:52,,,,,,,,33.45699691772461,,,,,
2026-06-08 02:17:52,34.23899841308594,34.70475769042969,34.23899841308594,33.928489685058594,33.928489685058594,34.23899841308594,34.549503326416016,34.23899841308594,34.86001205444336,,35.15499496459961,35.15499496459961,
2026-06-08 02:18:23,,,,,,,,33.46328353881836,,,,,
2026-06-08 02:18:24,34.394248962402344,33.77323532104492,33.928489685058594,34.394248962402344,34.23899841308594,34.23899841308594,34.549503326416016,34.549503326416016,34.549503326416016,,35.15499496459961,35.15499496459961,
2026-06-08 02:18:54,,,,,,,,33.907291412353516,,,,,
2026-06-08 02:18:55,34.23899841308594,34.70475769042969,34.23899841308594,34.86001205444336,34.083744049072266,34.23899841308594,34.23899841308594,34.23899841308594,34.86001205444336,,35.15499496459961,35.434452056884766,
2026-06-08 02:19:28,,,,,,,,33.678985595703125,,,,,
2026-06-08 02:19:39,34.70475769042969,34.23899841308594,34.23899841308594,34.23899841308594,34.70475769042969,34.70475769042969,34.86001205444336,34.394248962402344,34.86001205444336,,35.29472351074219,35.29472351074219,
2026-06-08 02:20:00,,,,,,,,33.68528747558594,,,,,
2026-06-08 02:20:01,34.549503326416016,34.549503326416016,33.928489685058594,34.23899841308594,34.23899841308594,34.23899841308594,34.394248962402344,34.23899841308594,35.01526641845703,,35.29472351074219,35.434452056884766,
2026-06-08 02:20:32,,,,,,,,33.45699691772461,,,,,
2026-06-08 02:20:33,34.394248962402344,34.394248962402344,34.549503326416016,33.928489685058594,34.394248962402344,34.394248962402344,33.77323532104492,34.70475769042969,34.549503326416016,,35.15499496459961,35.29472351074219,
2026-06-08 02:21:07,,,,,,,,33.68528747558594,,,,,
2026-06-08 02:21:08,35.15499496459961,34.23899841308594,33.928489685058594,34.394248962402344,34.394248962402344,34.23899841308594,34.70475769042969,33.928489685058594,34.549503326416016,,35.29472351074219,35.01526641845703,
2026-06-08 02:21:38,,,,,,,,34.12295913696289,,,,,
2026-06-08 02:21:39,35.15499496459961,34.394248962402344,34.394248962402344,34.549503326416016,34.23899841308594,34.549503326416016,34.549503326416016,35.01526641845703,34.86001205444336,,35.853633880615234,35.434452056884766,
2026-06-08 02:22:11,,,,,,,,33.24754333496094,,,,,
2026-06-08 02:22:11,34.70475769042969,34.549503326416016,34.23899841308594,34.23899841308594,35.01526641845703,34.23899841308594,34.394248962402344,34.70475769042969,35.29472351074219,,35.434452056884766,35.29472351074219,
2026-06-08 02:22:44,,,,,,,,32.72327423095703,,,,,
2026-06-08 02:22:45,34.394248962402344,34.549503326416016,34.23899841308594,34.23899841308594,34.86001205444336,34.70475769042969,34.70475769042969,34.549503326416016,34.70475769042969,,35.434452056884766,35.434452056884766,
2026-06-08 02:23:15,,,,,,,,32.45804977416992,,,,,
2026-06-08 02:23:16,34.549503326416016,34.23899841308594,34.70475769042969,34.70475769042969,34.549503326416016,34.394248962402344,34.86001205444336,34.083744049072266,35.01526641845703,,35.29472351074219,35.434452056884766,
2026-06-08 02:23:49,,,,,,,,32.72327423095703,,,,,
2026-06-08 02:23:49,34.394248962402344,34.23899841308594,34.23899841308594,34.23899841308594,34.549503326416016,34.083744049072266,34.70475769042969,34.70475769042969,35.29472351074219,,35.29472351074219,35.434452056884766,
2026-06-08 02:24:27,34.86001205444336,34.549503326416016,34.23899841308594,34.86001205444336,35.01526641845703,34.23899841308594,35.01526641845703,35.15499496459961,34.86001205444336,,35.574180603027344,35.713905334472656,
2026-06-08 02:24:30,,,,,,,,32.717037200927734,,,,,
2026-06-08 02:24:59,34.70475769042969,34.549503326416016,34.86001205444336,34.549503326416016,34.549503326416016,34.23899841308594,34.549503326416016,34.549503326416016,35.15499496459961,,35.29472351074219,35.434452056884766,
2026-06-08 02:25:03,,,,,,,,32.464271545410156,,,,,
2026-06-08 02:25:30,34.23899841308594,34.083744049072266,34.394248962402344,34.549503326416016,34.70475769042969,34.394248962402344,34.394248962402344,34.083744049072266,34.70475769042969,,35.29472351074219,35.29472351074219,
2026-06-08 02:25:36,,,,,,,,32.982276916503906,,,,,
2026-06-08 02:26:01,34.549503326416016,35.01526641845703,34.23899841308594,34.394248962402344,34.394248962402344,34.394248962402344,34.70475769042969,34.86001205444336,34.70475769042969,,35.574180603027344,35.574180603027344,
2026-06-08 02:26:11,,,,,,,,32.982276916503906,,,,,
2026-06-08 02:26:36,34.86001205444336,34.083744049072266,34.549503326416016,34.394248962402344,34.549503326416016,34.549503326416016,34.083744049072266,34.549503326416016,34.70475769042969,,35.434452056884766,35.29472351074219,
2026-06-08 02:26:43,,,,,,,,32.464271545410156,,,,,
2026-06-08 02:27:06,35.15499496459961,34.70475769042969,34.70475769042969,34.86001205444336,34.549503326416016,34.86001205444336,34.23899841308594,34.23899841308594,34.86001205444336,,35.574180603027344,35.574180603027344,
2026-06-08 02:27:15,,,,,,,,32.464271545410156,,,,,
2026-06-08 02:27:38,34.86001205444336,34.394248962402344,33.77323532104492,34.86001205444336,34.70475769042969,34.70475769042969,34.394248962402344,34.86001205444336,35.434452056884766,,35.713905334472656,35.434452056884766,
2026-06-08 02:27:48,,,,,,,,32.982276916503906,,,,,
2026-06-08 02:28:10,34.549503326416016,34.083744049072266,34.394248962402344,34.86001205444336,35.15499496459961,34.70475769042969,34.70475769042969,34.394248962402344,35.434452056884766,,35.434452056884766,35.574180603027344,
2026-06-08 02:28:18,,,,,,,,33.24127960205078,,,,,
2026-06-08 02:28:43,35.01526641845703,34.394248962402344,34.083744049072266,34.394248962402344,34.549503326416016,34.549503326416016,34.23899841308594,34.70475769042969,35.29472351074219,,35.574180603027344,35.574180603027344,
2026-06-08 02:28:51,,,,,,,,32.464271545410156,,,,,
2026-06-08 02:29:15,35.29472351074219,34.549503326416016,34.23899841308594,35.01526641845703,34.86001205444336,34.394248962402344,34.549503326416016,34.549503326416016,35.01526641845703,,35.574180603027344,35.434452056884766,
2026-06-08 02:29:30,,,,,,,,32.205265045166016,,,,,
2026-06-08 02:29:46,34.23899841308594,34.083744049072266,33.928489685058594,34.394248962402344,34.549503326416016,34.86001205444336,34.083744049072266,34.394248962402344,34.549503326416016,,35.15499496459961,35.29472351074219,
2026-06-08 02:30:03,,,,,,,,32.982276916503906,,,,,
2026-06-08 02:30:16,34.083744049072266,34.394248962402344,33.928489685058594,34.549503326416016,34.394248962402344,34.23899841308594,34.23899841308594,33.61798095703125,34.70475769042969,,35.29472351074219,35.15499496459961,
2026-06-08 02:30:36,,,,,,,,33.46328353881836,,,,,
2026-06-08 02:30:49,34.394248962402344,34.549503326416016,33.928489685058594,34.083744049072266,34.549503326416016,34.394248962402344,34.394248962402344,34.394248962402344,34.394248962402344,,35.29472351074219,35.29472351074219,
2026-06-08 02:31:12,,,,,,,,32.982276916503906,,,,,
2026-06-08 02:31:20,33.928489685058594,34.083744049072266,33.77323532104492,34.23899841308594,34.23899841308594,34.23899841308594,34.549503326416016,34.083744049072266,34.70475769042969,,35.01526641845703,35.01526641845703,
2026-06-08 02:31:42,,,,,,,,32.45804977416992,,,,,
2026-06-08 02:31:52,35.01526641845703,33.928489685058594,34.083744049072266,33.77323532104492,34.394248962402344,34.083744049072266,34.394248962402344,34.083744049072266,34.23899841308594,,35.29472351074219,35.15499496459961,
2026-06-08 02:32:14,,,,,,,,33.24127960205078,,,,,
2026-06-08 02:32:25,34.549503326416016,34.23899841308594,34.083744049072266,33.61798095703125,34.23899841308594,34.394248962402344,34.23899841308594,33.928489685058594,34.549503326416016,,35.01526641845703,35.01526641845703,
2026-06-08 02:32:44,,,,,,,,32.97602081298828,,,,,
2026-06-08 02:32:56,33.928489685058594,34.549503326416016,34.23899841308594,34.083744049072266,34.549503326416016,34.23899841308594,34.23899841308594,34.083744049072266,34.394248962402344,,35.01526641845703,35.15499496459961,
2026-06-08 02:33:17,,,,,,,,32.72327423095703,,,,,
2026-06-08 02:33:27,33.77323532104492,34.23899841308594,33.61798095703125,33.152217864990234,33.77323532104492,33.61798095703125,34.23899841308594,33.307472229003906,34.23899841308594,,34.70475769042969,34.86001205444336,
2026-06-08 02:33:51,,,,,,,,33.24127960205078,,,,,
2026-06-08 02:34:01,34.23899841308594,34.549503326416016,33.77323532104492,34.083744049072266,34.549503326416016,34.23899841308594,34.083744049072266,34.394248962402344,34.394248962402344,,35.01526641845703,35.29472351074219,
2026-06-08 02:34:31,33.61798095703125,34.083744049072266,33.928489685058594,33.928489685058594,34.394248962402344,34.083744049072266,34.394248962402344,33.46272659301758,34.083744049072266,,35.01526641845703,35.01526641845703,
2026-06-08 02:34:35,,,,,,,,32.72327423095703,,,,,
2026-06-08 02:35:03,33.61798095703125,34.23899841308594,33.77323532104492,33.928489685058594,33.928489685058594,33.61798095703125,34.23899841308594,33.928489685058594,34.083744049072266,,34.86001205444336,35.01526641845703,
2026-06-08 02:35:07,,,,,,,,33.24127960205078,,,,,
2026-06-08 02:35:33,33.77323532104492,34.23899841308594,33.152217864990234,33.152217864990234,34.083744049072266,34.083744049072266,34.394248962402344,34.549503326416016,34.549503326416016,,34.70475769042969,34.70475769042969,
2026-06-08 02:35:40,,,,,,,,32.72327423095703,,,,,
2026-06-08 02:36:03,34.23899841308594,33.77323532104492,33.77323532104492,33.928489685058594,34.23899841308594,33.928489685058594,33.928489685058594,33.77323532104492,34.394248962402344,,35.01526641845703,35.01526641845703,
2026-06-08 02:36:10,,,,,,,,32.45804977416992,,,,,
2026-06-08 02:36:34,34.083744049072266,34.394248962402344,33.307472229003906,34.394248962402344,33.77323532104492,33.928489685058594,33.928489685058594,33.77323532104492,34.394248962402344,,35.01526641845703,35.01526641845703,
2026-06-08 02:36:42,,,,,,,,32.982276916503906,,,,,
2026-06-08 02:37:08,34.083744049072266,33.928489685058594,34.083744049072266,33.61798095703125,33.928489685058594,33.928489685058594,34.083744049072266,33.61798095703125,34.70475769042969,,34.70475769042969,34.86001205444336,
2026-06-08 02:37:12,,,,,,,,31.94626235961914,,,,,
2026-06-08 02:37:39,33.928489685058594,33.77323532104492,33.928489685058594,34.394248962402344,34.23899841308594,33.61798095703125,34.549503326416016,33.928489685058594,34.549503326416016,,34.86001205444336,35.01526641845703,
2026-06-08 02:37:44,,,,,,,,32.982276916503906,,,,,
2026-06-08 02:38:09,33.77323532104492,34.23899841308594,33.77323532104492,33.61798095703125,33.928489685058594,34.23899841308594,34.083744049072266,34.083744049072266,34.23899841308594,,34.70475769042969,35.01526641845703,
2026-06-08 02:38:15,,,,,,,,32.717037200927734,,,,,
2026-06-08 02:38:44,33.77323532104492,33.61798095703125,33.61798095703125,33.77323532104492,33.61798095703125,34.23899841308594,34.549503326416016,34.083744049072266,34.23899841308594,,34.86001205444336,35.01526641845703,
2026-06-08 02:38:49,,,,,,,,32.97602081298828,,,,,
2026-06-08 02:39:15,33.77323532104492,33.46272659301758,32.841712951660156,33.46272659301758,33.46272659301758,33.46272659301758,33.77323532104492,33.152217864990234,33.77323532104492,,34.549503326416016,34.70475769042969,
2026-06-08 02:39:20,,,,,,,,32.982276916503906,,,,,
2026-06-08 02:39:50,34.394248962402344,34.549503326416016,34.083744049072266,34.23899841308594,34.70475769042969,34.549503326416016,33.928489685058594,34.549503326416016,34.549503326416016,,35.434452056884766,35.29472351074219,
2026-06-08 02:39:52,,,,,,,,33.24127960205078,,,,,
2026-06-08 02:40:21,34.394248962402344,34.23899841308594,34.549503326416016,34.083744049072266,33.928489685058594,34.23899841308594,34.70475769042969,34.549503326416016,34.23899841308594,,35.29472351074219,35.29472351074219,
2026-06-08 02:40:24,,,,,,,,33.24127960205078,,,,,
2026-06-08 02:40:54,34.083744049072266,34.23899841308594,33.928489685058594,33.928489685058594,34.23899841308594,33.928489685058594,34.23899841308594,33.928489685058594,33.928489685058594,,35.01526641845703,34.86001205444336,
2026-06-08 02:40:57,,,,,,,,32.717037200927734,,,,,
2026-06-08 02:41:25,34.86001205444336,34.394248962402344,34.23899841308594,34.23899841308594,34.549503326416016,34.083744049072266,34.70475769042969,34.549503326416016,34.394248962402344,,35.15499496459961,35.29472351074219,
2026-06-08 02:41:29,,,,,,,,32.72327423095703,,,,,
2026-06-08 02:41:56,35.01526641845703,33.61798095703125,33.61798095703125,33.77323532104492,34.23899841308594,33.928489685058594,34.083744049072266,34.394248962402344,35.01526641845703,,35.01526641845703,35.29472351074219,
2026-06-08 02:42:00,,,,,,,,32.45804977416992,,,,,
2026-06-08 02:42:29,35.01526641845703,34.23899841308594,33.928489685058594,34.23899841308594,34.083744049072266,34.549503326416016,34.70475769042969,33.928489685058594,34.549503326416016,,35.15499496459961,35.15499496459961,
2026-06-08 02:42:32,,,,,,,,32.72327423095703,,,,,
2026-06-08 02:43:01,34.70475769042969,35.01526641845703,34.23899841308594,34.394248962402344,33.77323532104492,34.394248962402344,34.083744049072266,34.70475769042969,34.549503326416016,,35.15499496459961,35.574180603027344,
2026-06-08 02:43:03,,,,,,,,32.205265045166016,,,,,
2026-06-08 02:43:34,,,,,,,,32.205265045166016,,,,,
2026-06-08 02:43:34,34.083744049072266,33.928489685058594,33.928489685058594,34.23899841308594,34.549503326416016,34.23899841308594,33.928489685058594,34.394248962402344,34.86001205444336,,35.01526641845703,35.15499496459961,
2026-06-08 02:44:08,,,,,,,,32.464271545410156,,,,,
2026-06-08 02:44:08,35.15499496459961,34.23899841308594,33.928489685058594,33.928489685058594,34.083744049072266,34.23899841308594,34.083744049072266,34.549503326416016,34.23899841308594,,35.01526641845703,35.29472351074219,
2026-06-08 02:44:47,,,,,,,,32.72327423095703,,,,,
2026-06-08 02:44:47,34.86001205444336,33.77323532104492,34.23899841308594,34.083744049072266,34.083744049072266,34.86001205444336,34.394248962402344,34.549503326416016,34.549503326416016,,35.15499496459961,35.15499496459961,
2026-06-08 02:45:18,,,,,,,,32.72327423095703,,,,,
2026-06-08 02:45:18,34.394248962402344,34.083744049072266,34.23899841308594,34.23899841308594,34.394248962402344,34.549503326416016,34.083744049072266,34.23899841308594,34.394248962402344,,35.15499496459961,35.15499496459961,
2026-06-08 02:45:49,,,,,,,,32.205265045166016,,,,,
2026-06-08 02:45:50,34.86001205444336,34.549503326416016,34.083744049072266,33.928489685058594,34.394248962402344,34.549503326416016,34.549503326416016,34.549503326416016,34.549503326416016,,35.15499496459961,35.15499496459961,
2026-06-08 02:46:20,,,,,,,,32.464271545410156,,,,,
2026-06-08 02:46:20,34.70475769042969,34.23899841308594,34.394248962402344,34.394248962402344,34.394248962402344,34.70475769042969,35.15499496459961,33.928489685058594,35.15499496459961,,35.29472351074219,35.29472351074219,
2026-06-08 02:46:51,,,,,,,,32.45804977416992,,,,,
2026-06-08 02:46:52,34.394248962402344,34.70475769042969,34.394248962402344,34.23899841308594,34.394248962402344,34.394248962402344,34.394248962402344,34.083744049072266,35.01526641845703,,35.15499496459961,35.434452056884766,
2026-06-08 02:47:26,,,,,,,,33.46328353881836,,,,,
2026-06-08 02:47:26,34.70475769042969,33.928489685058594,34.23899841308594,34.23899841308594,34.549503326416016,33.928489685058594,34.549503326416016,34.23899841308594,35.01526641845703,,35.29472351074219,35.15499496459961,
2026-06-08 02:47:57,,,,,,,,32.205265045166016,,,,,
2026-06-08 02:47:57,34.86001205444336,34.083744049072266,34.083744049072266,34.549503326416016,34.549503326416016,34.083744049072266,34.70475769042969,34.70475769042969,34.86001205444336,,35.29472351074219,35.15499496459961,
2026-06-08 02:48:30,,,,,,,,31.93389892578125,,,,,
2026-06-08 02:48:31,34.86001205444336,33.928489685058594,34.549503326416016,34.394248962402344,33.77323532104492,33.928489685058594,34.70475769042969,34.70475769042969,35.01526641845703,,35.29472351074219,35.15499496459961,
2026-06-08 02:49:01,,,,,,,,31.93389892578125,,,,,
2026-06-08 02:49:01,34.549503326416016,33.77323532104492,34.23899841308594,33.928489685058594,34.23899841308594,34.23899841308594,34.86001205444336,34.549503326416016,34.86001205444336,,35.29472351074219,35.29472351074219,
2026-06-08 02:49:35,34.549503326416016,34.86001205444336,34.394248962402344,34.083744049072266,33.77323532104492,34.23899841308594,33.77323532104492,34.23899841308594,34.549503326416016,,35.15499496459961,35.15499496459961,
2026-06-08 02:49:38,,,,,,,,32.717037200927734,,,,,
2026-06-08 02:50:11,,,,,,,,32.45804977416992,,,,,
2026-06-08 02:50:11,34.394248962402344,34.23899841308594,33.46272659301758,33.61798095703125,33.77323532104492,34.394248962402344,33.928489685058594,33.77323532104492,34.23899841308594,,35.15499496459961,35.15499496459961,
2026-06-08 02:50:45,,,,,,,,32.45183563232422,,,,,
2026-06-08 02:50:46,34.549503326416016,34.70475769042969,34.083744049072266,34.549503326416016,33.928489685058594,34.549503326416016,34.23899841308594,34.23899841308594,34.86001205444336,,35.29472351074219,35.434452056884766,
2026-06-08 02:51:17,,,,,,,,32.18045425415039,,,,,
2026-06-08 02:51:18,34.70475769042969,34.70475769042969,33.77323532104492,34.394248962402344,34.394248962402344,34.70475769042969,34.70475769042969,33.928489685058594,34.86001205444336,,35.434452056884766,35.29472351074219,
2026-06-08 02:51:51,,,,,,,,33.8946647644043,,,,,
2026-06-08 02:51:51,34.083744049072266,34.394248962402344,34.083744049072266,34.23899841308594,34.394248962402344,34.23899841308594,34.083744049072266,33.928489685058594,35.01526641845703,,35.15499496459961,35.434452056884766,
2026-06-08 02:52:22,,,,,,,,34.116634368896484,,,,,
2026-06-08 02:52:23,34.549503326416016,34.549503326416016,34.23899841308594,34.23899841308594,34.394248962402344,34.549503326416016,34.394248962402344,34.70475769042969,34.549503326416016,,35.434452056884766,35.434452056884766,
2026-06-08 02:52:53,,,,,,,,33.90097427368164,,,,,
2026-06-08 02:52:54,33.77323532104492,34.394248962402344,34.083744049072266,34.083744049072266,33.61798095703125,34.23899841308594,34.394248962402344,33.928489685058594,34.23899841308594,,35.15499496459961,35.15499496459961,
2026-06-08 02:53:25,,,,,,,,34.33860778808594,,,,,
2026-06-08 02:53:26,34.23899841308594,34.23899841308594,33.77323532104492,34.394248962402344,34.083744049072266,34.86001205444336,34.23899841308594,34.394248962402344,34.549503326416016,,35.29472351074219,35.434452056884766,
2026-06-08 02:54:00,,,,,,,,33.8946647644043,,,,,
2026-06-08 02:54:01,34.549503326416016,34.394248962402344,33.928489685058594,33.928489685058594,33.928489685058594,34.86001205444336,33.928489685058594,34.23899841308594,34.549503326416016,,35.15499496459961,35.29472351074219,
2026-06-08 02:54:49,34.23899841308594,34.23899841308594,33.61798095703125,33.928489685058594,33.928489685058594,34.394248962402344,34.394248962402344,34.394248962402344,34.394248962402344,,35.29472351074219,35.15499496459961,
2026-06-08 02:54:50,,,,,,,,33.672691345214844,,,,,
2026-06-08 02:55:11,34.23899841308594,34.394248962402344,33.928489685058594,34.549503326416016,34.23899841308594,34.549503326416016,34.23899841308594,34.23899841308594,34.23899841308594,,35.15499496459961,35.15499496459961,
2026-06-08 02:55:20,,,,,,,,34.116634368896484,,,,,
2026-06-08 02:55:44,34.23899841308594,34.70475769042969,33.77323532104492,34.23899841308594,33.928489685058594,33.928489685058594,34.083744049072266,33.928489685058594,34.86001205444336,,35.01526641845703,35.01526641845703,
2026-06-08 02:55:53,,,,,,,,33.90097427368164,,,,,
2026-06-08 02:56:14,34.70475769042969,34.70475769042969,34.394248962402344,35.15499496459961,33.928489685058594,34.394248962402344,34.394248962402344,34.394248962402344,34.23899841308594,,35.01526641845703,35.01526641845703,
2026-06-08 02:56:27,,,,,,,,33.88834762573242,,,,,
2026-06-08 02:56:45,34.394248962402344,34.083744049072266,34.394248962402344,34.083744049072266,33.928489685058594,34.083744049072266,34.23899841308594,34.23899841308594,33.77323532104492,,35.15499496459961,35.29472351074219,
2026-06-08 02:56:59,,,,,,,,33.88834762573242,,,,,
2026-06-08 02:57:17,34.083744049072266,34.70475769042969,34.23899841308594,34.083744049072266,34.083744049072266,34.70475769042969,34.394248962402344,34.23899841308594,34.70475769042969,,35.01526641845703,35.15499496459961,
2026-06-08 02:57:30,,,,,,,,33.8946647644043,,,,,
2026-06-08 02:57:50,34.394248962402344,34.70475769042969,33.307472229003906,33.77323532104492,34.23899841308594,34.70475769042969,33.928489685058594,34.083744049072266,34.70475769042969,,35.15499496459961,35.29472351074219,
2026-06-08 02:58:02,,,,,,,,33.45699691772461,,,,,
2026-06-08 02:58:22,34.23899841308594,35.01526641845703,33.928489685058594,33.928489685058594,34.23899841308594,34.70475769042969,34.083744049072266,34.083744049072266,34.86001205444336,,35.15499496459961,35.29472351074219,
2026-06-08 02:58:33,,,,,,,,33.90097427368164,,,,,
2026-06-08 02:58:54,34.23899841308594,35.01526641845703,33.928489685058594,34.394248962402344,34.394248962402344,34.549503326416016,33.61798095703125,33.77323532104492,34.083744049072266,,35.15499496459961,35.15499496459961,
2026-06-08 02:59:04,,,,,,,,33.8946647644043,,,,,
2026-06-08 02:59:25,34.70475769042969,34.394248962402344,34.23899841308594,34.083744049072266,34.083744049072266,34.549503326416016,33.928489685058594,34.083744049072266,34.394248962402344,,35.01526641845703,35.29472351074219,
2026-06-08 02:59:52,,,,,,,,34.56058120727539,,,,,
2026-06-08 02:59:56,34.394248962402344,34.70475769042969,34.394248962402344,34.23899841308594,34.23899841308594,34.083744049072266,34.86001205444336,33.928489685058594,34.70475769042969,,35.15499496459961,35.01526641845703,
2026-06-08 03:00:24,,,,,,,,33.678985595703125,,,,,
2026-06-08 03:00:31,34.549503326416016,34.70475769042969,34.394248962402344,34.86001205444336,35.01526641845703,35.01526641845703,34.549503326416016,34.549503326416016,34.083744049072266,,35.29472351074219,35.434452056884766,
2026-06-08 03:00:56,,,,,,,,33.907291412353516,,,,,
2026-06-08 03:01:03,35.434452056884766,34.549503326416016,34.394248962402344,34.394248962402344,34.86001205444336,34.23899841308594,34.549503326416016,34.549503326416016,34.394248962402344,,35.29472351074219,35.434452056884766,
2026-06-08 03:01:28,,,,,,,,33.45699691772461,,,,,
2026-06-08 03:01:33,34.549503326416016,34.23899841308594,34.083744049072266,34.394248962402344,34.549503326416016,33.77323532104492,34.23899841308594,34.23899841308594,34.23899841308594,,35.29472351074219,35.29472351074219,
2026-06-08 03:02:00,,,,,,,,32.45183563232422,,,,,
2026-06-08 03:02:06,35.434452056884766,35.01526641845703,34.70475769042969,34.549503326416016,34.549503326416016,34.86001205444336,35.01526641845703,35.15499496459961,34.86001205444336,,35.434452056884766,35.574180603027344,
2026-06-08 03:02:31,,,,,,,,32.71080780029297,,,,,
2026-06-08 03:02:38,34.083744049072266,34.23899841308594,34.083744049072266,34.394248962402344,34.394248962402344,34.549503326416016,34.083744049072266,34.394248962402344,34.23899841308594,,35.15499496459961,35.15499496459961,
2026-06-08 03:03:03,,,,,,,,32.45804977416992,,,,,
2026-06-08 03:03:13,34.549503326416016,34.394248962402344,34.083744049072266,33.928489685058594,33.928489685058594,34.549503326416016,34.083744049072266,34.23899841308594,34.70475769042969,,35.29472351074219,35.434452056884766,
2026-06-08 03:03:38,,,,,,,,32.717037200927734,,,,,
2026-06-08 03:03:44,33.77323532104492,34.394248962402344,33.46272659301758,33.61798095703125,34.23899841308594,33.928489685058594,33.928489685058594,34.394248962402344,34.083744049072266,,35.15499496459961,35.15499496459961,
2026-06-08 03:04:08,,,,,,,,32.71080780029297,,,,,
2026-06-08 03:04:17,34.394248962402344,33.928489685058594,33.77323532104492,34.70475769042969,34.549503326416016,34.70475769042969,34.083744049072266,34.70475769042969,34.23899841308594,,35.29472351074219,35.15499496459961,
2026-06-08 03:04:41,,,,,,,,32.71080780029297,,,,,
2026-06-08 03:04:53,34.86001205444336,34.70475769042969,34.23899841308594,34.70475769042969,34.394248962402344,34.083744049072266,34.86001205444336,34.549503326416016,34.549503326416016,,35.574180603027344,35.29472351074219,
2026-06-08 03:05:16,,,,,,,,32.71080780029297,,,,,
2026-06-08 03:05:24,34.549503326416016,33.928489685058594,33.61798095703125,34.083744049072266,33.928489685058594,33.928489685058594,33.61798095703125,34.394248962402344,34.394248962402344,,35.29472351074219,35.15499496459961,
2026-06-08 03:05:47,,,,,,,,32.71080780029297,,,,,
2026-06-08 03:05:58,34.549503326416016,34.23899841308594,34.083744049072266,34.549503326416016,34.394248962402344,34.549503326416016,33.77323532104492,34.70475769042969,34.23899841308594,,35.29472351074219,35.15499496459961,
2026-06-08 03:06:22,,,,,,,,33.22874450683594,,,,,
2026-06-08 03:06:29,34.549503326416016,34.083744049072266,33.77323532104492,34.549503326416016,34.23899841308594,34.394248962402344,34.23899841308594,34.549503326416016,34.394248962402344,,35.15499496459961,35.29472351074219,
2026-06-08 03:06:57,,,,,,,,32.71080780029297,,,,,
2026-06-08 03:07:03,34.86001205444336,34.394248962402344,34.394248962402344,34.70475769042969,34.083744049072266,33.928489685058594,33.928489685058594,34.86001205444336,33.928489685058594,,35.15499496459961,35.29472351074219,
2026-06-08 03:07:30,,,,,,,,33.45071792602539,,,,,
2026-06-08 03:07:39,34.23899841308594,34.23899841308594,34.394248962402344,34.549503326416016,34.23899841308594,34.549503326416016,34.394248962402344,34.394248962402344,34.394248962402344,,35.29472351074219,35.15499496459961,
2026-06-08 03:08:03,,,,,,,,32.70457077026367,,,,,
2026-06-08 03:08:12,34.86001205444336,34.083744049072266,33.46272659301758,34.23899841308594,34.083744049072266,34.23899841308594,33.77323532104492,34.394248962402344,34.394248962402344,,35.01526641845703,35.29472351074219,
2026-06-08 03:08:34,,,,,,,,32.44561767578125,,,,,
2026-06-08 03:08:45,34.23899841308594,34.70475769042969,34.549503326416016,34.549503326416016,34.549503326416016,34.083744049072266,34.083744049072266,34.549503326416016,34.70475769042969,,35.434452056884766,35.434452056884766,
2026-06-08 03:09:06,,,,,,,,32.96977615356445,,,,,
2026-06-08 03:09:16,34.86001205444336,34.23899841308594,33.928489685058594,34.70475769042969,34.549503326416016,34.549503326416016,34.86001205444336,34.86001205444336,34.549503326416016,,35.29472351074219,35.29472351074219,
2026-06-08 03:09:52,,,,,,,,32.96352005004883,,,,,
2026-06-08 03:09:53,34.23899841308594,34.549503326416016,34.23899841308594,34.70475769042969,34.23899841308594,34.23899841308594,34.549503326416016,34.083744049072266,34.549503326416016,,35.29472351074219,35.434452056884766,
2026-06-08 03:10:25,,,,,,,,33.45071792602539,,,,,
2026-06-08 03:10:26,34.23899841308594,34.23899841308594,34.23899841308594,34.394248962402344,33.46272659301758,34.23899841308594,34.394248962402344,33.928489685058594,34.083744049072266,,35.01526641845703,35.01526641845703,
2026-06-08 03:10:57,,,,,,,,32.71080780029297,,,,,
2026-06-08 03:10:58,34.70475769042969,34.23899841308594,34.70475769042969,34.394248962402344,33.61798095703125,34.549503326416016,33.928489685058594,34.083744049072266,35.01526641845703,,35.01526641845703,35.15499496459961,
2026-06-08 03:11:29,,,,,,,,33.22874450683594,,,,,
2026-06-08 03:11:30,33.61798095703125,34.23899841308594,33.928489685058594,34.549503326416016,34.23899841308594,34.549503326416016,34.083744049072266,34.083744049072266,34.86001205444336,,35.29472351074219,35.29472351074219,
2026-06-08 03:12:04,,,,,,,,32.96977615356445,,,,,
2026-06-08 03:12:05,34.549503326416016,34.083744049072266,33.61798095703125,34.083744049072266,33.928489685058594,33.77323532104492,33.928489685058594,34.549503326416016,34.083744049072266,,34.86001205444336,35.01526641845703,
2026-06-08 03:12:38,,,,,,,,32.18666458129883,,,,,
2026-06-08 03:12:39,35.01526641845703,33.77323532104492,33.77323532104492,34.549503326416016,34.083744049072266,34.394248962402344,34.23899841308594,33.928489685058594,34.70475769042969,,35.15499496459961,35.29472351074219,
2026-06-08 03:13:08,,,,,,,,32.177364349365234,,,,,
2026-06-08 03:13:09,34.23899841308594,34.394248962402344,34.23899841308594,34.23899841308594,33.46272659301758,33.928489685058594,33.77323532104492,33.928489685058594,34.23899841308594,,34.86001205444336,34.86001205444336,
2026-06-08 03:13:41,,,,,,,,32.69831848144531,,,,,
2026-06-08 03:13:42,34.394248962402344,34.549503326416016,34.23899841308594,34.083744049072266,34.083744049072266,34.083744049072266,34.394248962402344,34.23899841308594,34.86001205444336,,35.15499496459961,35.29472351074219,
2026-06-08 03:14:12,,,,,,,,31.92771339416504,,,,,
2026-06-08 03:14:12,34.394248962402344,33.77323532104492,34.23899841308594,34.549503326416016,33.61798095703125,34.083744049072266,34.083744049072266,34.083744049072266,34.083744049072266,,34.86001205444336,35.01526641845703,
2026-06-08 03:14:54,33.928489685058594,33.928489685058594,34.23899841308594,34.394248962402344,34.549503326416016,34.083744049072266,33.307472229003906,34.23899841308594,34.394248962402344,,35.01526641845703,35.01526641845703,
2026-06-08 03:14:54,,,,,,,,32.44561767578125,,,,,
2026-06-08 03:15:15,34.86001205444336,34.394248962402344,34.083744049072266,33.77323532104492,34.083744049072266,33.928489685058594,34.394248962402344,34.23899841308594,34.70475769042969,,35.15499496459961,35.01526641845703,
2026-06-08 03:15:24,,,,,,,,32.18045425415039,,,,,
2026-06-08 03:15:46,34.394248962402344,33.928489685058594,34.083744049072266,34.394248962402344,34.394248962402344,34.70475769042969,34.083744049072266,35.15499496459961,34.70475769042969,,35.29472351074219,35.29472351074219,
2026-06-08 03:15:58,,,,,,,,32.177364349365234,,,,,
2026-06-08 03:16:18,34.86001205444336,33.77323532104492,34.23899841308594,34.083744049072266,33.928489685058594,34.083744049072266,33.77323532104492,34.394248962402344,34.549503326416016,,35.15499496459961,35.15499496459961,
2026-06-08 03:16:29,,,,,,,,31.921520233154297,,,,,
2026-06-08 03:16:54,34.549503326416016,34.549503326416016,34.23899841308594,35.01526641845703,33.61798095703125,34.23899841308594,34.23899841308594,34.23899841308594,35.01526641845703,,35.15499496459961,35.29472351074219,
2026-06-08 03:17:00,,,,,,,,31.921520233154297,,,,,
2026-06-08 03:17:26,34.394248962402344,34.23899841308594,33.928489685058594,34.70475769042969,34.23899841308594,34.083744049072266,33.928489685058594,34.083744049072266,34.23899841308594,,35.15499496459961,35.15499496459961,
2026-06-08 03:17:33,,,,,,,,32.43938446044922,,,,,
2026-06-08 03:17:58,34.70475769042969,34.549503326416016,34.083744049072266,34.23899841308594,33.77323532104492,33.77323532104492,34.549503326416016,34.23899841308594,34.549503326416016,,35.15499496459961,35.15499496459961,
2026-06-08 03:18:06,,,,,,,,32.177364349365234,,,,,
2026-06-08 03:18:28,34.549503326416016,34.23899841308594,34.23899841308594,34.083744049072266,34.23899841308594,34.23899841308594,34.394248962402344,34.083744049072266,34.86001205444336,,35.29472351074219,35.29472351074219,
2026-06-08 03:18:39,,,,,,,,32.177364349365234,,,,,
2026-06-08 03:18:59,33.928489685058594,34.549503326416016,33.61798095703125,34.23899841308594,34.23899841308594,34.549503326416016,34.549503326416016,34.23899841308594,34.394248962402344,,35.15499496459961,35.01526641845703,
2026-06-08 03:19:09,,,,,,,,32.4362907409668,,,,,
2026-06-08 03:19:30,34.86001205444336,34.394248962402344,34.083744049072266,34.083744049072266,34.23899841308594,34.70475769042969,33.928489685058594,34.394248962402344,34.70475769042969,,35.434452056884766,35.434452056884766,
2026-06-08 03:19:59,,,,,,,,31.918439865112305,,,,,
2026-06-08 03:20:04,34.23899841308594,34.549503326416016,34.394248962402344,33.77323532104492,34.083744049072266,34.549503326416016,33.928489685058594,33.928489685058594,35.01526641845703,,35.01526641845703,35.01526641845703,
2026-06-08 03:20:30,,,,,,,,32.430076599121094,,,,,
2026-06-08 03:20:36,33.928489685058594,34.083744049072266,34.083744049072266,33.928489685058594,33.152217864990234,34.23899841308594,34.23899841308594,33.928489685058594,34.394248962402344,,35.01526641845703,35.15499496459961,
2026-06-08 03:21:05,,,,,,,,32.43938446044922,,,,,
2026-06-08 03:21:08,33.77323532104492,34.23899841308594,34.549503326416016,33.928489685058594,34.083744049072266,34.23899841308594,34.23899841308594,33.77323532104492,35.01526641845703,,35.01526641845703,35.29472351074219,
2026-06-08 03:21:39,,,,,,,,32.69521713256836,,,,,
2026-06-08 03:21:39,34.083744049072266,34.23899841308594,34.394248962402344,33.61798095703125,34.394248962402344,33.928489685058594,34.23899841308594,33.928489685058594,34.86001205444336,,35.01526641845703,35.01526641845703,
2026-06-08 03:22:14,,,,,,,,33.87887191772461,,,,,
2026-06-08 03:22:14,33.46272659301758,33.61798095703125,33.928489685058594,33.77323532104492,33.77323532104492,33.61798095703125,33.46272659301758,33.46272659301758,34.23899841308594,,34.549503326416016,34.70475769042969,
2026-06-08 03:22:47,,,,,,,,33.21306610107422,,,,,
2026-06-08 03:22:48,34.083744049072266,34.70475769042969,34.23899841308594,33.77323532104492,33.46272659301758,34.23899841308594,34.083744049072266,33.928489685058594,34.549503326416016,,34.86001205444336,35.01526641845703,
2026-06-08 03:23:18,,,,,,,,33.21306610107422,,,,,
2026-06-08 03:23:19,34.394248962402344,33.77323532104492,33.61798095703125,34.23899841308594,33.61798095703125,34.083744049072266,33.928489685058594,33.928489685058594,34.23899841308594,,34.86001205444336,35.29472351074219,
2026-06-08 03:23:49,,,,,,,,33.435001373291016,,,,,
2026-06-08 03:23:50,33.928489685058594,33.928489685058594,33.928489685058594,34.083744049072266,34.23899841308594,33.928489685058594,34.23899841308594,33.928489685058594,34.549503326416016,,34.86001205444336,34.86001205444336,
2026-06-08 03:24:21,,,,,,,,33.65693664550781,,,,,
2026-06-08 03:24:22,34.083744049072266,34.083744049072266,34.083744049072266,33.928489685058594,34.23899841308594,34.083744049072266,34.083744049072266,33.928489685058594,34.23899841308594,,35.01526641845703,35.01526641845703,
2026-06-08 03:25:02,33.928489685058594,34.083744049072266,33.77323532104492,33.77323532104492,34.23899841308594,33.928489685058594,34.23899841308594,34.23899841308594,34.23899841308594,,34.86001205444336,34.86001205444336,
2026-06-08 03:25:02,,,,,,,,33.65693664550781,,,,,
2026-06-08 03:25:25,34.70475769042969,34.23899841308594,34.23899841308594,33.928489685058594,34.23899841308594,34.70475769042969,34.70475769042969,34.23899841308594,34.394248962402344,,35.15499496459961,35.29472351074219,
2026-06-08 03:25:36,,,,,,,,34.10081100463867,,,,,
2026-06-08 03:25:56,34.70475769042969,34.23899841308594,34.23899841308594,34.549503326416016,34.23899841308594,34.86001205444336,33.77323532104492,33.928489685058594,34.70475769042969,,35.29472351074219,35.15499496459961,
2026-06-08 03:26:11,,,,,,,,33.65693664550781,,,,,
2026-06-08 03:26:27,34.083744049072266,33.77323532104492,34.083744049072266,34.083744049072266,34.23899841308594,34.549503326416016,34.394248962402344,33.928489685058594,34.394248962402344,,35.15499496459961,35.01526641845703,
2026-06-08 03:26:43,,,,,,,,33.65064239501953,,,,,
2026-06-08 03:26:58,33.77323532104492,33.928489685058594,34.083744049072266,34.70475769042969,34.23899841308594,34.549503326416016,33.928489685058594,34.083744049072266,35.01526641845703,,35.01526641845703,35.15499496459961,
2026-06-08 03:27:18,,,,,,,,33.65064239501953,,,,,
2026-06-08 03:27:32,34.083744049072266,34.083744049072266,33.77323532104492,33.61798095703125,34.23899841308594,34.549503326416016,34.23899841308594,34.549503326416016,34.23899841308594,,35.15499496459961,35.15499496459961,
2026-06-08 03:27:49,,,,,,,,33.65064239501953,,,,,
2026-06-08 03:28:06,34.083744049072266,34.083744049072266,33.46272659301758,33.928489685058594,33.61798095703125,34.23899841308594,33.928489685058594,34.083744049072266,34.549503326416016,,35.01526641845703,35.01526641845703,
2026-06-08 03:28:21,,,,,,,,33.65693664550781,,,,,
2026-06-08 03:28:38,34.083744049072266,34.083744049072266,34.083744049072266,34.083744049072266,34.23899841308594,33.77323532104492,33.928489685058594,33.77323532104492,34.394248962402344,,35.29472351074219,35.15499496459961,
2026-06-08 03:28:56,,,,,,,,33.65693664550781,,,,,
2026-06-08 03:29:11,34.549503326416016,34.549503326416016,34.394248962402344,34.549503326416016,33.61798095703125,34.394248962402344,34.86001205444336,33.928489685058594,34.70475769042969,,35.01526641845703,35.01526641845703,
2026-06-08 03:29:31,,,,,,,,33.65064239501953,,,,,
2026-06-08 03:30:05,34.23899841308594,33.77323532104492,34.083744049072266,34.083744049072266,33.77323532104492,34.083744049072266,33.928489685058594,34.549503326416016,33.928489685058594,,35.01526641845703,35.15499496459961,
2026-06-08 03:30:08,,,,,,,,34.10081100463867,,,,,
2026-06-08 03:30:29,34.394248962402344,33.61798095703125,34.23899841308594,33.928489685058594,33.77323532104492,33.928489685058594,33.61798095703125,34.23899841308594,34.23899841308594,,35.01526641845703,34.86001205444336,
2026-06-08 03:30:39,,,,,,,,33.435001373291016,,,,,
2026-06-08 03:31:01,34.23899841308594,33.928489685058594,34.394248962402344,33.61798095703125,33.928489685058594,33.61798095703125,34.083744049072266,34.549503326416016,33.928489685058594,,34.86001205444336,34.86001205444336,
2026-06-08 03:31:12,,,,,,,,33.64119338989258,,,,,
2026-06-08 03:31:35,33.928489685058594,33.77323532104492,33.46272659301758,34.23899841308594,34.083744049072266,33.77323532104492,34.23899841308594,34.23899841308594,33.928489685058594,,34.86001205444336,34.86001205444336,
2026-06-08 03:31:44,,,,,,,,32.954139709472656,,,,,
2026-06-08 03:32:10,33.928489685058594,33.46272659301758,34.083744049072266,33.61798095703125,33.928489685058594,34.23899841308594,34.23899841308594,34.549503326416016,34.86001205444336,,34.86001205444336,35.15499496459961,
2026-06-08 03:32:15,,,,,,,,32.688987731933594,,,,,
2026-06-08 03:32:40,34.23899841308594,34.083744049072266,33.928489685058594,34.394248962402344,33.61798095703125,34.083744049072266,33.928489685058594,34.23899841308594,34.083744049072266,,34.70475769042969,34.86001205444336,
2026-06-08 03:32:48,,,,,,,,32.69521713256836,,,,,
2026-06-08 03:33:11,33.928489685058594,33.928489685058594,34.083744049072266,33.61798095703125,33.928489685058594,33.77323532104492,33.61798095703125,33.77323532104492,33.77323532104492,,34.86001205444336,34.86001205444336,
2026-06-08 03:33:21,,,,,,,,32.4362907409668,,,,,
2026-06-08 03:33:41,33.928489685058594,34.083744049072266,33.61798095703125,34.23899841308594,33.46272659301758,34.083744049072266,33.928489685058594,34.394248962402344,34.23899841308594,,34.86001205444336,35.01526641845703,
2026-06-08 03:33:54,,,,,,,,32.69521713256836,,,,,
2026-06-08 03:34:16,34.23899841308594,33.61798095703125,34.083744049072266,34.549503326416016,33.61798095703125,33.928489685058594,33.928489685058594,34.549503326416016,34.083744049072266,,35.01526641845703,35.15499496459961,
2026-06-08 03:34:30,,,,,,,,32.954139709472656,,,,,
2026-06-08 03:35:08,33.77323532104492,33.46272659301758,33.46272659301758,33.61798095703125,33.61798095703125,33.928489685058594,33.61798095703125,34.549503326416016,33.928489685058594,,34.86001205444336,34.86001205444336,
2026-06-08 03:35:13,,,,,,,,32.94789505004883,,,,,
2026-06-08 03:35:29,33.77323532104492,33.61798095703125,33.61798095703125,34.083744049072266,34.23899841308594,34.23899841308594,34.23899841308594,34.549503326416016,34.083744049072266,,34.70475769042969,34.86001205444336,
2026-06-08 03:35:47,,,,,,,,33.65064239501953,,,,,
2026-06-08 03:36:01,33.928489685058594,34.23899841308594,33.928489685058594,34.23899841308594,33.77323532104492,34.083744049072266,33.77323532104492,34.23899841308594,34.23899841308594,,35.01526641845703,35.01526641845703,
2026-06-08 03:36:20,,,,,,,,33.65064239501953,,,,,
2026-06-08 03:36:32,34.549503326416016,34.394248962402344,34.083744049072266,34.394248962402344,33.928489685058594,33.928489685058594,34.23899841308594,34.394248962402344,34.549503326416016,,35.15499496459961,35.29472351074219,
2026-06-08 03:36:56,,,,,,,,33.20680236816406,,,,,
2026-06-08 03:37:03,34.394248962402344,33.928489685058594,34.083744049072266,33.928489685058594,34.083744049072266,34.23899841308594,33.928489685058594,34.23899841308594,34.394248962402344,,35.01526641845703,35.29472351074219,
2026-06-08 03:37:26,,,,,,,,33.435001373291016,,,,,
2026-06-08 03:37:33,34.70475769042969,34.549503326416016,33.928489685058594,33.928489685058594,33.928489685058594,33.928489685058594,34.549503326416016,34.394248962402344,34.394248962402344,,35.01526641845703,35.15499496459961,
2026-06-08 03:38:01,,,,,,,,33.21306610107422,,,,,
2026-06-08 03:38:07,34.23899841308594,33.928489685058594,33.61798095703125,33.77323532104492,33.46272659301758,33.61798095703125,34.23899841308594,34.549503326416016,34.394248962402344,,35.01526641845703,34.86001205444336,
2026-06-08 03:38:33,,,,,,,,32.688987731933594,,,,,
2026-06-08 03:38:40,34.394248962402344,33.46272659301758,33.928489685058594,34.23899841308594,34.083744049072266,34.23899841308594,34.394248962402344,33.928489685058594,34.394248962402344,,35.15499496459961,35.01526641845703,
2026-06-08 03:39:06,,,,,,,,32.94789505004883,,,,,
2026-06-08 03:39:11,34.549503326416016,33.46272659301758,33.928489685058594,34.083744049072266,33.61798095703125,33.928489685058594,33.928489685058594,34.394248962402344,34.549503326416016,,34.86001205444336,35.01526641845703,
2026-06-08 03:39:40,,,,,,,,32.69521713256836,,,,,
2026-06-08 03:39:45,33.928489685058594,33.928489685058594,33.77323532104492,33.928489685058594,33.928489685058594,33.928489685058594,33.61798095703125,34.083744049072266,34.083744049072266,,34.86001205444336,35.01526641845703,
2026-06-08 03:40:11,,,,,,,,32.94789505004883,,,,,
2026-06-08 03:40:16,34.23899841308594,34.083744049072266,33.61798095703125,34.083744049072266,34.549503326416016,34.23899841308594,33.928489685058594,34.23899841308594,34.394248962402344,,35.15499496459961,35.15499496459961,
2026-06-08 03:40:48,,,,,,,,33.4287223815918,,,,,
2026-06-08 03:40:48,33.928489685058594,33.928489685058594,34.083744049072266,34.394248962402344,33.928489685058594,35.15499496459961,34.549503326416016,34.23899841308594,34.394248962402344,,35.15499496459961,35.15499496459961,
2026-06-08 03:41:23,,,,,,,,33.19739532470703,,,,,
2026-06-08 03:41:23,34.394248962402344,34.549503326416016,33.928489685058594,34.23899841308594,34.23899841308594,34.549503326416016,34.86001205444336,34.23899841308594,34.549503326416016,,35.29472351074219,35.15499496459961,
2026-06-08 03:41:53,34.23899841308594,34.70475769042969,34.23899841308594,33.928489685058594,33.61798095703125,34.549503326416016,34.70475769042969,34.394248962402344,34.394248962402344,,35.01526641845703,35.15499496459961,
2026-06-08 03:41:58,,,,,,,,32.94789505004883,,,,,
2026-06-08 03:42:25,34.549503326416016,34.394248962402344,33.77323532104492,34.083744049072266,34.394248962402344,34.23899841308594,34.86001205444336,34.083744049072266,34.23899841308594,,35.29472351074219,35.15499496459961,
2026-06-08 03:42:29,,,,,,,,32.688987731933594,,,,,
2026-06-08 03:43:00,,,,,,,,32.954139709472656,,,,,
2026-06-08 03:43:00,34.394248962402344,34.70475769042969,33.307472229003906,34.083744049072266,34.394248962402344,34.549503326416016,34.394248962402344,34.394248962402344,34.394248962402344,,35.29472351074219,35.434452056884766,
2026-06-08 03:43:36,,,,,,,,33.21306610107422,,,,,
2026-06-08 03:43:37,33.928489685058594,34.549503326416016,33.77323532104492,34.549503326416016,34.394248962402344,34.23899841308594,34.23899841308594,33.928489685058594,34.70475769042969,,35.15499496459961,35.29472351074219,
2026-06-08 03:44:08,,,,,,,,33.20680236816406,,,,,
2026-06-08 03:44:09,34.549503326416016,34.083744049072266,34.549503326416016,34.23899841308594,34.394248962402344,34.394248962402344,34.394248962402344,34.394248962402344,34.394248962402344,,35.29472351074219,35.29472351074219,
2026-06-08 03:44:40,,,,,,,,33.21306610107422,,,,,
2026-06-08 03:44:41,33.61798095703125,34.549503326416016,34.70475769042969,33.928489685058594,34.549503326416016,34.549503326416016,34.394248962402344,34.70475769042969,34.394248962402344,,35.29472351074219,35.29472351074219,
2026-06-08 03:45:12,,,,,,,,33.21306610107422,,,,,
2026-06-08 03:45:13,33.928489685058594,33.928489685058594,33.61798095703125,33.61798095703125,33.61798095703125,34.394248962402344,33.61798095703125,33.928489685058594,34.083744049072266,,34.86001205444336,35.15499496459961,
2026-06-08 03:45:46,,,,,,,,32.4362907409668,,,,,
2026-06-08 03:45:46,34.549503326416016,33.77323532104492,33.928489685058594,34.083744049072266,34.394248962402344,34.23899841308594,34.23899841308594,34.23899841308594,34.23899841308594,,35.01526641845703,35.01526641845703,
2026-06-08 03:46:19,,,,,,,,31.918439865112305,,,,,
2026-06-08 03:46:20,33.928489685058594,34.23899841308594,34.23899841308594,34.083744049072266,33.77323532104492,34.083744049072266,34.394248962402344,34.394248962402344,34.394248962402344,,35.01526641845703,35.15499496459961,
2026-06-08 03:46:52,,,,,,,,32.42074966430664,,,,,
2026-06-08 03:46:53,34.394248962402344,34.394248962402344,33.928489685058594,34.083744049072266,33.928489685058594,34.23899841308594,34.23899841308594,34.083744049072266,34.70475769042969,,35.15499496459961,35.15499496459961,
2026-06-08 03:47:28,,,,,,,,32.430076599121094,,,,,
2026-06-08 03:47:29,34.083744049072266,34.394248962402344,34.083744049072266,34.70475769042969,34.549503326416016,34.549503326416016,34.394248962402344,34.70475769042969,34.70475769042969,,35.29472351074219,35.29472351074219,
2026-06-08 03:48:00,,,,,,,,32.679630279541016,,,,,
2026-06-08 03:48:00,34.394248962402344,34.394248962402344,34.394248962402344,34.70475769042969,34.394248962402344,34.86001205444336,34.394248962402344,33.928489685058594,34.23899841308594,,35.15499496459961,35.15499496459961,
2026-06-08 03:48:34,,,,,,,,33.19739532470703,,,,,
2026-06-08 03:48:34,33.928489685058594,34.394248962402344,34.394248962402344,33.928489685058594,34.23899841308594,34.394248962402344,34.23899841308594,34.083744049072266,34.083744049072266,,35.15499496459961,35.01526641845703,
2026-06-08 03:49:05,,,,,,,,31.912261962890625,,,,,
2026-06-08 03:49:06,34.083744049072266,34.23899841308594,34.23899841308594,34.083744049072266,34.23899841308594,34.23899841308594,34.23899841308594,33.77323532104492,34.394248962402344,,35.01526641845703,35.15499496459961,
2026-06-08 03:49:37,,,,,,,,32.673404693603516,,,,,
2026-06-08 03:49:38,34.23899841308594,34.70475769042969,33.77323532104492,34.083744049072266,34.394248962402344,34.083744049072266,34.23899841308594,34.23899841308594,34.394248962402344,,35.01526641845703,35.15499496459961,
2026-06-08 03:50:17,,,,,,,,32.161869049072266,,,,,
2026-06-08 03:50:17,34.86001205444336,34.394248962402344,33.928489685058594,33.928489685058594,34.70475769042969,34.23899841308594,34.86001205444336,34.86001205444336,34.394248962402344,,35.29472351074219,35.574180603027344,
2026-06-08 03:50:47,,,,,,,,31.89681053161621,,,,,
2026-06-08 03:50:48,34.394248962402344,33.928489685058594,34.083744049072266,34.23899841308594,34.083744049072266,34.394248962402344,34.70475769042969,34.23899841308594,34.70475769042969,,35.01526641845703,35.01526641845703,
2026-06-08 03:51:19,,,,,,,,32.4145393371582,,,,,
2026-06-08 03:51:20,35.01526641845703,33.928489685058594,33.152217864990234,34.23899841308594,34.394248962402344,33.77323532104492,34.23899841308594,34.083744049072266,34.23899841308594,,35.01526641845703,35.15499496459961,
2026-06-08 03:51:50,,,,,,,,31.89681053161621,,,,,
2026-06-08 03:51:51,34.86001205444336,34.394248962402344,34.083744049072266,34.23899841308594,34.394248962402344,34.549503326416016,34.394248962402344,34.394248962402344,35.434452056884766,,35.29472351074219,35.434452056884766,
2026-06-08 03:52:24,,,,,,,,31.64410400390625,,,,,
2026-06-08 03:52:24,34.86001205444336,33.928489685058594,33.77323532104492,34.549503326416016,34.394248962402344,34.394248962402344,34.394248962402344,33.928489685058594,34.23899841308594,,35.15499496459961,35.15499496459961,
2026-06-08 03:53:00,,,,,,,,31.89681053161621,,,,,
2026-06-08 03:53:00,34.394248962402344,34.083744049072266,33.77323532104492,34.86001205444336,33.928489685058594,34.083744049072266,34.23899841308594,34.70475769042969,34.70475769042969,,35.01526641845703,35.15499496459961,
2026-06-08 03:53:33,,,,,,,,32.679630279541016,,,,,
2026-06-08 03:53:33,34.394248962402344,34.394248962402344,33.77323532104492,34.549503326416016,34.083744049072266,34.394248962402344,34.70475769042969,34.86001205444336,35.01526641845703,,35.15499496459961,35.713905334472656,
2026-06-08 03:54:03,,,,,,,,32.679630279541016,,,,,
2026-06-08 03:54:04,34.70475769042969,34.394248962402344,33.61798095703125,34.394248962402344,34.549503326416016,34.394248962402344,34.394248962402344,34.70475769042969,34.549503326416016,,35.29472351074219,35.15499496459961,
2026-06-08 03:54:34,,,,,,,,32.679630279541016,,,,,
2026-06-08 03:54:35,34.549503326416016,34.549503326416016,33.61798095703125,34.394248962402344,33.928489685058594,34.394248962402344,34.394248962402344,34.394248962402344,34.23899841308594,,35.15499496459961,35.01526641845703,
2026-06-08 03:55:06,,,,,,,,32.673404693603516,,,,,
2026-06-08 03:55:17,33.928489685058594,33.928489685058594,33.928489685058594,33.61798095703125,34.549503326416016,34.394248962402344,34.394248962402344,34.394248962402344,34.86001205444336,,35.15499496459961,35.01526641845703,
2026-06-08 03:55:37,,,,,,,,32.15567398071289,,,,,
2026-06-08 03:55:38,35.574180603027344,34.70475769042969,34.083744049072266,34.394248962402344,34.394248962402344,34.70475769042969,35.01526641845703,34.549503326416016,34.70475769042969,,35.29472351074219,35.15499496459961,
2026-06-08 03:56:10,,,,,,,,32.42074966430664,,,,,
2026-06-08 03:56:10,34.394248962402344,34.23899841308594,33.928489685058594,34.083744049072266,34.083744049072266,34.083744049072266,34.394248962402344,33.928489685058594,34.394248962402344,,35.15499496459961,35.15499496459961,
2026-06-08 03:56:40,,,,,,,,32.679630279541016,,,,,
2026-06-08 03:56:41,34.23899841308594,34.23899841308594,33.46272659301758,34.23899841308594,34.083744049072266,33.77323532104492,34.23899841308594,34.083744049072266,34.083744049072266,,35.15499496459961,34.86001205444336,
2026-06-08 03:57:12,,,,,,,,32.679630279541016,,,,,
2026-06-08 03:57:12,34.549503326416016,34.23899841308594,33.46272659301758,34.549503326416016,34.394248962402344,34.083744049072266,34.394248962402344,34.70475769042969,34.86001205444336,,35.15499496459961,35.15499496459961,
2026-06-08 03:57:44,,,,,,,,32.15567398071289,,,,,
2026-06-08 03:57:44,34.394248962402344,33.61798095703125,33.61798095703125,34.23899841308594,34.23899841308594,34.394248962402344,34.23899841308594,34.23899841308594,33.928489685058594,,35.15499496459961,35.01526641845703,
2026-06-08 03:58:18,,,,,,,,32.673404693603516,,,,,
2026-06-08 03:58:19,34.083744049072266,33.928489685058594,34.083744049072266,34.394248962402344,34.394248962402344,34.083744049072266,34.083744049072266,34.083744049072266,34.23899841308594,,35.15499496459961,35.01526641845703,
2026-06-08 03:58:54,,,,,,,,32.40830993652344,,,,,
2026-06-08 03:58:54,34.394248962402344,33.928489685058594,33.46272659301758,33.61798095703125,34.394248962402344,34.23899841308594,34.394248962402344,33.928489685058594,34.23899841308594,,35.01526641845703,34.86001205444336,
2026-06-08 03:59:30,,,,,,,,32.673404693603516,,,,,
2026-06-08 03:59:30,34.083744049072266,34.083744049072266,34.083744049072266,34.549503326416016,33.61798095703125,33.928489685058594,34.083744049072266,34.394248962402344,34.86001205444336,,34.86001205444336,35.15499496459961,
2026-06-08 04:00:18,34.23899841308594,34.549503326416016,33.77323532104492,33.928489685058594,33.77323532104492,34.083744049072266,34.083744049072266,34.23899841308594,34.23899841308594,,35.01526641845703,35.15499496459961,
2026-06-08 04:00:24,,,,,,,,32.679630279541016,,,,,
2026-06-08 04:00:41,34.083744049072266,34.23899841308594,33.61798095703125,33.928489685058594,34.394248962402344,33.928489685058594,34.23899841308594,34.23899841308594,34.394248962402344,,35.01526641845703,35.15499496459961,
2026-06-08 04:00:58,,,,,,,,31.89681053161621,,,,,
2026-06-08 04:01:15,34.394248962402344,34.70475769042969,33.77323532104492,34.23899841308594,34.549503326416016,34.70475769042969,34.23899841308594,34.70475769042969,34.394248962402344,,35.01526641845703,35.15499496459961,
2026-06-08 04:01:32,,,,,,,,32.15567398071289,,,,,
2026-06-08 04:01:48,34.549503326416016,34.23899841308594,34.083744049072266,34.23899841308594,34.549503326416016,34.083744049072266,34.70475769042969,34.083744049072266,34.70475769042969,,35.01526641845703,35.15499496459961,
2026-06-08 04:02:03,,,,,,,,32.15567398071289,,,,,
2026-06-08 04:02:18,34.394248962402344,34.23899841308594,33.307472229003906,34.549503326416016,33.928489685058594,33.307472229003906,34.394248962402344,34.083744049072266,34.23899841308594,,34.86001205444336,34.86001205444336,
2026-06-08 04:02:36,,,,,,,,33.41301727294922,,,,,
2026-06-08 04:02:50,34.083744049072266,33.928489685058594,33.61798095703125,33.928489685058594,34.394248962402344,34.083744049072266,34.23899841308594,34.23899841308594,34.23899841308594,,34.86001205444336,35.01526641845703,
2026-06-08 04:03:08,,,,,,,,32.4145393371582,,,,,
2026-06-08 04:03:22,33.61798095703125,34.394248962402344,34.083744049072266,33.77323532104492,34.394248962402344,33.928489685058594,34.394248962402344,33.61798095703125,34.70475769042969,,35.01526641845703,35.15499496459961,
2026-06-08 04:03:43,,,,,,,,32.673404693603516,,,,,
2026-06-08 04:03:52,34.86001205444336,34.083744049072266,34.23899841308594,33.77323532104492,34.394248962402344,34.083744049072266,34.394248962402344,34.394248962402344,33.928489685058594,,35.15499496459961,35.15499496459961,
2026-06-08 04:04:16,,,,,,,,32.673404693603516,,,,,
2026-06-08 04:04:24,33.928489685058594,34.549503326416016,33.928489685058594,34.083744049072266,34.394248962402344,33.928489685058594,34.23899841308594,34.394248962402344,34.23899841308594,,35.15499496459961,35.15499496459961,
2026-06-08 04:04:47,,,,,,,,32.93226623535156,,,,,
2026-06-08 04:04:56,35.01526641845703,34.083744049072266,33.46272659301758,33.928489685058594,34.394248962402344,34.549503326416016,34.083744049072266,33.928489685058594,34.394248962402344,,35.15499496459961,35.29472351074219,
2026-06-08 04:05:22,,,,,,,,33.191131591796875,,,,,
2026-06-08 04:05:28,34.23899841308594,34.23899841308594,33.77323532104492,33.61798095703125,34.23899841308594,34.083744049072266,34.23899841308594,33.928489685058594,34.083744049072266,,35.01526641845703,35.01526641845703,
2026-06-08 04:05:53,,,,,,,,33.6348991394043,,,,,
2026-06-08 04:05:59,34.549503326416016,34.083744049072266,33.61798095703125,34.083744049072266,33.77323532104492,33.928489685058594,34.083744049072266,34.394248962402344,34.549503326416016,,34.70475769042969,35.15499496459961,
2026-06-08 04:06:29,,,,,,,,32.93226623535156,,,,,
2026-06-08 04:06:29,34.549503326416016,34.394248962402344,33.77323532104492,34.23899841308594,33.77323532104492,34.083744049072266,34.083744049072266,34.23899841308594,34.549503326416016,,35.15499496459961,35.15499496459961,
2026-06-08 04:06:59,,,,,,,,33.191131591796875,,,,,
2026-06-08 04:07:00,34.23899841308594,34.083744049072266,33.61798095703125,34.083744049072266,34.549503326416016,34.083744049072266,34.394248962402344,33.928489685058594,34.394248962402344,,35.01526641845703,35.01526641845703,
2026-06-08 04:07:29,,,,,,,,33.41301727294922,,,,,
2026-06-08 04:07:30,34.23899841308594,34.394248962402344,34.394248962402344,34.23899841308594,33.928489685058594,34.23899841308594,33.61798095703125,34.394248962402344,34.86001205444336,,35.01526641845703,35.15499496459961,
2026-06-08 04:08:04,,,,,,,,33.184852600097656,,,,,
2026-06-08 04:08:04,34.23899841308594,34.083744049072266,33.928489685058594,34.549503326416016,33.61798095703125,34.23899841308594,34.083744049072266,34.23899841308594,34.23899841308594,,35.01526641845703,35.01526641845703,
2026-06-08 04:08:37,,,,,,,,33.41301727294922,,,,,
2026-06-08 04:08:38,34.083744049072266,33.928489685058594,33.928489685058594,33.928489685058594,34.083744049072266,34.394248962402344,34.394248962402344,34.23899841308594,34.549503326416016,,35.01526641845703,35.15499496459961,
2026-06-08 04:09:09,,,,,,,,32.93226623535156,,,,,
2026-06-08 04:09:09,33.46272659301758,33.928489685058594,33.77323532104492,34.23899841308594,33.77323532104492,34.394248962402344,34.083744049072266,34.394248962402344,34.394248962402344,,35.15499496459961,35.29472351074219,
2026-06-08 04:09:39,,,,,,,,32.91975402832031,,,,,
2026-06-08 04:09:40,34.70475769042969,34.394248962402344,34.083744049072266,34.083744049072266,34.083744049072266,34.083744049072266,34.23899841308594,34.083744049072266,34.70475769042969,,35.15499496459961,35.15499496459961,
2026-06-08 04:10:23,34.083744049072266,34.549503326416016,34.083744049072266,34.86001205444336,34.394248962402344,35.01526641845703,34.394248962402344,34.86001205444336,34.70475769042969,,35.29472351074219,35.29472351074219,
2026-06-08 04:10:24,,,,,,,,32.93226623535156,,,,,
2026-06-08 04:10:49,34.394248962402344,34.083744049072266,34.394248962402344,34.23899841308594,34.70475769042969,33.928489685058594,34.394248962402344,34.70475769042969,34.86001205444336,,35.29472351074219,35.434452056884766,
2026-06-08 04:11:00,,,,,,,,33.17858123779297,,,,,
2026-06-08 04:11:22,34.083744049072266,34.549503326416016,34.394248962402344,34.23899841308594,34.394248962402344,34.083744049072266,34.23899841308594,34.549503326416016,34.394248962402344,,35.01526641845703,35.15499496459961,
2026-06-08 04:11:30,,,,,,,,33.17858123779297,,,,,
2026-06-08 04:11:57,34.549503326416016,33.928489685058594,33.928489685058594,33.928489685058594,34.394248962402344,34.394248962402344,34.549503326416016,34.70475769042969,34.23899841308594,,35.29472351074219,35.29472351074219,
2026-06-08 04:12:02,,,,,,,,32.673404693603516,,,,,
2026-06-08 04:12:32,34.23899841308594,34.70475769042969,33.77323532104492,34.70475769042969,33.928489685058594,34.23899841308594,34.23899841308594,34.23899841308594,34.86001205444336,,35.29472351074219,35.434452056884766,
2026-06-08 04:12:38,,,,,,,,31.625606536865234,,,,,
2026-06-08 04:13:04,34.70475769042969,34.23899841308594,34.23899841308594,34.394248962402344,34.083744049072266,34.083744049072266,34.394248962402344,34.083744049072266,34.083744049072266,,35.29472351074219,35.15499496459961,
2026-06-08 04:13:12,,,,,,,,31.63794708251953,,,,,
2026-06-08 04:13:34,35.15499496459961,34.083744049072266,34.23899841308594,34.549503326416016,33.928489685058594,34.70475769042969,34.394248962402344,34.70475769042969,34.86001205444336,,35.574180603027344,35.29472351074219,
2026-06-08 04:13:45,,,,,,,,32.14946365356445,,,,,
2026-06-08 04:14:07,34.549503326416016,34.549503326416016,34.083744049072266,34.23899841308594,34.86001205444336,34.70475769042969,34.23899841308594,34.394248962402344,34.86001205444336,,35.434452056884766,35.713905334472656,
2026-06-08 04:14:16,,,,,,,,31.3729248046875,,,,,
2026-06-08 04:14:37,34.549503326416016,34.394248962402344,33.61798095703125,34.549503326416016,34.549503326416016,34.23899841308594,34.23899841308594,34.23899841308594,34.549503326416016,,35.434452056884766,35.29472351074219,
2026-06-08 04:14:47,,,,,,,,32.14326477050781,,,,,
2026-06-08 04:15:29,34.23899841308594,34.23899841308594,34.549503326416016,34.70475769042969,34.86001205444336,35.15499496459961,34.70475769042969,34.70475769042969,35.29472351074219,,35.29472351074219,35.434452056884766,
2026-06-08 04:15:29,,,,,,,,31.625606536865234,,,,,
2026-06-08 04:15:50,34.083744049072266,34.549503326416016,34.23899841308594,33.928489685058594,34.23899841308594,34.70475769042969,34.549503326416016,35.01526641845703,34.70475769042969,,35.29472351074219,35.434452056884766,
2026-06-08 04:16:01,,,,,,,,31.625606536865234,,,,,
2026-06-08 04:16:21,34.083744049072266,33.928489685058594,34.23899841308594,34.083744049072266,33.928489685058594,34.70475769042969,34.549503326416016,34.083744049072266,34.549503326416016,,35.29472351074219,35.434452056884766,
2026-06-08 04:16:33,,,,,,,,31.884435653686523,,,,,
2026-06-08 04:16:53,33.928489685058594,34.23899841308594,34.23899841308594,34.70475769042969,33.61798095703125,34.394248962402344,34.23899841308594,34.70475769042969,34.394248962402344,,35.15499496459961,35.434452056884766,
2026-06-08 04:17:06,,,,,,,,31.625606536865234,,,,,
2026-06-08 04:17:23,34.083744049072266,34.394248962402344,34.083744049072266,34.083744049072266,34.23899841308594,34.394248962402344,34.083744049072266,34.083744049072266,34.394248962402344,,35.15499496459961,35.15499496459961,
2026-06-08 04:17:39,,,,,,,,31.884435653686523,,,,,
2026-06-08 04:17:54,34.394248962402344,33.928489685058594,34.23899841308594,34.549503326416016,34.083744049072266,34.394248962402344,34.23899841308594,34.394248962402344,34.549503326416016,,35.15499496459961,35.15499496459961,
2026-06-08 04:18:10,,,,,,,,31.884435653686523,,,,,
2026-06-08 04:18:24,34.23899841308594,34.549503326416016,33.928489685058594,34.083744049072266,34.86001205444336,34.23899841308594,34.394248962402344,34.394248962402344,34.23899841308594,,35.15499496459961,35.434452056884766,
2026-06-08 04:18:42,,,,,,,,31.61945343017578,,,,,
2026-06-08 04:18:55,34.23899841308594,34.083744049072266,34.083744049072266,34.23899841308594,34.394248962402344,33.928489685058594,34.549503326416016,34.083744049072266,34.23899841308594,,35.15499496459961,35.29472351074219,
2026-06-08 04:19:13,,,,,,,,31.613277435302734,,,,,
2026-06-08 04:19:26,34.083744049072266,34.23899841308594,33.928489685058594,33.928489685058594,34.394248962402344,33.928489685058594,34.083744049072266,34.70475769042969,34.23899841308594,,35.01526641845703,35.15499496459961,
2026-06-08 04:19:48,,,,,,,,32.39588928222656,,,,,
2026-06-08 04:20:01,34.70475769042969,34.083744049072266,34.23899841308594,33.928489685058594,34.394248962402344,34.083744049072266,34.23899841308594,34.394248962402344,34.394248962402344,,35.01526641845703,35.29472351074219,
2026-06-08 04:20:31,,,,,,,,32.14326477050781,,,,,
2026-06-08 04:20:31,34.70475769042969,34.549503326416016,34.70475769042969,34.083744049072266,33.928489685058594,34.23899841308594,34.86001205444336,34.86001205444336,34.394248962402344,,35.29472351074219,35.434452056884766,
2026-06-08 04:21:03,,,,,,,,31.61945343017578,,,,,
2026-06-08 04:21:03,33.77323532104492,34.394248962402344,34.23899841308594,33.928489685058594,34.083744049072266,34.394248962402344,34.70475769042969,34.23899841308594,34.083744049072266,,34.86001205444336,35.01526641845703,
2026-06-08 04:21:38,,,,,,,,31.625606536865234,,,,,
2026-06-08 04:21:39,34.86001205444336,34.083744049072266,34.549503326416016,34.549503326416016,34.394248962402344,34.23899841308594,34.549503326416016,34.549503326416016,34.86001205444336,,35.01526641845703,35.15499496459961,
2026-06-08 04:22:13,,,,,,,,31.878265380859375,,,,,
2026-06-08 04:22:14,34.549503326416016,34.083744049072266,33.928489685058594,34.23899841308594,34.394248962402344,34.549503326416016,34.23899841308594,34.70475769042969,34.70475769042969,,35.01526641845703,35.01526641845703,
2026-06-08 04:22:47,,,,,,,,31.878265380859375,,,,,
2026-06-08 04:22:47,34.86001205444336,34.86001205444336,33.928489685058594,34.083744049072266,34.549503326416016,33.61798095703125,34.394248962402344,34.394248962402344,34.23899841308594,,35.01526641845703,35.15499496459961,
2026-06-08 04:23:19,,,,,,,,31.366777420043945,,,,,
2026-06-08 04:23:20,34.549503326416016,33.77323532104492,34.394248962402344,34.549503326416016,34.23899841308594,34.394248962402344,34.70475769042969,34.394248962402344,34.23899841308594,,35.01526641845703,35.15499496459961,
2026-06-08 04:23:51,,,,,,,,31.61945343017578,,,,,
2026-06-08 04:23:51,34.70475769042969,34.549503326416016,34.23899841308594,34.394248962402344,34.083744049072266,34.70475769042969,34.70475769042969,34.549503326416016,34.394248962402344,,35.29472351074219,35.29472351074219,
2026-06-08 04:24:23,,,,,,,,31.101829528808594,,,,,
2026-06-08 04:24:24,34.549503326416016,34.70475769042969,34.549503326416016,34.86001205444336,33.77323532104492,34.70475769042969,34.394248962402344,34.70475769042969,35.01526641845703,,35.434452056884766,35.29472351074219,
2026-06-08 04:24:53,,,,,,,,31.61945343017578,,,,,
2026-06-08 04:24:54,34.70475769042969,34.23899841308594,33.928489685058594,34.394248962402344,33.928489685058594,34.549503326416016,34.083744049072266,34.083744049072266,34.549503326416016,,35.15499496459961,35.29472351074219,
2026-06-08 04:25:32,,,,,,,,31.366777420043945,,,,,
2026-06-08 04:25:32,34.86001205444336,34.394248962402344,33.928489685058594,34.23899841308594,33.928489685058594,34.394248962402344,34.23899841308594,34.23899841308594,34.70475769042969,,35.15499496459961,35.574180603027344,
2026-06-08 04:26:07,,,,,,,,31.107948303222656,,,,,
2026-06-08 04:26:08,34.86001205444336,34.549503326416016,34.549503326416016,34.083744049072266,33.928489685058594,34.70475769042969,34.083744049072266,34.394248962402344,34.86001205444336,,35.15499496459961,35.29472351074219,
2026-06-08 04:26:42,,,,,,,,31.107948303222656,,,,,
2026-06-08 04:26:42,34.86001205444336,34.549503326416016,33.928489685058594,34.083744049072266,34.549503326416016,34.70475769042969,33.928489685058594,34.70475769042969,34.23899841308594,,35.15499496459961,35.434452056884766,
2026-06-08 04:27:15,,,,,,,,31.107948303222656,,,,,
2026-06-08 04:27:16,34.70475769042969,34.394248962402344,33.928489685058594,33.928489685058594,34.549503326416016,33.928489685058594,34.70475769042969,34.083744049072266,34.394248962402344,,35.15499496459961,35.15499496459961,
2026-06-08 04:27:47,,,,,,,,31.625606536865234,,,,,
2026-06-08 04:27:47,34.394248962402344,34.394248962402344,34.394248962402344,34.394248962402344,34.23899841308594,34.083744049072266,34.083744049072266,34.083744049072266,34.549503326416016,,35.01526641845703,35.15499496459961,
2026-06-08 04:28:18,,,,,,,,31.625606536865234,,,,,
2026-06-08 04:28:18,34.549503326416016,34.23899841308594,33.307472229003906,34.083744049072266,34.083744049072266,34.23899841308594,34.394248962402344,34.083744049072266,33.928489685058594,,35.15499496459961,35.29472351074219,
2026-06-08 04:28:49,,,,,,,,31.625606536865234,,,,,
2026-06-08 04:28:50,34.23899841308594,34.549503326416016,33.928489685058594,34.083744049072266,34.23899841308594,34.083744049072266,34.549503326416016,34.083744049072266,34.549503326416016,,35.15499496459961,35.15499496459961,
2026-06-08 04:29:21,,,,,,,,31.625606536865234,,,,,
2026-06-08 04:29:22,34.549503326416016,34.083744049072266,33.928489685058594,34.083744049072266,33.61798095703125,33.77323532104492,34.549503326416016,34.394248962402344,34.083744049072266,,35.15499496459961,35.15499496459961,
2026-06-08 04:29:55,,,,,,,,31.625606536865234,,,,,
2026-06-08 04:29:56,34.549503326416016,34.083744049072266,34.394248962402344,34.23899841308594,33.928489685058594,34.70475769042969,33.928489685058594,33.77323532104492,34.549503326416016,,34.86001205444336,34.86001205444336,
2026-06-08 04:30:36,,,,,,,,31.872072219848633,,,,,
2026-06-08 04:30:36,34.86001205444336,34.70475769042969,33.77323532104492,34.23899841308594,34.394248962402344,34.23899841308594,33.928489685058594,34.394248962402344,35.15499496459961,,35.01526641845703,35.15499496459961,
2026-06-08 04:31:08,,,,,,,,31.878265380859375,,,,,
2026-06-08 04:31:08,34.549503326416016,34.083744049072266,33.77323532104492,34.23899841308594,34.083744049072266,34.23899841308594,33.928489685058594,33.928489685058594,34.70475769042969,,35.15499496459961,35.15499496459961,
2026-06-08 04:31:40,,,,,,,,31.61945343017578,,,,,
2026-06-08 04:31:41,34.549503326416016,33.61798095703125,33.928489685058594,33.928489685058594,33.46272659301758,33.928489685058594,33.928489685058594,34.083744049072266,34.394248962402344,,34.86001205444336,34.86001205444336,
2026-06-08 04:32:12,,,,,,,,31.61945343017578,,,,,
2026-06-08 04:32:13,34.549503326416016,34.083744049072266,33.928489685058594,34.083744049072266,34.549503326416016,34.394248962402344,34.23899841308594,34.23899841308594,34.23899841308594,,35.01526641845703,35.15499496459961,
2026-06-08 04:32:44,,,,,,,,39.18342590332031,,,,,
2026-06-08 04:32:45,34.23899841308594,33.77323532104492,33.928489685058594,34.549503326416016,33.61798095703125,33.61798095703125,33.928489685058594,34.083744049072266,34.549503326416016,,35.15499496459961,34.86001205444336,
2026-06-08 04:33:15,,,,,,,,39.18342590332031,,,,,
2026-06-08 04:33:15,34.70475769042969,34.23899841308594,34.23899841308594,34.083744049072266,34.083744049072266,34.549503326416016,34.549503326416016,34.394248962402344,34.70475769042969,,35.29472351074219,35.15499496459961,
2026-06-08 04:33:46,,,,,,,,33.172325134277344,,,,,
2026-06-08 04:33:46,34.394248962402344,34.083744049072266,34.23899841308594,34.70475769042969,34.549503326416016,34.70475769042969,34.394248962402344,34.083744049072266,35.01526641845703,,35.29472351074219,35.29472351074219,
2026-06-08 04:34:16,,,,,,,,32.91351318359375,,,,,
2026-06-08 04:34:17,34.86001205444336,34.70475769042969,33.928489685058594,34.23899841308594,33.77323532104492,34.23899841308594,34.394248962402344,34.083744049072266,34.86001205444336,,35.15499496459961,35.434452056884766,
2026-06-08 04:34:47,,,,,,,,32.66092300415039,,,,,
2026-06-08 04:34:48,34.394248962402344,34.23899841308594,33.46272659301758,33.77323532104492,33.46272659301758,33.928489685058594,33.77323532104492,34.083744049072266,34.23899841308594,,34.70475769042969,34.86001205444336,
2026-06-08 04:35:18,,,,,,,,32.91975402832031,,,,,
2026-06-08 04:35:18,34.549503326416016,34.23899841308594,33.46272659301758,34.083744049072266,33.46272659301758,34.394248962402344,33.928489685058594,33.307472229003906,34.23899841308594,,34.86001205444336,34.86001205444336,
2026-06-08 04:35:52,,,,,,,,33.172325134277344,,,,,
2026-06-08 04:35:52,34.86001205444336,34.23899841308594,33.928489685058594,34.083744049072266,34.394248962402344,34.70475769042969,34.083744049072266,34.23899841308594,34.70475769042969,,35.15499496459961,35.15499496459961,
2026-06-08 04:36:23,,,,,,,,33.166046142578125,,,,,
2026-06-08 04:36:24,34.70475769042969,33.928489685058594,34.394248962402344,33.928489685058594,34.394248962402344,34.394248962402344,33.928489685058594,33.77323532104492,34.86001205444336,,35.15499496459961,35.01526641845703,
2026-06-08 04:36:56,,,,,,,,33.17858123779297,,,,,
2026-06-08 04:36:57,34.86001205444336,34.083744049072266,33.928489685058594,34.23899841308594,33.77323532104492,34.23899841308594,33.928489685058594,34.083744049072266,35.01526641845703,,34.86001205444336,35.15499496459961,
2026-06-08 04:37:30,,,,,,,,33.38564682006836,,,,,
2026-06-08 04:37:31,34.083744049072266,34.083744049072266,34.083744049072266,33.928489685058594,34.083744049072266,34.083744049072266,33.928489685058594,34.70475769042969,34.23899841308594,,35.01526641845703,35.15499496459961,
2026-06-08 04:38:04,,,,,,,,33.38564682006836,,,,,
2026-06-08 04:38:05,34.549503326416016,33.61798095703125,34.394248962402344,34.394248962402344,33.61798095703125,34.083744049072266,33.928489685058594,34.23899841308594,34.70475769042969,,34.86001205444336,35.15499496459961,
2026-06-08 04:38:35,,,,,,,,33.38564682006836,,,,,
2026-06-08 04:38:36,34.86001205444336,33.928489685058594,33.77323532104492,34.23899841308594,33.928489685058594,34.083744049072266,33.928489685058594,33.77323532104492,34.394248962402344,,35.15499496459961,35.01526641845703,
2026-06-08 04:39:09,,,,,,,,32.91975402832031,,,,,
2026-06-08 04:39:09,34.083744049072266,33.61798095703125,33.928489685058594,34.70475769042969,34.23899841308594,33.77323532104492,34.394248962402344,33.77323532104492,34.394248962402344,,34.86001205444336,35.01526641845703,
2026-06-08 04:39:39,,,,,,,,33.38564682006836,,,,,
2026-06-08 04:39:40,34.70475769042969,34.549503326416016,33.928489685058594,34.083744049072266,34.549503326416016,34.549503326416016,34.083744049072266,34.549503326416016,34.23899841308594,,35.29472351074219,35.434452056884766,
2026-06-08 04:40:11,,,,,,,,32.64845657348633,,,,,
2026-06-08 04:40:12,33.928489685058594,34.23899841308594,34.083744049072266,34.23899841308594,34.23899841308594,34.549503326416016,33.928489685058594,34.23899841308594,34.549503326416016,,35.15499496459961,35.01526641845703,
2026-06-08 04:40:44,,,,,,,,32.91975402832031,,,,,
2026-06-08 04:40:45,34.394248962402344,33.928489685058594,33.928489685058594,34.549503326416016,33.928489685058594,34.083744049072266,34.394248962402344,34.394248962402344,34.86001205444336,,35.29472351074219,35.29472351074219,
2026-06-08 04:41:18,,,,,,,,32.91351318359375,,,,,
2026-06-08 04:41:19,34.86001205444336,34.23899841308594,33.61798095703125,34.083744049072266,34.23899841308594,34.549503326416016,34.083744049072266,33.928489685058594,34.083744049072266,,34.86001205444336,35.01526641845703,
2026-06-08 04:41:51,,,,,,,,33.79347229003906,,,,,
2026-06-08 04:41:51,34.549503326416016,33.928489685058594,34.083744049072266,34.394248962402344,33.307472229003906,34.23899841308594,34.23899841308594,34.23899841308594,34.394248962402344,,35.01526641845703,35.29472351074219,
2026-06-08 04:42:23,,,,,,,,33.79347229003906,,,,,
2026-06-08 04:42:23,34.394248962402344,34.23899841308594,33.307472229003906,34.394248962402344,34.549503326416016,34.70475769042969,34.083744049072266,34.394248962402344,34.86001205444336,,35.29472351074219,35.15499496459961,
2026-06-08 04:42:53,,,,,,,,33.79347229003906,,,,,
2026-06-08 04:42:54,34.23899841308594,34.23899841308594,33.928489685058594,34.083744049072266,33.61798095703125,34.23899841308594,34.23899841308594,34.083744049072266,34.23899841308594,,34.86001205444336,35.15499496459961,
2026-06-08 04:43:27,,,,,,,,33.79347229003906,,,,,
2026-06-08 04:43:28,34.549503326416016,34.70475769042969,33.77323532104492,34.083744049072266,34.23899841308594,34.394248962402344,34.083744049072266,34.083744049072266,34.083744049072266,,35.01526641845703,35.29472351074219,
2026-06-08 04:44:01,,,,,,,,33.17858123779297,,,,,
2026-06-08 04:44:02,34.23899841308594,33.77323532104492,33.46272659301758,34.394248962402344,34.083744049072266,33.61798095703125,34.083744049072266,34.083744049072266,34.083744049072266,,35.15499496459961,35.15499496459961,
2026-06-08 04:44:31,,,,,,,,33.38564682006836,,,,,
2026-06-08 04:44:32,34.23899841308594,33.77323532104492,33.61798095703125,33.61798095703125,33.77323532104492,34.083744049072266,33.928489685058594,33.77323532104492,33.928489685058594,,34.86001205444336,34.86001205444336,
2026-06-08 04:45:05,,,,,,,,33.38564682006836,,,,,
2026-06-08 04:45:06,34.70475769042969,34.23899841308594,34.394248962402344,34.549503326416016,33.77323532104492,34.083744049072266,34.394248962402344,34.23899841308594,34.394248962402344,,35.15499496459961,35.29472351074219,
2026-06-08 04:45:42,,,,,,,,32.91975402832031,,,,,
2026-06-08 04:45:43,34.394248962402344,34.083744049072266,33.46272659301758,33.928489685058594,34.23899841308594,34.083744049072266,34.083744049072266,34.083744049072266,33.928489685058594,,34.86001205444336,35.01526641845703,
2026-06-08 04:46:15,,,,,,,,33.166046142578125,,,,,
2026-06-08 04:46:16,33.77323532104492,33.928489685058594,33.61798095703125,33.77323532104492,33.61798095703125,33.928489685058594,33.77323532104492,33.928489685058594,34.083744049072266,,34.86001205444336,34.86001205444336,
2026-06-08 04:46:46,,,,,,,,32.91975402832031,,,,,
2026-06-08 04:46:47,34.549503326416016,34.394248962402344,33.307472229003906,34.083744049072266,34.394248962402344,34.083744049072266,33.928489685058594,33.928489685058594,34.549503326416016,,35.01526641845703,35.15499496459961,
2026-06-08 04:47:22,,,,,,,,32.91975402832031,,,,,
2026-06-08 04:47:22,34.70475769042969,34.083744049072266,33.46272659301758,33.928489685058594,33.77323532104492,33.928489685058594,33.928489685058594,33.77323532104492,34.70475769042969,,34.86001205444336,35.01526641845703,
2026-06-08 04:47:52,,,,,,,,32.907249450683594,,,,,
2026-06-08 04:47:53,34.549503326416016,34.083744049072266,34.394248962402344,34.23899841308594,33.77323532104492,34.394248962402344,33.928489685058594,33.928489685058594,34.394248962402344,,35.01526641845703,35.01526641845703,
2026-06-08 04:48:24,,,,,,,,32.654701232910156,,,,,
2026-06-08 04:48:25,34.70475769042969,34.549503326416016,33.77323532104492,34.394248962402344,33.46272659301758,34.23899841308594,33.77323532104492,33.61798095703125,34.083744049072266,,34.86001205444336,35.01526641845703,
2026-06-08 04:48:56,,,,,,,,32.66092300415039,,,,,
2026-06-08 04:48:57,34.083744049072266,34.23899841308594,33.46272659301758,33.77323532104492,34.394248962402344,34.23899841308594,33.77323532104492,33.928489685058594,34.083744049072266,,35.15499496459961,35.15499496459961,
2026-06-08 04:49:31,,,,,,,,33.172325134277344,,,,,
2026-06-08 04:49:31,34.083744049072266,33.77323532104492,33.77323532104492,34.083744049072266,33.928489685058594,33.928489685058594,33.77323532104492,33.77323532104492,34.23899841308594,,35.01526641845703,34.86001205444336,
2026-06-08 04:50:05,,,,,,,,33.172325134277344,,,,,
2026-06-08 04:50:06,34.083744049072266,34.083744049072266,33.928489685058594,34.083744049072266,33.46272659301758,33.307472229003906,34.23899841308594,34.083744049072266,34.549503326416016,,35.01526641845703,35.15499496459961,
2026-06-08 04:50:43,,,,,,,,33.172325134277344,,,,,
2026-06-08 04:50:44,34.083744049072266,34.394248962402344,34.083744049072266,34.23899841308594,34.083744049072266,34.23899841308594,34.23899841308594,34.549503326416016,34.549503326416016,,35.15499496459961,35.29472351074219,
2026-06-08 04:51:13,,,,,,,,33.17858123779297,,,,,
2026-06-08 04:51:14,33.61798095703125,34.549503326416016,33.77323532104492,33.77323532104492,34.083744049072266,33.928489685058594,34.394248962402344,34.549503326416016,34.70475769042969,,35.01526641845703,35.15499496459961,
2026-06-08 04:51:43,,,,,,,,32.91351318359375,,,,,
2026-06-08 04:51:50,33.928489685058594,33.928489685058594,33.61798095703125,34.083744049072266,33.928489685058594,33.77323532104492,34.083744049072266,34.083744049072266,34.083744049072266,,34.86001205444336,34.86001205444336,
2026-06-08 04:52:20,,,,,,,,33.172325134277344,,,,,
2026-06-08 04:52:25,34.549503326416016,34.083744049072266,34.083744049072266,34.394248962402344,34.083744049072266,34.394248962402344,34.23899841308594,34.394248962402344,34.394248962402344,,35.01526641845703,35.15499496459961,
2026-06-08 04:52:52,,,,,,,,33.17858123779297,,,,,
2026-06-08 04:52:58,34.394248962402344,34.083744049072266,33.928489685058594,34.549503326416016,34.23899841308594,34.23899841308594,34.394248962402344,34.394248962402344,34.549503326416016,,35.15499496459961,35.01526641845703,
2026-06-08 04:53:26,,,,,,,,34.00052261352539,,,,,
2026-06-08 04:53:32,34.549503326416016,34.083744049072266,34.23899841308594,34.86001205444336,33.46272659301758,34.23899841308594,33.928489685058594,34.549503326416016,34.549503326416016,,35.434452056884766,35.15499496459961,
2026-06-08 04:54:00,,,,,,,,33.38564682006836,,,,,
2026-06-08 04:54:06,34.549503326416016,33.77323532104492,33.928489685058594,35.01526641845703,34.23899841308594,34.083744049072266,33.928489685058594,34.86001205444336,34.23899841308594,,35.15499496459961,35.29472351074219,
2026-06-08 04:54:32,,,,,,,,33.38564682006836,,,,,
2026-06-08 04:54:37,34.394248962402344,34.083744049072266,33.928489685058594,34.549503326416016,34.394248962402344,33.928489685058594,34.394248962402344,34.394248962402344,34.549503326416016,,35.01526641845703,35.15499496459961,
2026-06-08 04:55:03,,,,,,,,34.0068359375,,,,,
2026-06-08 04:55:09,34.083744049072266,34.083744049072266,33.77323532104492,34.083744049072266,33.77323532104492,34.083744049072266,34.23899841308594,34.083744049072266,34.70475769042969,,35.15499496459961,35.15499496459961,
2026-06-08 04:55:43,,,,,,,,33.38564682006836,,,,,
2026-06-08 04:55:44,34.083744049072266,33.77323532104492,33.77323532104492,34.23899841308594,34.083744049072266,34.083744049072266,34.083744049072266,34.083744049072266,34.394248962402344,,35.01526641845703,35.15499496459961,
2026-06-08 04:56:15,,,,,,,,33.799774169921875,,,,,
2026-06-08 04:56:16,34.083744049072266,33.61798095703125,33.77323532104492,33.928489685058594,33.928489685058594,34.083744049072266,33.928489685058594,34.083744049072266,33.928489685058594,,34.86001205444336,34.86001205444336,
2026-06-08 04:56:46,33.77323532104492,33.77323532104492,33.928489685058594,33.77323532104492,33.928489685058594,33.928489685058594,33.46272659301758,33.77323532104492,34.083744049072266,,34.86001205444336,34.86001205444336,
2026-06-08 04:56:47,,,,,,,,33.38564682006836,,,,,
2026-06-08 04:57:17,,,,,,,,33.799774169921875,,,,,
2026-06-08 04:57:18,33.928489685058594,33.77323532104492,33.46272659301758,34.23899841308594,33.46272659301758,33.61798095703125,34.394248962402344,34.083744049072266,34.083744049072266,,35.01526641845703,34.86001205444336,
2026-06-08 04:57:49,,,,,,,,32.91975402832031,,,,,
2026-06-08 04:57:49,33.77323532104492,33.61798095703125,34.083744049072266,33.928489685058594,33.77323532104492,33.928489685058594,33.77323532104492,33.77323532104492,34.23899841308594,,35.01526641845703,35.01526641845703,
2026-06-08 04:58:19,,,,,,,,33.592708587646484,,,,,
2026-06-08 04:58:24,33.77323532104492,33.77323532104492,33.77323532104492,33.61798095703125,33.46272659301758,34.083744049072266,33.928489685058594,33.928489685058594,34.23899841308594,,35.01526641845703,35.01526641845703,
2026-06-08 04:58:52,,,,,,,,33.37937545776367,,,,,
2026-06-08 04:58:56,34.083744049072266,34.23899841308594,33.77323532104492,33.77323532104492,34.549503326416016,33.77323532104492,33.928489685058594,34.549503326416016,34.394248962402344,,35.15499496459961,35.01526641845703,
2026-06-08 04:59:23,,,,,,,,33.17858123779297,,,,,
2026-06-08 04:59:28,35.01526641845703,33.77323532104492,34.083744049072266,33.77323532104492,34.394248962402344,34.394248962402344,34.70475769042969,34.70475769042969,34.70475769042969,,35.15499496459961,35.29472351074219,
2026-06-08 04:59:57,,,,,,,,33.799774169921875,,,,,
2026-06-08 05:00:04,34.549503326416016,33.61798095703125,33.928489685058594,34.083744049072266,34.23899841308594,34.394248962402344,35.01526641845703,34.23899841308594,34.394248962402344,,35.29472351074219,35.434452056884766,
2026-06-08 05:00:44,,,,,,,,33.592708587646484,,,,,
2026-06-08 05:00:45,34.70475769042969,33.928489685058594,34.549503326416016,33.928489685058594,34.70475769042969,34.083744049072266,34.549503326416016,34.23899841308594,34.70475769042969,,35.15499496459961,35.15499496459961,
2026-06-08 05:01:18,,,,,,,,33.37308120727539,,,,,
2026-06-08 05:01:18,34.083744049072266,34.394248962402344,34.23899841308594,34.23899841308594,34.549503326416016,34.70475769042969,34.23899841308594,34.86001205444336,34.70475769042969,,35.15499496459961,35.434452056884766,
2026-06-08 05:01:51,,,,,,,,33.37308120727539,,,,,
2026-06-08 05:01:51,34.23899841308594,34.394248962402344,33.77323532104492,33.928489685058594,34.083744049072266,35.01526641845703,33.928489685058594,34.083744049072266,34.549503326416016,,35.29472351074219,35.29472351074219,
2026-06-08 05:02:25,,,,,,,,33.37937545776367,,,,,
2026-06-08 05:02:25,34.394248962402344,33.77323532104492,33.928489685058594,34.083744049072266,33.928489685058594,34.70475769042969,33.928489685058594,34.23899841308594,34.394248962402344,,35.01526641845703,35.01526641845703,
2026-06-08 05:02:58,,,,,,,,33.37937545776367,,,,,
2026-06-08 05:02:58,34.70475769042969,34.23899841308594,34.549503326416016,33.928489685058594,34.23899841308594,34.70475769042969,34.86001205444336,34.86001205444336,34.86001205444336,,35.15499496459961,35.29472351074219,
2026-06-08 05:03:28,,,,,,,,31.878265380859375,,,,,
2026-06-08 05:03:29,34.70475769042969,34.394248962402344,33.77323532104492,34.23899841308594,34.549503326416016,34.083744049072266,34.394248962402344,34.394248962402344,34.394248962402344,,35.15499496459961,35.15499496459961,
2026-06-08 05:04:02,,,,,,,,31.878265380859375,,,,,
2026-06-08 05:04:03,34.23899841308594,34.549503326416016,33.46272659301758,33.77323532104492,34.394248962402344,34.394248962402344,34.23899841308594,33.61798095703125,33.928489685058594,,35.29472351074219,35.15499496459961,
2026-06-08 05:04:33,,,,,,,,32.14326477050781,,,,,
2026-06-08 05:04:33,34.549503326416016,34.394248962402344,33.77323532104492,34.23899841308594,34.23899841308594,34.23899841308594,34.23899841308594,34.549503326416016,34.86001205444336,,35.15499496459961,35.29472351074219,
2026-06-08 05:05:05,,,,,,,,31.107948303222656,,,,,
2026-06-08 05:05:06,34.70475769042969,33.77323532104492,33.77323532104492,33.61798095703125,34.86001205444336,34.394248962402344,34.394248962402344,34.549503326416016,35.15499496459961,,35.01526641845703,35.15499496459961,
2026-06-08 05:05:46,34.86001205444336,33.61798095703125,34.549503326416016,34.083744049072266,33.928489685058594,34.23899841308594,34.70475769042969,34.23899841308594,34.549503326416016,,35.15499496459961,35.01526641845703,
2026-06-08 05:05:47,,,,,,,,31.625606536865234,,,,,
2026-06-08 05:06:08,35.01526641845703,34.083744049072266,33.77323532104492,34.083744049072266,34.394248962402344,34.23899841308594,34.394248962402344,34.23899841308594,34.70475769042969,,35.01526641845703,35.15499496459961,
2026-06-08 05:06:18,,,,,,,,31.360641479492188,,,,,
2026-06-08 05:06:42,35.01526641845703,34.23899841308594,33.77323532104492,33.77323532104492,34.549503326416016,34.23899841308594,34.394248962402344,34.394248962402344,34.394248962402344,,34.86001205444336,35.15499496459961,
2026-06-08 05:06:49,,,,,,,,31.101829528808594,,,,,
2026-06-08 05:07:13,34.23899841308594,33.77323532104492,33.307472229003906,33.61798095703125,34.23899841308594,34.86001205444336,34.083744049072266,34.394248962402344,34.70475769042969,,35.01526641845703,35.15499496459961,
2026-06-08 05:07:22,,,,,,,,32.40209197998047,,,,,
2026-06-08 05:07:45,34.549503326416016,34.23899841308594,34.083744049072266,34.083744049072266,33.77323532104492,34.70475769042969,34.394248962402344,34.083744049072266,34.394248962402344,,35.15499496459961,35.29472351074219,
2026-06-08 05:07:57,,,,,,,,32.40209197998047,,,,,
2026-06-08 05:08:16,35.01526641845703,33.928489685058594,33.928489685058594,34.23899841308594,34.549503326416016,34.394248962402344,33.77323532104492,34.70475769042969,34.394248962402344,,35.01526641845703,35.01526641845703,
2026-06-08 05:08:28,,,,,,,,32.40209197998047,,,,,
2026-06-08 05:08:48,33.928489685058594,34.394248962402344,34.23899841308594,34.083744049072266,34.083744049072266,34.394248962402344,33.61798095703125,34.394248962402344,34.70475769042969,,34.86001205444336,35.01526641845703,
2026-06-08 05:09:04,,,,,,,,31.354482650756836,,,,,
2026-06-08 05:09:21,34.23899841308594,34.549503326416016,33.61798095703125,33.77323532104492,34.083744049072266,34.394248962402344,34.083744049072266,34.394248962402344,34.394248962402344,,35.01526641845703,35.15499496459961,
2026-06-08 05:09:36,,,,,,,,30.83689308166504,,,,,
2026-06-08 05:09:56,34.394248962402344,33.928489685058594,33.77323532104492,34.23899841308594,33.61798095703125,34.23899841308594,33.928489685058594,34.394248962402344,34.083744049072266,,35.15499496459961,35.29472351074219,
2026-06-08 05:10:07,,,,,,,,30.57809829711914,,,,,
2026-06-08 05:10:27,34.549503326416016,34.394248962402344,34.394248962402344,34.86001205444336,34.549503326416016,34.23899841308594,34.23899841308594,34.549503326416016,35.15499496459961,,35.15499496459961,35.29472351074219,
2026-06-08 05:10:48,,,,,,,,31.101829528808594,,,,,
2026-06-08 05:10:57,34.394248962402344,33.928489685058594,33.928489685058594,34.394248962402344,34.083744049072266,34.083744049072266,34.549503326416016,34.23899841308594,34.083744049072266,,35.15499496459961,35.15499496459961,
2026-06-08 05:11:23,,,,,,,,30.83689308166504,,,,,
2026-06-08 05:11:29,34.083744049072266,34.394248962402344,34.549503326416016,34.23899841308594,34.23899841308594,34.23899841308594,35.15499496459961,35.01526641845703,34.86001205444336,,35.29472351074219,35.713905334472656,
2026-06-08 05:11:58,,,,,,,,32.38966369628906,,,,,
2026-06-08 05:12:03,34.394248962402344,34.083744049072266,34.394248962402344,34.083744049072266,34.23899841308594,34.23899841308594,34.394248962402344,34.70475769042969,34.549503326416016,,35.15499496459961,35.434452056884766,
2026-06-08 05:12:29,,,,,,,,31.613277435302734,,,,,
2026-06-08 05:12:35,34.083744049072266,33.928489685058594,34.083744049072266,34.23899841308594,34.394248962402344,34.083744049072266,34.70475769042969,34.70475769042969,34.083744049072266,,35.01526641845703,35.29472351074219,
2026-06-08 05:13:03,,,,,,,,31.095687866210938,,,,,
2026-06-08 05:13:07,34.70475769042969,33.61798095703125,34.394248962402344,34.549503326416016,33.928489685058594,34.23899841308594,34.083744049072266,34.394248962402344,34.23899841308594,,35.15499496459961,35.29472351074219,
2026-06-08 05:13:36,,,,,,,,32.91351318359375,,,,,
2026-06-08 05:13:40,33.928489685058594,33.77323532104492,34.394248962402344,34.23899841308594,34.083744049072266,34.23899841308594,34.083744049072266,34.86001205444336,34.394248962402344,,35.15499496459961,35.15499496459961,
2026-06-08 05:14:07,,,,,,,,33.37308120727539,,,,,
2026-06-08 05:14:15,34.549503326416016,33.928489685058594,34.394248962402344,34.083744049072266,33.46272659301758,34.083744049072266,34.394248962402344,34.549503326416016,34.549503326416016,,35.29472351074219,35.434452056884766,
2026-06-08 05:14:40,,,,,,,,32.39588928222656,,,,,
2026-06-08 05:14:47,34.549503326416016,34.23899841308594,34.549503326416016,34.083744049072266,33.77323532104492,34.23899841308594,34.70475769042969,34.23899841308594,34.23899841308594,,35.29472351074219,35.15499496459961,
2026-06-08 05:15:12,,,,,,,,32.66092300415039,,,,,
2026-06-08 05:15:22,34.394248962402344,34.083744049072266,34.549503326416016,34.394248962402344,34.70475769042969,34.083744049072266,34.549503326416016,34.70475769042969,34.549503326416016,,35.29472351074219,35.15499496459961,
2026-06-08 05:15:49,,,,,,,,32.66092300415039,,,,,
2026-06-08 05:15:55,34.549503326416016,34.083744049072266,34.549503326416016,35.29472351074219,33.928489685058594,34.083744049072266,34.86001205444336,34.86001205444336,34.86001205444336,,35.434452056884766,35.434452056884766,
2026-06-08 05:16:20,,,,,,,,33.172325134277344,,,,,
2026-06-08 05:16:31,34.394248962402344,34.394248962402344,34.23899841308594,34.394248962402344,34.70475769042969,34.394248962402344,34.549503326416016,34.86001205444336,34.70475769042969,,35.574180603027344,35.574180603027344,
2026-06-08 05:16:52,,,,,,,,33.172325134277344,,,,,
2026-06-08 05:17:05,34.549503326416016,33.928489685058594,34.70475769042969,34.394248962402344,34.70475769042969,34.23899841308594,35.01526641845703,34.394248962402344,35.15499496459961,,35.434452056884766,35.434452056884766,
2026-06-08 05:17:27,,,,,,,,32.907249450683594,,,,,
2026-06-08 05:17:40,35.15499496459961,34.23899841308594,34.70475769042969,34.394248962402344,34.549503326416016,34.23899841308594,34.549503326416016,34.549503326416016,34.70475769042969,,35.29472351074219,35.574180603027344,
2026-06-08 05:18:02,,,,,,,,33.37937545776367,,,,,
2026-06-08 05:18:16,34.549503326416016,33.928489685058594,33.928489685058594,34.394248962402344,33.77323532104492,33.928489685058594,34.394248962402344,34.23899841308594,33.928489685058594,,35.15499496459961,35.29472351074219,
2026-06-08 05:18:36,,,,,,,,32.907249450683594,,,,,
2026-06-08 05:18:48,35.15499496459961,34.083744049072266,34.70475769042969,34.86001205444336,34.86001205444336,34.23899841308594,34.549503326416016,35.01526641845703,34.86001205444336,,35.574180603027344,35.434452056884766,
2026-06-08 05:19:10,,,,,,,,33.37308120727539,,,,,
2026-06-08 05:19:22,35.15499496459961,34.549503326416016,34.394248962402344,34.549503326416016,34.083744049072266,34.23899841308594,34.549503326416016,34.549503326416016,35.15499496459961,,35.434452056884766,35.434452056884766,
2026-06-08 05:19:43,,,,,,,,32.91351318359375,,,,,
2026-06-08 05:19:54,34.394248962402344,34.23899841308594,33.928489685058594,34.549503326416016,34.083744049072266,34.23899841308594,34.23899841308594,34.083744049072266,34.083744049072266,,35.15499496459961,35.15499496459961,
2026-06-08 05:20:17,,,,,,,,32.91351318359375,,,,,
2026-06-08 05:20:29,34.394248962402344,33.77323532104492,33.61798095703125,33.928489685058594,34.394248962402344,34.083744049072266,34.394248962402344,34.394248962402344,34.86001205444336,,35.15499496459961,35.01526641845703,
2026-06-08 05:20:51,,,,,,,,32.91351318359375,,,,,
2026-06-08 05:21:04,34.23899841308594,34.083744049072266,33.77323532104492,34.86001205444336,34.394248962402344,35.01526641845703,34.549503326416016,34.083744049072266,34.70475769042969,,35.15499496459961,35.29472351074219,
2026-06-08 05:21:22,,,,,,,,32.91351318359375,,,,,
2026-06-08 05:21:35,34.23899841308594,33.46272659301758,33.928489685058594,34.549503326416016,34.23899841308594,34.083744049072266,34.083744049072266,33.77323532104492,34.70475769042969,,34.86001205444336,35.01526641845703,
2026-06-08 05:21:55,,,,,,,,32.91351318359375,,,,,
2026-06-08 05:22:05,34.549503326416016,33.77323532104492,33.928489685058594,34.394248962402344,33.77323532104492,33.928489685058594,33.928489685058594,33.61798095703125,34.549503326416016,,35.01526641845703,35.15499496459961,
2026-06-08 05:22:29,,,,,,,,32.91351318359375,,,,,
2026-06-08 05:22:37,34.549503326416016,34.23899841308594,34.23899841308594,34.083744049072266,34.394248962402344,34.23899841308594,34.083744049072266,34.083744049072266,34.23899841308594,,35.29472351074219,35.29472351074219,
2026-06-08 05:23:01,,,,,,,,32.907249450683594,,,,,
2026-06-08 05:23:10,34.23899841308594,34.23899841308594,33.928489685058594,34.23899841308594,34.394248962402344,34.394248962402344,33.77323532104492,34.23899841308594,34.394248962402344,,35.01526641845703,35.15499496459961,
2026-06-08 05:23:32,,,,,,,,32.907249450683594,,,,,
2026-06-08 05:23:44,35.01526641845703,34.549503326416016,34.549503326416016,34.394248962402344,34.70475769042969,33.928489685058594,34.23899841308594,34.083744049072266,34.394248962402344,,35.15499496459961,35.29472351074219,
2026-06-08 05:24:06,,,,,,,,32.66092300415039,,,,,
2026-06-08 05:24:20,34.083744049072266,34.23899841308594,34.23899841308594,34.23899841308594,34.083744049072266,34.549503326416016,34.23899841308594,34.23899841308594,35.15499496459961,,35.01526641845703,35.15499496459961,
2026-06-08 05:24:39,,,,,,,,32.907249450683594,,,,,
2026-06-08 05:24:52,34.394248962402344,34.23899841308594,34.394248962402344,34.394248962402344,33.77323532104492,34.86001205444336,33.61798095703125,34.394248962402344,34.86001205444336,,35.15499496459961,35.15499496459961,
2026-06-08 05:25:16,,,,,,,,32.64221954345703,,,,,
2026-06-08 05:25:24,34.394248962402344,34.083744049072266,34.23899841308594,33.928489685058594,34.23899841308594,34.083744049072266,34.083744049072266,34.083744049072266,34.549503326416016,,35.01526641845703,35.15499496459961,
2026-06-08 05:25:56,,,,,,,,32.64221954345703,,,,,
2026-06-08 05:25:57,33.77323532104492,34.23899841308594,34.083744049072266,33.928489685058594,33.928489685058594,34.083744049072266,34.083744049072266,33.928489685058594,34.549503326416016,,35.01526641845703,34.86001205444336,
2026-06-08 05:26:27,,,,,,,,32.907249450683594,,,,,
2026-06-08 05:26:28,33.46272659301758,33.77323532104492,33.928489685058594,33.61798095703125,33.77323532104492,33.928489685058594,34.083744049072266,33.77323532104492,34.23899841308594,,34.86001205444336,34.86001205444336,
2026-06-08 05:26:58,,,,,,,,32.64845657348633,,,,,
2026-06-08 05:26:58,34.70475769042969,33.928489685058594,33.928489685058594,34.23899841308594,34.23899841308594,34.394248962402344,34.23899841308594,33.928489685058594,34.86001205444336,,35.01526641845703,35.01526641845703,
2026-06-08 05:27:29,,,,,,,,32.907249450683594,,,,,
2026-06-08 05:27:30,33.928489685058594,34.23899841308594,32.99696350097656,34.083744049072266,33.928489685058594,33.77323532104492,34.23899841308594,33.77323532104492,34.23899841308594,,34.86001205444336,34.86001205444336,
2026-06-08 05:28:02,,,,,,,,33.166046142578125,,,,,
2026-06-08 05:28:03,35.01526641845703,34.394248962402344,33.928489685058594,34.549503326416016,34.23899841308594,33.928489685058594,34.70475769042969,34.394248962402344,35.15499496459961,,35.29472351074219,35.29472351074219,
2026-06-08 05:28:33,,,,,,,,33.580116271972656,,,,,
2026-06-08 05:28:34,34.70475769042969,34.394248962402344,33.928489685058594,34.394248962402344,34.394248962402344,34.70475769042969,34.86001205444336,34.549503326416016,35.15499496459961,,35.29472351074219,35.29472351074219,
2026-06-08 05:29:05,,,,,,,,33.580116271972656,,,,,
2026-06-08 05:29:05,33.77323532104492,34.083744049072266,33.928489685058594,34.083744049072266,34.394248962402344,34.083744049072266,33.928489685058594,34.394248962402344,34.70475769042969,,35.01526641845703,35.15499496459961,
2026-06-08 05:29:35,,,,,,,,32.907249450683594,,,,,
2026-06-08 05:29:36,34.23899841308594,34.86001205444336,34.083744049072266,34.23899841308594,34.083744049072266,34.549503326416016,33.928489685058594,34.23899841308594,34.86001205444336,,35.15499496459961,35.15499496459961,
2026-06-08 05:30:10,,,,,,,,32.900997161865234,,,,,
2026-06-08 05:30:10,34.549503326416016,34.86001205444336,34.86001205444336,34.70475769042969,34.70475769042969,34.394248962402344,34.549503326416016,34.394248962402344,35.434452056884766,,35.574180603027344,35.574180603027344,
2026-06-08 05:30:44,34.70475769042969,34.083744049072266,33.61798095703125,34.083744049072266,34.083744049072266,34.23899841308594,34.083744049072266,34.549503326416016,34.23899841308594,,35.15499496459961,35.15499496459961,
2026-06-08 05:30:45,,,,,,,,33.580116271972656,,,,,
2026-06-08 05:31:14,34.394248962402344,34.549503326416016,33.77323532104492,34.23899841308594,34.549503326416016,34.394248962402344,34.23899841308594,34.083744049072266,34.86001205444336,,35.15499496459961,35.15499496459961,
2026-06-08 05:31:16,,,,,,,,33.580116271972656,,,,,
2026-06-08 05:31:48,,,,,,,,32.654701232910156,,,,,
2026-06-08 05:31:49,34.70475769042969,34.549503326416016,34.083744049072266,33.928489685058594,34.394248962402344,33.928489685058594,34.394248962402344,34.083744049072266,34.394248962402344,,35.01526641845703,35.01526641845703,
2026-06-08 05:32:21,,,,,,,,32.654701232910156,,,,,
2026-06-08 05:32:22,34.23899841308594,33.928489685058594,34.083744049072266,34.394248962402344,34.083744049072266,34.23899841308594,34.083744049072266,34.394248962402344,34.86001205444336,,35.29472351074219,35.29472351074219,
2026-06-08 05:32:52,,,,,,,,32.654701232910156,,,,,
2026-06-08 05:32:53,34.394248962402344,34.394248962402344,34.23899841308594,34.083744049072266,33.928489685058594,34.86001205444336,33.928489685058594,33.928489685058594,34.70475769042969,,35.01526641845703,35.15499496459961,
2026-06-08 05:33:28,,,,,,,,33.166046142578125,,,,,
2026-06-08 05:33:29,34.394248962402344,34.23899841308594,33.61798095703125,33.77323532104492,33.928489685058594,33.928489685058594,34.083744049072266,33.77323532104492,34.394248962402344,,35.01526641845703,35.15499496459961,
2026-06-08 05:33:59,,,,,,,,33.98786163330078,,,,,
2026-06-08 05:33:59,33.928489685058594,34.23899841308594,33.928489685058594,33.61798095703125,34.23899841308594,34.23899841308594,33.77323532104492,34.394248962402344,34.549503326416016,,35.15499496459961,35.01526641845703,
2026-06-08 05:34:31,,,,,,,,33.78715133666992,,,,,
2026-06-08 05:34:32,33.928489685058594,34.083744049072266,33.77323532104492,33.61798095703125,33.61798095703125,34.394248962402344,33.77323532104492,33.77323532104492,34.083744049072266,,34.86001205444336,35.01526641845703,
2026-06-08 05:35:05,,,,,,,,34.20122146606445,,,,,
2026-06-08 05:35:06,34.549503326416016,34.23899841308594,34.083744049072266,33.46272659301758,34.23899841308594,34.394248962402344,33.46272659301758,33.928489685058594,34.549503326416016,,35.01526641845703,34.86001205444336,
2026-06-08 05:35:49,,,,,,,,34.20122146606445,,,,,
2026-06-08 05:36:00,33.61798095703125,34.394248962402344,33.77323532104492,33.61798095703125,33.77323532104492,34.23899841308594,34.23899841308594,33.61798095703125,34.70475769042969,,35.01526641845703,35.01526641845703,
2026-06-08 05:36:09,,,,,,,,33.580116271972656,,,,,
2026-06-08 05:36:24,34.394248962402344,34.549503326416016,34.23899841308594,34.23899841308594,34.394248962402344,34.394248962402344,33.77323532104492,33.61798095703125,34.549503326416016,,35.15499496459961,35.15499496459961,
2026-06-08 05:36:40,,,,,,,,33.580116271972656,,,,,
2026-06-08 05:36:59,34.86001205444336,34.083744049072266,33.928489685058594,33.928489685058594,33.61798095703125,33.928489685058594,33.928489685058594,34.394248962402344,34.394248962402344,,35.29472351074219,35.01526641845703,
2026-06-08 05:37:10,,,,,,,,33.580116271972656,,,,,
2026-06-08 05:37:29,34.549503326416016,34.083744049072266,33.77323532104492,33.928489685058594,34.23899841308594,33.928489685058594,34.23899841308594,34.23899841308594,34.549503326416016,,35.01526641845703,35.15499496459961,
2026-06-08 05:37:41,,,,,,,,33.78715133666992,,,,,
2026-06-08 05:38:02,34.394248962402344,34.394248962402344,33.77323532104492,34.394248962402344,34.394248962402344,34.23899841308594,34.394248962402344,34.394248962402344,35.01526641845703,,35.29472351074219,35.15499496459961,
2026-06-08 05:38:14,,,,,,,,33.78715133666992,,,,,
2026-06-08 05:38:34,34.083744049072266,33.928489685058594,34.23899841308594,33.928489685058594,34.083744049072266,34.394248962402344,34.083744049072266,34.083744049072266,34.86001205444336,,35.01526641845703,35.01526641845703,
2026-06-08 05:38:47,,,,,,,,33.580116271972656,,,,,
2026-06-08 05:39:04,33.928489685058594,33.77323532104492,34.394248962402344,34.23899841308594,34.549503326416016,34.394248962402344,33.77323532104492,33.77323532104492,34.394248962402344,,35.15499496459961,35.15499496459961,
2026-06-08 05:39:19,,,,,,,,33.99418640136719,,,,,
2026-06-08 05:39:38,34.083744049072266,34.394248962402344,34.23899841308594,34.083744049072266,34.23899841308594,34.549503326416016,33.928489685058594,33.928489685058594,34.549503326416016,,35.01526641845703,35.15499496459961,
2026-06-08 05:39:54,,,,,,,,33.99418640136719,,,,,
2026-06-08 05:40:10,34.23899841308594,34.70475769042969,33.61798095703125,34.083744049072266,34.70475769042969,33.928489685058594,34.394248962402344,34.549503326416016,34.394248962402344,,35.01526641845703,35.15499496459961,
2026-06-08 05:40:25,,,,,,,,33.99418640136719,,,,,
2026-06-08 05:41:04,34.549503326416016,33.928489685058594,33.61798095703125,34.23899841308594,34.549503326416016,34.394248962402344,34.23899841308594,34.394248962402344,34.70475769042969,,35.29472351074219,35.15499496459961,
2026-06-08 05:41:05,,,,,,,,34.40825653076172,,,,,
2026-06-08 05:41:29,34.549503326416016,34.083744049072266,34.083744049072266,34.549503326416016,34.083744049072266,34.23899841308594,34.549503326416016,34.394248962402344,34.23899841308594,,35.01526641845703,35.15499496459961,
2026-06-08 05:41:35,,,,,,,,34.40825653076172,,,,,
2026-06-08 05:42:01,34.394248962402344,33.61798095703125,33.928489685058594,33.77323532104492,34.394248962402344,34.549503326416016,34.23899841308594,34.394248962402344,34.70475769042969,,35.15499496459961,35.15499496459961,
2026-06-08 05:42:07,,,,,,,,33.99418640136719,,,,,
2026-06-08 05:42:32,34.70475769042969,34.083744049072266,34.083744049072266,34.083744049072266,34.394248962402344,34.394248962402344,33.928489685058594,33.928489685058594,34.394248962402344,,35.15499496459961,35.15499496459961,
2026-06-08 05:42:37,,,,,,,,33.78715133666992,,,,,
2026-06-08 05:43:07,35.01526641845703,33.77323532104492,34.083744049072266,33.928489685058594,34.394248962402344,34.083744049072266,34.70475769042969,34.083744049072266,34.86001205444336,,35.01526641845703,35.15499496459961,
2026-06-08 05:43:13,,,,,,,,33.78715133666992,,,,,
2026-06-08 05:43:43,33.928489685058594,34.083744049072266,34.083744049072266,33.928489685058594,34.549503326416016,34.70475769042969,34.083744049072266,34.23899841308594,34.70475769042969,,34.86001205444336,35.15499496459961,
2026-06-08 05:43:49,,,,,,,,33.78715133666992,,,,,
2026-06-08 05:44:16,34.083744049072266,34.083744049072266,34.23899841308594,34.23899841308594,33.928489685058594,34.083744049072266,34.394248962402344,34.23899841308594,34.549503326416016,,34.86001205444336,35.01526641845703,
2026-06-08 05:44:23,,,,,,,,33.78715133666992,,,,,
2026-06-08 05:44:49,34.549503326416016,34.394248962402344,34.083744049072266,34.23899841308594,34.394248962402344,34.394248962402344,34.394248962402344,34.549503326416016,34.23899841308594,,35.15499496459961,35.15499496459961,
2026-06-08 05:44:54,,,,,,,,33.580116271972656,,,,,
2026-06-08 05:45:22,34.23899841308594,34.083744049072266,34.549503326416016,33.61798095703125,34.549503326416016,34.394248962402344,34.549503326416016,34.70475769042969,34.394248962402344,,35.29472351074219,35.574180603027344,
2026-06-08 05:45:27,,,,,,,,33.580116271972656,,,,,
2026-06-08 05:46:07,34.394248962402344,34.394248962402344,34.23899841308594,34.394248962402344,34.549503326416016,34.083744049072266,34.549503326416016,33.77323532104492,34.394248962402344,,35.15499496459961,35.574180603027344,
2026-06-08 05:46:08,,,,,,,,33.580116271972656,,,,,
2026-06-08 05:46:32,34.23899841308594,34.70475769042969,33.77323532104492,34.083744049072266,33.928489685058594,34.394248962402344,34.23899841308594,34.23899841308594,34.549503326416016,,35.01526641845703,35.434452056884766,
2026-06-08 05:46:41,,,,,,,,33.580116271972656,,,,,
2026-06-08 05:47:04,34.70475769042969,34.394248962402344,34.394248962402344,34.394248962402344,33.77323532104492,34.23899841308594,34.549503326416016,33.928489685058594,35.01526641845703,,35.15499496459961,35.29472351074219,
2026-06-08 05:47:17,,,,,,,,33.580116271972656,,,,,
2026-06-08 05:47:36,34.86001205444336,34.083744049072266,33.928489685058594,34.23899841308594,34.23899841308594,34.70475769042969,35.01526641845703,34.70475769042969,34.23899841308594,,35.15499496459961,35.29472351074219,
2026-06-08 05:47:47,,,,,,,,33.580116271972656,,,,,
2026-06-08 05:48:07,34.23899841308594,34.549503326416016,34.083744049072266,34.23899841308594,34.394248962402344,35.01526641845703,34.394248962402344,34.549503326416016,34.394248962402344,,35.15499496459961,35.29472351074219,
2026-06-08 05:48:20,,,,,,,,33.15977478027344,,,,,
2026-06-08 05:48:38,35.01526641845703,34.86001205444336,34.70475769042969,34.549503326416016,34.549503326416016,35.15499496459961,35.29472351074219,34.70475769042969,35.29472351074219,,35.574180603027344,35.574180603027344,
2026-06-08 05:48:52,,,,,,,,32.907249450683594,,,,,
2026-06-08 05:49:10,34.70475769042969,34.70475769042969,33.928489685058594,34.394248962402344,34.70475769042969,34.70475769042969,34.86001205444336,34.394248962402344,35.29472351074219,,35.29472351074219,35.434452056884766,
2026-06-08 05:49:23,,,,,,,,33.37308120727539,,,,,
2026-06-08 05:49:41,34.083744049072266,33.46272659301758,33.928489685058594,34.394248962402344,34.083744049072266,34.083744049072266,34.083744049072266,34.23899841308594,34.083744049072266,,34.86001205444336,34.86001205444336,
2026-06-08 05:49:59,,,,,,,,33.166046142578125,,,,,
2026-06-08 05:50:12,34.394248962402344,33.77323532104492,33.77323532104492,33.77323532104492,34.083744049072266,34.083744049072266,33.46272659301758,34.083744049072266,33.928489685058594,,34.86001205444336,35.15499496459961,
2026-06-08 05:50:32,,,,,,,,33.166046142578125,,,,,
2026-06-08 05:50:47,33.77323532104492,33.928489685058594,33.77323532104492,33.77323532104492,33.61798095703125,33.928489685058594,34.083744049072266,33.928489685058594,33.928489685058594,,34.86001205444336,35.01526641845703,
2026-06-08 05:51:11,,,,,,,,33.166046142578125,,,,,
2026-06-08 05:51:18,34.394248962402344,34.083744049072266,33.928489685058594,34.23899841308594,34.394248962402344,34.083744049072266,33.928489685058594,34.549503326416016,34.70475769042969,,35.01526641845703,35.15499496459961,
2026-06-08 05:51:43,,,,,,,,33.166046142578125,,,,,
2026-06-08 05:51:52,34.083744049072266,33.928489685058594,34.083744049072266,34.23899841308594,34.394248962402344,34.394248962402344,34.23899841308594,34.70475769042969,34.549503326416016,,35.15499496459961,35.15499496459961,
2026-06-08 05:52:13,,,,,,,,33.166046142578125,,,,,
2026-06-08 05:52:23,33.928489685058594,33.61798095703125,33.61798095703125,33.46272659301758,33.61798095703125,33.928489685058594,34.394248962402344,34.394248962402344,34.549503326416016,,35.01526641845703,35.29472351074219,
2026-06-08 05:52:49,,,,,,,,32.63288116455078,,,,,
2026-06-08 05:52:56,33.928489685058594,33.46272659301758,33.61798095703125,33.77323532104492,32.99696350097656,33.928489685058594,33.77323532104492,33.928489685058594,34.083744049072266,,34.86001205444336,34.70475769042969,
2026-06-08 05:53:22,,,,,,,,32.63288116455078,,,,,
2026-06-08 05:53:27,34.083744049072266,33.61798095703125,33.46272659301758,33.77323532104492,33.77323532104492,33.928489685058594,33.61798095703125,34.083744049072266,34.083744049072266,,34.70475769042969,34.70475769042969,
2026-06-08 05:53:57,,,,,,,,32.63288116455078,,,,,
2026-06-08 05:54:02,34.23899841308594,33.61798095703125,33.77323532104492,34.394248962402344,34.549503326416016,34.083744049072266,33.928489685058594,33.928489685058594,34.23899841308594,,34.86001205444336,34.86001205444336,
2026-06-08 05:54:28,,,,,,,,32.63288116455078,,,,,
2026-06-08 05:54:34,34.394248962402344,33.61798095703125,33.928489685058594,34.083744049072266,34.23899841308594,34.394248962402344,33.61798095703125,34.083744049072266,33.46272659301758,,34.86001205444336,34.86001205444336,
2026-06-08 05:55:02,,,,,,,,32.63288116455078,,,,,
2026-06-08 05:55:07,33.46272659301758,33.61798095703125,33.307472229003906,33.77323532104492,32.99696350097656,33.928489685058594,33.61798095703125,33.77323532104492,33.928489685058594,,34.549503326416016,34.549503326416016,
2026-06-08 05:55:36,,,,,,,,32.63288116455078,,,,,
2026-06-08 05:55:38,33.61798095703125,33.77323532104492,33.61798095703125,33.61798095703125,33.307472229003906,33.61798095703125,33.928489685058594,34.083744049072266,33.928489685058594,,34.549503326416016,34.86001205444336,
2026-06-08 05:56:18,,,,,,,,32.63288116455078,,,,,
2026-06-08 05:56:18,33.307472229003906,34.23899841308594,34.23899841308594,34.23899841308594,33.46272659301758,34.083744049072266,34.394248962402344,34.394248962402344,34.23899841308594,,34.70475769042969,35.01526641845703,
2026-06-08 05:56:52,,,,,,,,32.63288116455078,,,,,
2026-06-08 05:56:53,33.928489685058594,33.61798095703125,33.152217864990234,33.77323532104492,33.46272659301758,34.549503326416016,33.152217864990234,33.928489685058594,33.77323532104492,,34.549503326416016,34.86001205444336,
2026-06-08 05:57:23,34.083744049072266,33.77323532104492,33.46272659301758,33.928489685058594,34.23899841308594,34.394248962402344,33.77323532104492,34.083744049072266,34.394248962402344,,34.86001205444336,35.01526641845703,
2026-06-08 05:57:28,,,,,,,,32.64221954345703,,,,,
2026-06-08 05:57:56,33.77323532104492,33.61798095703125,33.77323532104492,33.77323532104492,34.23899841308594,34.083744049072266,34.23899841308594,33.928489685058594,34.23899841308594,,34.70475769042969,34.86001205444336,
2026-06-08 05:57:58,,,,,,,,32.64221954345703,,,,,
2026-06-08 05:58:30,,,,,,,,32.64221954345703,,,,,
2026-06-08 05:58:31,33.928489685058594,34.23899841308594,33.46272659301758,33.928489685058594,33.77323532104492,33.928489685058594,33.928489685058594,33.928489685058594,34.394248962402344,,34.86001205444336,34.86001205444336,
2026-06-08 05:59:06,,,,,,,,32.64221954345703,,,,,
2026-06-08 05:59:07,34.394248962402344,33.307472229003906,33.77323532104492,34.23899841308594,33.61798095703125,33.928489685058594,34.23899841308594,33.928489685058594,34.394248962402344,,34.70475769042969,34.86001205444336,
2026-06-08 05:59:39,,,,,,,,32.64221954345703,,,,,
2026-06-08 05:59:39,34.394248962402344,34.394248962402344,34.083744049072266,34.083744049072266,34.23899841308594,34.23899841308594,33.77323532104492,34.23899841308594,34.23899841308594,,35.01526641845703,35.01526641845703,
2026-06-08 06:00:14,,,,,,,,32.64221954345703,,,,,
2026-06-08 06:00:14,34.70475769042969,34.23899841308594,34.083744049072266,34.549503326416016,34.549503326416016,34.083744049072266,34.23899841308594,34.70475769042969,34.70475769042969,,35.01526641845703,35.29472351074219,
2026-06-08 06:00:47,,,,,,,,32.64221954345703,,,,,
2026-06-08 06:00:48,34.23899841308594,34.23899841308594,33.61798095703125,34.23899841308594,34.083744049072266,34.083744049072266,34.394248962402344,34.394248962402344,33.77323532104492,,35.15499496459961,35.01526641845703,
2026-06-08 06:01:21,,,,,,,,32.37413024902344,,,,,
2026-06-08 06:01:21,34.23899841308594,33.928489685058594,33.77323532104492,34.23899841308594,34.083744049072266,33.928489685058594,33.928489685058594,34.394248962402344,34.549503326416016,,35.01526641845703,35.15499496459961,
2026-06-08 06:01:54,,,,,,,,32.37413024902344,,,,,
2026-06-08 06:01:55,34.394248962402344,34.23899841308594,34.083744049072266,34.23899841308594,34.083744049072266,34.549503326416016,34.083744049072266,34.394248962402344,34.394248962402344,,35.15499496459961,35.15499496459961,
2026-06-08 06:02:26,,,,,,,,32.37413024902344,,,,,
2026-06-08 06:02:27,34.23899841308594,33.928489685058594,33.77323532104492,34.23899841308594,34.394248962402344,33.928489685058594,33.928489685058594,34.083744049072266,34.549503326416016,,35.01526641845703,35.15499496459961,
2026-06-08 06:02:57,,,,,,,,32.37413024902344,,,,,
2026-06-08 06:02:58,34.70475769042969,34.083744049072266,34.549503326416016,34.083744049072266,34.23899841308594,35.01526641845703,34.549503326416016,34.549503326416016,35.01526641845703,,35.29472351074219,35.15499496459961,
2026-06-08 06:03:33,,,,,,,,32.37413024902344,,,,,
2026-06-08 06:03:34,33.928489685058594,33.928489685058594,33.928489685058594,34.23899841308594,34.394248962402344,34.083744049072266,34.394248962402344,34.23899841308594,34.394248962402344,,35.15499496459961,35.01526641845703,
2026-06-08 06:04:06,,,,,,,,33.13469696044922,,,,,
2026-06-08 06:04:07,34.549503326416016,34.23899841308594,34.394248962402344,34.23899841308594,33.61798095703125,34.083744049072266,34.083744049072266,34.394248962402344,34.86001205444336,,35.01526641845703,35.01526641845703,
2026-06-08 06:04:38,,,,,,,,33.13469696044922,,,,,
2026-06-08 06:04:38,34.70475769042969,34.23899841308594,34.083744049072266,34.549503326416016,33.77323532104492,34.083744049072266,33.77323532104492,34.083744049072266,34.549503326416016,,35.15499496459961,35.15499496459961,
2026-06-08 06:05:11,,,,,,,,32.63288116455078,,,,,
2026-06-08 06:05:12,34.083744049072266,33.928489685058594,33.77323532104492,33.61798095703125,34.083744049072266,33.928489685058594,33.61798095703125,34.083744049072266,34.549503326416016,,34.86001205444336,34.86001205444336,
2026-06-08 06:05:43,,,,,,,,33.15977478027344,,,,,
2026-06-08 06:05:44,34.70475769042969,34.23899841308594,33.61798095703125,34.23899841308594,34.083744049072266,34.23899841308594,34.23899841308594,34.23899841308594,34.23899841308594,,35.15499496459961,35.15499496459961,
2026-06-08 06:06:20,,,,,,,,32.63597106933594,,,,,
2026-06-08 06:06:20,34.23899841308594,34.549503326416016,34.083744049072266,34.549503326416016,34.394248962402344,34.549503326416016,34.083744049072266,34.549503326416016,34.23899841308594,,35.15499496459961,35.15499496459961,
2026-06-08 06:06:54,,,,,,,,32.63597106933594,,,,,
2026-06-08 06:06:55,34.23899841308594,34.394248962402344,34.23899841308594,34.083744049072266,34.23899841308594,34.70475769042969,34.394248962402344,34.549503326416016,34.549503326416016,,35.01526641845703,35.01526641845703,
2026-06-08 06:07:25,,,,,,,,32.63597106933594,,,,,
2026-06-08 06:07:25,33.46272659301758,34.549503326416016,33.46272659301758,33.77323532104492,33.77323532104492,34.083744049072266,33.77323532104492,34.23899841308594,34.23899841308594,,35.15499496459961,35.29472351074219,
2026-06-08 06:07:57,,,,,,,,32.63597106933594,,,,,
2026-06-08 06:07:57,34.549503326416016,34.23899841308594,34.23899841308594,34.394248962402344,34.083744049072266,33.928489685058594,34.394248962402344,34.083744049072266,34.394248962402344,,35.01526641845703,34.86001205444336,
2026-06-08 06:08:29,,,,,,,,32.63597106933594,,,,,
2026-06-08 06:08:29,34.23899841308594,33.928489685058594,33.61798095703125,33.77323532104492,34.083744049072266,33.77323532104492,33.77323532104492,34.549503326416016,34.394248962402344,,34.86001205444336,35.01526641845703,
2026-06-08 06:09:02,,,,,,,,32.63597106933594,,,,,
2026-06-08 06:09:03,34.23899841308594,34.23899841308594,33.61798095703125,33.928489685058594,33.61798095703125,34.083744049072266,34.394248962402344,34.549503326416016,34.70475769042969,,34.86001205444336,35.01526641845703,
2026-06-08 06:09:34,,,,,,,,32.63597106933594,,,,,
2026-06-08 06:09:34,34.23899841308594,33.61798095703125,34.083744049072266,33.928489685058594,34.23899841308594,34.549503326416016,34.083744049072266,34.23899841308594,34.549503326416016,,34.86001205444336,35.15499496459961,
2026-06-08 06:10:07,,,,,,,,32.63597106933594,,,,,
2026-06-08 06:10:08,33.928489685058594,33.77323532104492,33.77323532104492,34.394248962402344,33.61798095703125,33.61798095703125,34.083744049072266,34.394248962402344,33.928489685058594,,34.86001205444336,34.86001205444336,
2026-06-08 06:10:43,,,,,,,,32.63597106933594,,,,,
2026-06-08 06:10:44,34.083744049072266,33.77323532104492,33.928489685058594,33.928489685058594,33.77323532104492,34.083744049072266,34.083744049072266,34.70475769042969,34.083744049072266,,34.86001205444336,35.01526641845703,
2026-06-08 06:11:23,,,,,,,,32.63597106933594,,,,,
2026-06-08 06:11:23,34.549503326416016,34.23899841308594,33.61798095703125,34.394248962402344,33.61798095703125,33.928489685058594,33.928489685058594,34.70475769042969,34.23899841308594,,35.01526641845703,35.01526641845703,
2026-06-08 06:11:54,,,,,,,,33.15348815917969,,,,,
2026-06-08 06:11:55,34.394248962402344,34.083744049072266,33.928489685058594,33.928489685058594,33.46272659301758,33.77323532104492,33.928489685058594,34.394248962402344,34.23899841308594,,34.86001205444336,35.01526641845703,
2026-06-08 06:12:29,,,,,,,,33.15348815917969,,,,,
2026-06-08 06:12:30,33.61798095703125,34.23899841308594,33.928489685058594,33.77323532104492,33.928489685058594,34.083744049072266,33.307472229003906,34.23899841308594,33.77323532104492,,34.86001205444336,35.01526641845703,
2026-06-08 06:13:01,,,,,,,,33.15348815917969,,,,,
2026-06-08 06:13:02,34.549503326416016,34.549503326416016,33.307472229003906,33.928489685058594,34.23899841308594,34.083744049072266,33.77323532104492,34.23899841308594,33.928489685058594,,35.01526641845703,35.01526641845703,
2026-06-08 06:13:36,,,,,,,,32.891632080078125,,,,,
2026-06-08 06:13:36,33.928489685058594,34.394248962402344,33.77323532104492,33.61798095703125,33.77323532104492,34.23899841308594,34.083744049072266,34.394248962402344,33.928489685058594,,34.86001205444336,35.29472351074219,
2026-06-08 06:14:07,,,,,,,,32.891632080078125,,,,,
2026-06-08 06:14:08,34.23899841308594,33.928489685058594,34.083744049072266,33.928489685058594,33.46272659301758,33.61798095703125,34.23899841308594,33.77323532104492,34.549503326416016,,35.15499496459961,35.01526641845703,
2026-06-08 06:14:39,,,,,,,,32.891632080078125,,,,,
2026-06-08 06:14:39,34.70475769042969,34.549503326416016,34.083744049072266,34.70475769042969,34.23899841308594,33.928489685058594,34.23899841308594,35.01526641845703,34.23899841308594,,35.15499496459961,35.29472351074219,
2026-06-08 06:15:09,,,,,,,,32.891632080078125,,,,,
2026-06-08 06:15:10,34.083744049072266,34.394248962402344,33.46272659301758,34.23899841308594,33.46272659301758,34.23899841308594,33.928489685058594,34.23899841308594,34.083744049072266,,35.01526641845703,35.01526641845703,
2026-06-08 06:15:44,,,,,,,,32.63288116455078,,,,,
2026-06-08 06:15:45,33.77323532104492,34.549503326416016,33.928489685058594,33.77323532104492,33.77323532104492,33.928489685058594,34.083744049072266,34.86001205444336,33.928489685058594,,35.01526641845703,35.15499496459961,
2026-06-08 06:16:24,,,,,,,,32.63288116455078,,,,,
2026-06-08 06:16:24,34.083744049072266,33.77323532104492,33.928489685058594,34.23899841308594,33.77323532104492,33.61798095703125,33.928489685058594,34.083744049072266,34.549503326416016,,35.01526641845703,35.15499496459961,
2026-06-08 06:17:00,,,,,,,,33.15038299560547,,,,,
2026-06-08 06:17:00,33.928489685058594,34.394248962402344,34.23899841308594,33.61798095703125,33.61798095703125,34.394248962402344,33.77323532104492,34.549503326416016,34.549503326416016,,35.01526641845703,35.29472351074219,
2026-06-08 06:17:30,33.928489685058594,33.61798095703125,33.928489685058594,34.083744049072266,34.23899841308594,34.23899841308594,34.083744049072266,34.083744049072266,34.083744049072266,,35.01526641845703,35.01526641845703,
2026-06-08 06:17:31,,,,,,,,33.15038299560547,,,,,
2026-06-08 06:18:05,,,,,,,,33.15038299560547,,,,,
2026-06-08 06:18:06,34.70475769042969,34.394248962402344,34.394248962402344,34.394248962402344,34.70475769042969,34.394248962402344,34.394248962402344,34.549503326416016,34.86001205444336,,35.434452056884766,35.574180603027344,
2026-06-08 06:18:39,,,,,,,,33.15038299560547,,,,,
2026-06-08 06:18:40,34.083744049072266,34.083744049072266,33.77323532104492,34.083744049072266,33.928489685058594,34.23899841308594,34.083744049072266,34.70475769042969,34.549503326416016,,35.15499496459961,35.15499496459961,
2026-06-08 06:19:10,34.86001205444336,34.083744049072266,34.083744049072266,34.23899841308594,33.77323532104492,34.083744049072266,34.083744049072266,34.23899841308594,34.70475769042969,,35.15499496459961,35.15499496459961,
2026-06-08 06:19:14,,,,,,,,33.15038299560547,,,,,
2026-06-08 06:19:43,34.23899841308594,34.23899841308594,34.394248962402344,33.928489685058594,33.46272659301758,33.77323532104492,33.928489685058594,34.549503326416016,34.083744049072266,,35.15499496459961,35.01526641845703,
2026-06-08 06:19:49,,,,,,,,33.15038299560547,,,,,
2026-06-08 06:20:14,34.23899841308594,34.23899841308594,34.083744049072266,34.083744049072266,33.77323532104492,33.928489685058594,34.23899841308594,34.083744049072266,34.23899841308594,,35.15499496459961,35.15499496459961,
2026-06-08 06:20:20,,,,,,,,33.15038299560547,,,,,
2026-06-08 06:20:46,34.549503326416016,34.083744049072266,34.083744049072266,34.394248962402344,34.549503326416016,33.77323532104492,34.23899841308594,33.928489685058594,34.23899841308594,,35.01526641845703,35.01526641845703,
2026-06-08 06:20:51,,,,,,,,32.63288116455078,,,,,
2026-06-08 06:21:24,,,,,,,,32.63288116455078,,,,,
2026-06-08 06:21:25,33.928489685058594,34.083744049072266,33.77323532104492,33.46272659301758,33.77323532104492,33.77323532104492,33.77323532104492,33.928489685058594,34.394248962402344,,34.86001205444336,34.86001205444336,
2026-06-08 06:21:54,,,,,,,,32.63288116455078,,,,,
2026-06-08 06:21:55,34.549503326416016,34.549503326416016,33.77323532104492,33.928489685058594,34.394248962402344,34.23899841308594,34.083744049072266,34.23899841308594,34.23899841308594,,35.15499496459961,35.01526641845703,
2026-06-08 06:22:28,,,,,,,,32.8759880065918,,,,,
2026-06-08 06:22:28,34.23899841308594,34.23899841308594,34.23899841308594,34.394248962402344,34.394248962402344,34.083744049072266,34.70475769042969,34.394248962402344,34.549503326416016,,35.29472351074219,35.15499496459961,
2026-06-08 06:23:03,,,,,,,,32.8759880065918,,,,,
2026-06-08 06:23:04,34.549503326416016,34.083744049072266,34.23899841308594,33.928489685058594,34.23899841308594,33.928489685058594,34.549503326416016,34.083744049072266,34.549503326416016,,35.15499496459961,35.29472351074219,
2026-06-08 06:23:36,,,,,,,,32.8759880065918,,,,,
2026-06-08 06:23:36,34.549503326416016,34.23899841308594,34.549503326416016,34.23899841308594,34.394248962402344,34.549503326416016,33.928489685058594,34.23899841308594,34.394248962402344,,35.29472351074219,35.15499496459961,
2026-06-08 06:24:10,,,,,,,,32.8759880065918,,,,,
2026-06-08 06:24:10,34.083744049072266,34.083744049072266,34.394248962402344,33.928489685058594,34.083744049072266,34.23899841308594,34.23899841308594,34.23899841308594,34.394248962402344,,35.29472351074219,35.15499496459961,
2026-06-08 06:24:45,,,,,,,,32.8759880065918,,,,,
2026-06-08 06:24:46,34.70475769042969,34.549503326416016,34.23899841308594,34.23899841308594,34.549503326416016,34.549503326416016,34.083744049072266,34.394248962402344,34.549503326416016,,35.29472351074219,35.15499496459961,
2026-06-08 06:25:21,,,,,,,,33.76505661010742,,,,,
2026-06-08 06:25:22,34.394248962402344,33.61798095703125,34.394248962402344,33.61798095703125,33.77323532104492,34.23899841308594,34.083744049072266,34.394248962402344,34.86001205444336,,35.15499496459961,35.15499496459961,
2026-06-08 06:25:53,,,,,,,,33.76505661010742,,,,,
2026-06-08 06:25:54,34.083744049072266,34.083744049072266,34.23899841308594,34.394248962402344,34.394248962402344,34.083744049072266,34.23899841308594,34.23899841308594,34.549503326416016,,35.01526641845703,35.15499496459961,
2026-06-08 06:26:31,,,,,,,,33.76505661010742,,,,,
2026-06-08 06:26:32,34.394248962402344,34.083744049072266,34.083744049072266,34.083744049072266,34.23899841308594,33.77323532104492,35.01526641845703,34.86001205444336,34.86001205444336,,35.29472351074219,35.434452056884766,
2026-06-08 06:27:03,,,,,,,,33.76505661010742,,,,,
2026-06-08 06:27:04,34.23899841308594,34.549503326416016,34.394248962402344,34.23899841308594,34.394248962402344,34.549503326416016,35.01526641845703,34.394248962402344,35.01526641845703,,35.29472351074219,35.574180603027344,
2026-06-08 06:27:33,,,,,,,,33.76505661010742,,,,,
2026-06-08 06:27:34,34.23899841308594,34.083744049072266,34.23899841308594,33.77323532104492,34.549503326416016,34.083744049072266,34.394248962402344,34.23899841308594,34.70475769042969,,35.29472351074219,35.01526641845703,
2026-06-08 06:28:08,,,,,,,,33.76505661010742,,,,,
2026-06-08 06:28:08,34.083744049072266,33.77323532104492,34.083744049072266,34.083744049072266,33.928489685058594,34.083744049072266,34.70475769042969,34.549503326416016,34.70475769042969,,35.29472351074219,35.434452056884766,
2026-06-08 06:28:40,,,,,,,,33.76505661010742,,,,,
2026-06-08 06:28:40,34.549503326416016,34.083744049072266,34.549503326416016,34.083744049072266,34.86001205444336,34.394248962402344,34.70475769042969,34.394248962402344,35.01526641845703,,35.15499496459961,35.15499496459961,
2026-06-08 06:29:11,,,,,,,,33.76505661010742,,,,,
2026-06-08 06:29:12,34.394248962402344,34.549503326416016,33.77323532104492,34.23899841308594,34.083744049072266,34.083744049072266,34.549503326416016,34.549503326416016,34.70475769042969,,35.15499496459961,35.29472351074219,
2026-06-08 06:29:45,,,,,,,,33.76505661010742,,,,,
2026-06-08 06:29:46,34.23899841308594,34.23899841308594,34.083744049072266,33.46272659301758,34.23899841308594,34.083744049072266,34.394248962402344,34.083744049072266,33.928489685058594,,35.01526641845703,35.15499496459961,
2026-06-08 06:30:16,,,,,,,,33.12841033935547,,,,,
2026-06-08 06:30:17,34.083744049072266,33.46272659301758,33.61798095703125,34.23899841308594,33.307472229003906,33.928489685058594,34.23899841308594,33.928489685058594,34.083744049072266,,34.86001205444336,35.01526641845703,
2026-06-08 06:30:47,,,,,,,,33.12841033935547,,,,,
2026-06-08 06:30:48,34.394248962402344,33.77323532104492,33.928489685058594,33.77323532104492,33.928489685058594,33.77323532104492,34.23899841308594,33.77323532104492,33.928489685058594,,34.70475769042969,34.86001205444336,
2026-06-08 06:31:30,34.083744049072266,33.46272659301758,33.152217864990234,33.307472229003906,34.083744049072266,34.083744049072266,33.77323532104492,33.46272659301758,33.928489685058594,,34.549503326416016,34.86001205444336,
2026-06-08 06:31:30,,,,,,,,33.12841033935547,,,,,
2026-06-08 06:31:55,34.23899841308594,33.928489685058594,33.46272659301758,34.23899841308594,33.46272659301758,34.083744049072266,34.083744049072266,33.77323532104492,33.928489685058594,,34.70475769042969,35.15499496459961,
2026-06-08 06:32:01,,,,,,,,33.12841033935547,,,,,
2026-06-08 06:32:27,34.083744049072266,33.77323532104492,33.77323532104492,33.77323532104492,33.61798095703125,34.70475769042969,34.083744049072266,33.46272659301758,33.928489685058594,,34.86001205444336,35.01526641845703,
2026-06-08 06:32:34,,,,,,,,33.12841033935547,,,,,
2026-06-08 06:33:02,33.61798095703125,33.77323532104492,33.928489685058594,33.307472229003906,33.928489685058594,33.61798095703125,33.928489685058594,33.928489685058594,34.083744049072266,,34.70475769042969,34.70475769042969,
2026-06-08 06:33:08,,,,,,,,33.35108184814453,,,,,
2026-06-08 06:33:33,34.23899841308594,34.083744049072266,33.61798095703125,33.928489685058594,34.394248962402344,34.23899841308594,33.928489685058594,33.307472229003906,34.083744049072266,,35.15499496459961,35.15499496459961,
2026-06-08 06:33:38,,,,,,,,33.35108184814453,,,,,
2026-06-08 06:34:04,33.61798095703125,33.77323532104492,33.307472229003906,34.083744049072266,33.152217864990234,33.77323532104492,33.46272659301758,34.083744049072266,34.083744049072266,,34.549503326416016,34.86001205444336,
2026-06-08 06:34:09,,,,,,,,33.35108184814453,,,,,
2026-06-08 06:34:34,34.083744049072266,33.928489685058594,33.61798095703125,34.23899841308594,33.46272659301758,34.083744049072266,34.083744049072266,34.083744049072266,33.928489685058594,,34.86001205444336,35.01526641845703,
2026-06-08 06:34:40,,,,,,,,33.35108184814453,,,,,
2026-06-08 06:35:07,33.46272659301758,33.77323532104492,33.928489685058594,33.928489685058594,33.152217864990234,33.77323532104492,34.083744049072266,33.152217864990234,33.61798095703125,,34.70475769042969,34.70475769042969,
2026-06-08 06:35:13,,,,,,,,33.35108184814453,,,,,
2026-06-08 06:35:37,33.307472229003906,34.23899841308594,33.61798095703125,33.928489685058594,33.307472229003906,34.083744049072266,33.928489685058594,33.46272659301758,34.083744049072266,,34.70475769042969,35.01526641845703,
2026-06-08 06:35:44,,,,,,,,33.35108184814453,,,,,
2026-06-08 06:36:11,34.23899841308594,34.23899841308594,33.928489685058594,33.928489685058594,33.46272659301758,34.394248962402344,33.77323532104492,34.083744049072266,34.083744049072266,,34.70475769042969,35.01526641845703,
2026-06-08 06:36:16,,,,,,,,33.35108184814453,,,,,
2026-06-08 06:36:41,33.152217864990234,33.928489685058594,33.61798095703125,34.083744049072266,33.61798095703125,33.928489685058594,33.77323532104492,33.928489685058594,34.083744049072266,,34.70475769042969,35.01526641845703,
2026-06-08 06:36:46,,,,,,,,33.35108184814453,,,,,
2026-06-08 06:37:13,33.77323532104492,32.686458587646484,33.928489685058594,33.928489685058594,33.46272659301758,34.394248962402344,34.083744049072266,33.77323532104492,33.77323532104492,,34.549503326416016,34.86001205444336,
2026-06-08 06:37:19,,,,,,,,33.35108184814453,,,,,
2026-06-08 06:37:45,34.549503326416016,33.61798095703125,33.307472229003906,33.61798095703125,33.61798095703125,34.394248962402344,33.77323532104492,33.928489685058594,33.928489685058594,,34.549503326416016,34.70475769042969,
2026-06-08 06:37:52,,,,,,,,33.35108184814453,,,,,
2026-06-08 06:38:17,33.77323532104492,33.61798095703125,33.307472229003906,33.77323532104492,33.61798095703125,34.23899841308594,33.77323532104492,33.307472229003906,33.77323532104492,,34.70475769042969,34.86001205444336,
2026-06-08 06:38:23,,,,,,,,31.58245086669922,,,,,
2026-06-08 06:38:49,33.928489685058594,33.928489685058594,33.928489685058594,33.61798095703125,34.23899841308594,34.23899841308594,33.928489685058594,34.23899841308594,34.083744049072266,,35.01526641845703,35.01526641845703,
2026-06-08 06:38:57,,,,,,,,31.065034866333008,,,,,
2026-06-08 06:39:20,33.46272659301758,33.928489685058594,33.46272659301758,33.46272659301758,33.61798095703125,33.61798095703125,33.928489685058594,33.928489685058594,33.152217864990234,,34.549503326416016,34.70475769042969,
2026-06-08 06:39:29,,,,,,,,31.065034866333008,,,,,
2026-06-08 06:39:53,34.23899841308594,34.083744049072266,34.083744049072266,34.394248962402344,33.928489685058594,34.23899841308594,34.86001205444336,34.549503326416016,34.23899841308594,,35.15499496459961,35.01526641845703,
2026-06-08 06:40:01,,,,,,,,31.065034866333008,,,,,
2026-06-08 06:40:25,34.083675384521484,33.92842483520508,33.773170471191406,33.773170471191406,33.46266174316406,33.617916107177734,33.773170471191406,34.704689025878906,33.92842483520508,,34.85994338989258,35.01519775390625,
2026-06-08 06:40:32,,,,,,,,31.065034866333008,,,,,
2026-06-08 06:40:56,34.70465850830078,33.92839431762695,33.61788558959961,34.23889923095703,33.92839431762695,34.08364486694336,33.92839431762695,34.3941535949707,34.549407958984375,,35.015167236328125,35.1548957824707,
2026-06-08 06:41:04,,,,,,,,32.40581512451172,,,,,
2026-06-08 06:41:39,34.08364486694336,33.92839431762695,33.307376861572266,33.61788558959961,33.46263122558594,33.46263122558594,33.77313995361328,34.23889923095703,33.92839431762695,,34.70465850830078,34.85991287231445,
2026-06-08 06:41:40,,,,,,,,32.40581512451172,,,,,
2026-06-08 06:42:03,33.46263122558594,33.46263122558594,33.46263122558594,33.61788558959961,33.77313995361328,33.15212631225586,33.92839431762695,33.92839431762695,33.61788558959961,,34.85991287231445,34.70465850830078,
2026-06-08 06:42:16,,,,,,,,32.40581512451172,,,,,
2026-06-08 06:42:35,34.549407958984375,33.77313995361328,34.3941535949707,34.3941535949707,33.92839431762695,34.08364486694336,34.23889923095703,34.08364486694336,34.70465850830078,,35.015167236328125,35.015167236328125,
2026-06-08 06:42:51,,,,,,,,32.40581512451172,,,,,
2026-06-08 06:43:05,34.3941535949707,33.61788558959961,33.92839431762695,33.92839431762695,33.92839431762695,33.77313995361328,33.92839431762695,34.3941535949707,33.92839431762695,,34.70465850830078,35.015167236328125,
2026-06-08 06:43:22,,,,,,,,32.40581512451172,,,,,
2026-06-08 06:43:36,33.61788558959961,34.08364486694336,33.92839431762695,34.23889923095703,34.08364486694336,33.92839431762695,33.77313995361328,34.70465850830078,34.3941535949707,,35.015167236328125,35.015167236328125,
2026-06-08 06:43:52,,,,,,,,31.695663452148438,,,,,
2026-06-08 06:44:07,33.46263122558594,33.92839431762695,32.841617584228516,33.92839431762695,33.61788558959961,33.77313995361328,33.61788558959961,34.08364486694336,33.77313995361328,,34.549407958984375,34.85991287231445,
2026-06-08 06:44:27,,,,,,,,31.695663452148438,,,,,
2026-06-08 06:44:37,34.08364486694336,34.08364486694336,33.307376861572266,34.08364486694336,34.08364486694336,34.549407958984375,33.92839431762695,34.3941535949707,34.3941535949707,,35.015167236328125,34.70465850830078,
2026-06-08 06:44:58,,,,,,,,33.12841033935547,,,,,
2026-06-08 06:45:09,34.08364486694336,34.08364486694336,33.46263122558594,34.23889923095703,34.23889923095703,33.92839431762695,34.08364486694336,34.549407958984375,34.08364486694336,,34.85991287231445,35.015167236328125,
2026-06-08 06:45:29,,,,,,,,33.12841033935547,,,,,
2026-06-08 06:45:42,34.23889923095703,33.77313995361328,33.46263122558594,34.23889923095703,33.77313995361328,33.92839431762695,33.77313995361328,34.70465850830078,34.08364486694336,,34.85991287231445,35.015167236328125,
2026-06-08 06:46:00,,,,,,,,33.12841033935547,,,,,
2026-06-08 06:46:23,34.3941535949707,34.08364486694336,33.61788558959961,33.77313995361328,33.77313995361328,33.61788558959961,34.08364486694336,34.70465850830078,34.23889923095703,,34.85991287231445,35.015167236328125,
2026-06-08 06:46:41,,,,,,,,33.12841033935547,,,,,
2026-06-08 06:46:57,33.77313995361328,34.23889923095703,34.23889923095703,33.77313995361328,33.61788558959961,33.77313995361328,33.61788558959961,34.23889923095703,34.70465850830078,,34.85991287231445,35.015167236328125,
2026-06-08 06:47:16,,,,,,,,33.12841033935547,,,,,
2026-06-08 06:47:31,33.61788558959961,34.08364486694336,33.15212631225586,34.08364486694336,33.77313995361328,33.61788558959961,34.3941535949707,34.549407958984375,34.23889923095703,,35.015167236328125,35.29462432861328,
2026-06-08 06:47:49,,,,,,,,33.12841033935547,,,,,
2026-06-08 06:48:03,34.3941535949707,33.92839431762695,34.08364486694336,34.549407958984375,33.46263122558594,34.08364486694336,34.70465850830078,34.3941535949707,34.85991287231445,,35.43435287475586,35.43435287475586,
2026-06-08 06:48:20,,,,,,,,33.12841033935547,,,,,
2026-06-08 06:48:37,33.61788558959961,34.23889923095703,33.46263122558594,33.92839431762695,33.77313995361328,33.92839431762695,33.77313995361328,34.70465850830078,34.23889923095703,,35.1548957824707,35.1548957824707,
2026-06-08 06:48:50,,,,,,,,33.12841033935547,,,,,
2026-06-08 06:49:09,34.3941535949707,34.549407958984375,33.92839431762695,34.70465850830078,34.08364486694336,34.08364486694336,34.23889923095703,34.3941535949707,34.23889923095703,,35.015167236328125,35.29462432861328,
2026-06-08 06:49:21,,,,,,,,32.17324447631836,,,,,
2026-06-08 06:49:41,34.08364486694336,34.23889923095703,33.46263122558594,33.92839431762695,33.46263122558594,34.70465850830078,34.08364486694336,33.92839431762695,34.3941535949707,,35.015167236328125,35.015167236328125,
2026-06-08 06:49:52,,,,,,,,32.17324447631836,,,,,
2026-06-08 06:50:12,33.61788558959961,33.77313995361328,33.307376861572266,33.92839431762695,33.46263122558594,34.3941535949707,34.08364486694336,33.77313995361328,34.3941535949707,,35.015167236328125,34.85991287231445,
2026-06-08 06:50:27,,,,,,,,32.17324447631836,,,,,
2026-06-08 06:50:42,33.77313995361328,33.77313995361328,33.77313995361328,34.3941535949707,34.08364486694336,34.08364486694336,33.61788558959961,33.92839431762695,34.3941535949707,,34.85991287231445,34.85991287231445,
2026-06-08 06:51:01,,,,,,,,32.17324447631836,,,,,
2026-06-08 06:51:13,34.23889923095703,34.3941535949707,33.92839431762695,34.3941535949707,33.77313995361328,34.08364486694336,34.85991287231445,34.549407958984375,33.77313995361328,,35.015167236328125,35.1548957824707,
2026-06-08 06:51:34,,,,,,,,32.17324447631836,,,,,
2026-06-08 06:51:46,33.92839431762695,34.23889923095703,33.77313995361328,34.549407958984375,34.08364486694336,33.77313995361328,34.23889923095703,34.23889923095703,34.08364486694336,,34.70465850830078,34.85991287231445,
2026-06-08 06:52:06,,,,,,,,32.17324447631836,,,,,
2026-06-08 06:52:22,34.23889923095703,34.3941535949707,33.61788558959961,34.08364486694336,33.61788558959961,33.61788558959961,33.92839431762695,34.08364486694336,34.23889923095703,,34.85991287231445,35.015167236328125,
2026-06-08 06:52:36,,,,,,,,32.17324447631836,,,,,
2026-06-08 06:52:55,34.23889923095703,33.77313995361328,33.61788558959961,34.23889923095703,33.92839431762695,33.92839431762695,34.3941535949707,34.08364486694336,33.92839431762695,,34.85991287231445,34.85991287231445,
2026-06-08 06:53:08,,,,,,,,32.17324447631836,,,,,
2026-06-08 06:53:29,34.08364486694336,33.61788558959961,33.61788558959961,33.92839431762695,33.77313995361328,34.08364486694336,33.92839431762695,33.92839431762695,34.70465850830078,,34.85991287231445,35.015167236328125,
2026-06-08 06:53:42,,,,,,,,32.17324447631836,,,,,
2026-06-08 06:54:00,34.23889923095703,34.08364486694336,33.77313995361328,34.23889923095703,34.08364486694336,34.08364486694336,34.3941535949707,34.08364486694336,34.549407958984375,,34.85991287231445,35.015167236328125,
2026-06-08 06:54:18,,,,,,,,32.17324447631836,,,,,
2026-06-08 06:54:32,33.61788558959961,34.23889923095703,33.61788558959961,33.92839431762695,33.92839431762695,33.92839431762695,33.92839431762695,34.23889923095703,34.70465850830078,,34.85991287231445,35.015167236328125,
2026-06-08 06:54:49,,,,,,,,32.8759880065918,,,,,
2026-06-08 06:55:02,34.3941535949707,34.23889923095703,33.77313995361328,34.70465850830078,33.61788558959961,33.77313995361328,34.549407958984375,34.08364486694336,34.08364486694336,,35.015167236328125,35.1548957824707,
2026-06-08 06:55:20,,,,,,,,32.8759880065918,,,,,
2026-06-08 06:55:37,34.23889923095703,33.46263122558594,33.92839431762695,34.3941535949707,33.77313995361328,34.08364486694336,33.77313995361328,34.549407958984375,34.08364486694336,,34.70465850830078,34.70465850830078,
2026-06-08 06:55:53,,,,,,,,32.8759880065918,,,,,
2026-06-08 06:56:11,34.3941535949707,34.08364486694336,33.77313995361328,34.549407958984375,34.23889923095703,34.08364486694336,33.77313995361328,34.549407958984375,34.23889923095703,,34.85991287231445,35.015167236328125,
2026-06-08 06:56:34,,,,,,,,32.8759880065918,,,,,
2026-06-08 06:56:47,34.23889923095703,33.77313995361328,33.61788558959961,34.08364486694336,33.77313995361328,33.61788558959961,34.3941535949707,33.92839431762695,33.61788558959961,,34.70465850830078,34.85991287231445,
2026-06-08 06:57:05,,,,,,,,32.8759880065918,,,,,
2026-06-08 06:57:24,33.92839431762695,33.46263122558594,33.15212631225586,33.77313995361328,33.77313995361328,33.77313995361328,33.307376861572266,33.46263122558594,33.77313995361328,,34.85991287231445,34.70465850830078,
2026-06-08 06:57:38,,,,,,,,32.8759880065918,,,,,
2026-06-08 06:57:58,33.77313995361328,33.77313995361328,33.307376861572266,34.08364486694336,33.77313995361328,34.23889923095703,34.08364486694336,33.77313995361328,33.92839431762695,,34.85991287231445,35.015167236328125,
2026-06-08 06:58:13,,,,,,,,32.8759880065918,,,,,
2026-06-08 06:58:31,33.61788558959961,33.92839431762695,33.46263122558594,34.23889923095703,34.08364486694336,33.92839431762695,33.77313995361328,33.92839431762695,34.23889923095703,,34.70465850830078,34.85991287231445,
2026-06-08 06:58:43,,,,,,,,32.8759880065918,,,,,
2026-06-08 06:59:02,34.23889923095703,33.61788558959961,33.15212631225586,33.46263122558594,33.46263122558594,34.08364486694336,34.08364486694336,33.92839431762695,33.77313995361328,,34.70465850830078,34.70465850830078,
2026-06-08 06:59:14,,,,,,,,32.8759880065918,,,,,
2026-06-08 06:59:35,33.77313995361328,34.23889923095703,33.61788558959961,34.08364486694336,33.46263122558594,34.08364486694336,34.23889923095703,33.92839431762695,34.3941535949707,,35.015167236328125,34.70465850830078,
2026-06-08 06:59:47,,,,,,,,32.8759880065918,,,,,
2026-06-08 07:00:08,34.549407958984375,33.92839431762695,34.23889923095703,34.08364486694336,34.23889923095703,33.92839431762695,34.3941535949707,34.3941535949707,34.08364486694336,,35.015167236328125,34.85991287231445,
2026-06-08 07:00:20,,,,,,,,32.8759880065918,,,,,
2026-06-08 07:00:39,33.92839431762695,34.3941535949707,34.08364486694336,33.77313995361328,34.08364486694336,34.23889923095703,34.549407958984375,33.92839431762695,34.3941535949707,,35.1548957824707,35.1548957824707,
2026-06-08 07:00:52,,,,,,,,32.883365631103516,,,,,
2026-06-08 07:01:13,33.77313995361328,33.46263122558594,34.3941535949707,33.46263122558594,33.92839431762695,33.92839431762695,34.08364486694336,34.08364486694336,33.92839431762695,,34.70465850830078,34.70465850830078,
2026-06-08 07:01:32,,,,,,,,32.883365631103516,,,,,
2026-06-08 07:01:52,34.3941535949707,33.92839431762695,34.08364486694336,34.08364486694336,33.77313995361328,33.92839431762695,34.23889923095703,33.92839431762695,34.3941535949707,,34.85991287231445,34.85991287231445,
2026-06-08 07:01:55,,,,,,,,32.883365631103516,,,,,
2026-06-08 07:02:25,34.23889923095703,34.3941535949707,33.92839431762695,34.08364486694336,34.08364486694336,33.92839431762695,33.92839431762695,33.77313995361328,34.70465850830078,,35.015167236328125,34.85991287231445,
2026-06-08 07:02:26,,,,,,,,32.883365631103516,,,,,
2026-06-08 07:02:56,34.23889923095703,34.08364486694336,34.23889923095703,34.08364486694336,34.23889923095703,34.23889923095703,34.08364486694336,34.549407958984375,34.549407958984375,,35.015167236328125,35.015167236328125,
2026-06-08 07:03:02,,,,,,,,32.883365631103516,,,,,
2026-06-08 07:03:29,34.0836296081543,33.77312469482422,33.3073616027832,34.0836296081543,33.92837905883789,34.23888397216797,34.39413833618164,33.92837905883789,33.77312469482422,,35.01515197753906,35.01515197753906,
2026-06-08 07:03:37,,,,,,,,32.883365631103516,,,,,
2026-06-08 07:04:01,34.85989761352539,33.77312469482422,33.61787033081055,34.0836296081543,33.77312469482422,33.92837905883789,34.54939270019531,34.23888397216797,33.61787033081055,,34.85989761352539,35.01515197753906,
2026-06-08 07:04:09,,,,,,,,33.329078674316406,,,,,
2026-06-08 07:04:36,34.39413833618164,33.61787033081055,33.92837905883789,33.61787033081055,33.61787033081055,34.39413833618164,35.01515197753906,34.70464324951172,34.23888397216797,,34.85989761352539,35.01515197753906,
2026-06-08 07:04:41,,,,,,,,33.329078674316406,,,,,
2026-06-08 07:05:11,34.23888397216797,34.39413833618164,34.0836296081543,34.39413833618164,33.92837905883789,34.23888397216797,34.54939270019531,34.39413833618164,34.23888397216797,,35.15488052368164,35.15488052368164,
2026-06-08 07:05:16,,,,,,,,32.61728286743164,,,,,
2026-06-08 07:05:44,34.23883819580078,34.39409255981445,34.23883819580078,34.39409255981445,33.9283332824707,34.70459747314453,34.39409255981445,34.23883819580078,33.77307891845703,,35.015106201171875,35.15483474731445,
2026-06-08 07:05:49,,,,,,,,32.61728286743164,,,,,
2026-06-08 07:06:15,34.70459747314453,33.77307891845703,34.23883819580078,34.23883819580078,33.77307891845703,34.23883819580078,34.8598518371582,34.549346923828125,34.8598518371582,,35.15483474731445,35.15483474731445,
2026-06-08 07:06:34,,,,,,,,32.61728286743164,,,,,
2026-06-08 07:06:55,,,,,,,,32.61728286743164,,,,,
2026-06-08 07:06:55,34.39409255981445,34.08358383178711,34.23883819580078,34.23883819580078,33.61782455444336,34.23883819580078,34.549346923828125,34.23883819580078,34.39409255981445,,35.29456329345703,35.15483474731445,
2026-06-08 07:07:28,,,,,,,,32.61728286743164,,,,,
2026-06-08 07:07:28,34.23883819580078,34.08358383178711,34.8598518371582,33.77307891845703,34.39409255981445,33.9283332824707,34.549346923828125,34.08358383178711,34.08358383178711,,35.15483474731445,35.29456329345703,
2026-06-08 07:08:02,,,,,,,,32.61728286743164,,,,,
2026-06-08 07:08:03,33.61782455444336,33.77307891845703,33.9283332824707,34.08358383178711,33.9283332824707,33.9283332824707,34.08358383178711,34.39409255981445,34.23883819580078,,34.70459747314453,35.15483474731445,
2026-06-08 07:08:33,,,,,,,,32.61728286743164,,,,,
2026-06-08 07:08:34,34.39409255981445,34.23883819580078,34.23883819580078,34.39409255981445,34.39409255981445,34.39409255981445,34.39409255981445,34.8598518371582,34.70459747314453,,35.15483474731445,35.15483474731445,
2026-06-08 07:09:05,,,,,,,,32.61728286743164,,,,,
2026-06-08 07:09:05,34.08358383178711,34.39409255981445,33.77307891845703,35.015106201171875,34.23883819580078,34.39409255981445,34.23883819580078,34.08358383178711,34.23883819580078,,35.15483474731445,35.15483474731445,
2026-06-08 07:09:35,,,,,,,,32.61728286743164,,,,,
2026-06-08 07:09:36,34.23883819580078,34.549346923828125,34.08358383178711,34.08358383178711,33.77307891845703,33.61782455444336,34.39409255981445,34.23883819580078,34.549346923828125,,35.15483474731445,35.15483474731445,
2026-06-08 07:10:06,,,,,,,,32.61728286743164,,,,,
2026-06-08 07:10:07,34.70459747314453,34.23883819580078,33.46257019042969,34.549346923828125,34.23883819580078,34.23883819580078,34.23883819580078,34.08358383178711,34.549346923828125,,35.015106201171875,35.015106201171875,
2026-06-08 07:10:42,,,,,,,,32.61728286743164,,,,,
2026-06-08 07:10:43,34.8598518371582,34.549346923828125,33.46257019042969,34.549346923828125,34.8598518371582,34.08358383178711,34.08358383178711,34.39409255981445,34.39409255981445,,35.15483474731445,35.15483474731445,
2026-06-08 07:11:14,,,,,,,,32.61728286743164,,,,,
2026-06-08 07:11:15,34.39409255981445,34.39409255981445,34.549346923828125,34.549346923828125,34.23883819580078,33.9283332824707,34.8598518371582,34.70459747314453,33.9283332824707,,35.15483474731445,35.15483474731445,
2026-06-08 07:11:45,,,,,,,,32.61728286743164,,,,,
2026-06-08 07:11:55,34.8598518371582,33.9283332824707,34.23883819580078,34.549346923828125,33.77307891845703,34.23883819580078,34.8598518371582,33.9283332824707,34.70459747314453,,35.015106201171875,35.015106201171875,
2026-06-08 07:12:16,,,,,,,,32.61728286743164,,,,,
2026-06-08 07:12:17,34.23883819580078,34.39409255981445,33.61782455444336,34.39409255981445,34.23883819580078,34.08358383178711,34.23883819580078,33.77307891845703,33.9283332824707,,34.8598518371582,34.70459747314453,
2026-06-08 07:12:51,,,,,,,,32.61728286743164,,,,,
2026-06-08 07:12:52,34.23883819580078,34.39409255981445,34.39409255981445,33.9283332824707,33.9283332824707,34.08358383178711,34.549346923828125,33.77307891845703,34.8598518371582,,35.29456329345703,35.015106201171875,
2026-06-08 07:13:28,,,,,,,,32.61728286743164,,,,,
2026-06-08 07:13:29,35.015106201171875,34.70459747314453,34.23883819580078,34.549346923828125,34.70459747314453,34.39409255981445,34.23883819580078,34.23883819580078,34.549346923828125,,35.434288024902344,35.29456329345703,
2026-06-08 07:14:03,,,,,,,,32.61728286743164,,,,,
2026-06-08 07:14:04,34.70459747314453,34.39409255981445,34.39409255981445,34.549346923828125,35.015106201171875,34.549346923828125,34.549346923828125,34.70459747314453,34.70459747314453,,35.434288024902344,35.29456329345703,
2026-06-08 07:14:33,,,,,,,,32.61728286743164,,,,,
2026-06-08 07:14:34,34.70459747314453,34.8598518371582,34.549346923828125,34.549346923828125,34.39409255981445,34.70459747314453,34.8598518371582,35.015106201171875,35.15483474731445,,35.434288024902344,35.434288024902344,
2026-06-08 07:15:08,,,,,,,,32.61728286743164,,,,,
2026-06-08 07:15:09,34.70459747314453,33.9283332824707,34.08358383178711,34.70459747314453,34.8598518371582,34.08358383178711,34.8598518371582,34.23883819580078,34.70459747314453,,35.434288024902344,35.29456329345703,
2026-06-08 07:15:39,,,,,,,,32.61728286743164,,,,,
2026-06-08 07:15:39,34.70459747314453,34.23883819580078,33.77307891845703,34.549346923828125,34.39409255981445,34.39409255981445,34.8598518371582,34.39409255981445,34.549346923828125,,35.434288024902344,35.15483474731445,
2026-06-08 07:16:13,,,,,,,,32.61728286743164,,,,,
2026-06-08 07:16:13,34.70459747314453,34.23883819580078,33.9283332824707,34.08358383178711,34.70459747314453,34.549346923828125,34.70459747314453,34.08358383178711,35.015106201171875,,35.29456329345703,35.29456329345703,
2026-06-08 07:16:49,,,,,,,,32.61728286743164,,,,,
2026-06-08 07:16:59,35.29456329345703,34.23883819580078,33.77307891845703,34.70459747314453,34.70459747314453,33.9283332824707,34.8598518371582,34.23883819580078,34.549346923828125,,35.434288024902344,35.29456329345703,
2026-06-08 07:17:23,,,,,,,,32.61728286743164,,,,,
2026-06-08 07:17:24,34.39409255981445,34.549346923828125,34.08358383178711,34.23883819580078,34.23883819580078,34.549346923828125,34.8598518371582,34.23883819580078,34.70459747314453,,35.29456329345703,35.29456329345703,
2026-06-08 07:17:58,,,,,,,,32.61728286743164,,,,,
2026-06-08 07:17:59,34.39409255981445,34.549346923828125,34.23883819580078,34.23883819580078,34.23883819580078,33.77307891845703,34.549346923828125,34.23883819580078,34.70459747314453,,35.15483474731445,35.29456329345703,
2026-06-08 07:18:31,,,,,,,,32.61728286743164,,,,,
2026-06-08 07:18:31,35.015106201171875,34.549346923828125,34.23883819580078,34.39409255981445,34.23883819580078,34.23883819580078,35.015106201171875,33.9283332824707,34.549346923828125,,35.29456329345703,35.29456329345703,
2026-06-08 07:19:04,,,,,,,,32.61728286743164,,,,,
2026-06-08 07:19:04,33.9283332824707,33.77307891845703,34.23883819580078,34.549346923828125,34.8598518371582,34.549346923828125,35.015106201171875,34.08358383178711,34.70459747314453,,35.29456329345703,35.29456329345703,
2026-06-08 07:19:36,,,,,,,,32.61728286743164,,,,,
2026-06-08 07:19:37,34.549346923828125,34.23883819580078,33.61782455444336,34.70459747314453,33.9283332824707,34.70459747314453,34.39409255981445,34.23883819580078,34.23883819580078,,35.015106201171875,35.015106201171875,
2026-06-08 07:20:09,,,,,,,,32.61728286743164,,,,,
2026-06-08 07:20:10,34.70459747314453,34.70459747314453,34.39409255981445,34.70459747314453,33.9283332824707,34.23883819580078,34.39409255981445,34.39409255981445,34.8598518371582,,35.29456329345703,35.29456329345703,
2026-06-08 07:20:43,,,,,,,,32.61728286743164,,,,,
2026-06-08 07:20:44,34.39409255981445,34.39409255981445,34.39409255981445,34.8598518371582,34.39409255981445,34.39409255981445,35.015106201171875,34.39409255981445,35.015106201171875,,35.57401657104492,35.29456329345703,
2026-06-08 07:21:16,,,,,,,,32.61728286743164,,,,,
2026-06-08 07:21:17,34.549346923828125,33.77307891845703,33.9283332824707,34.39409255981445,34.08358383178711,34.549346923828125,34.39409255981445,34.70459747314453,34.549346923828125,,35.015106201171875,35.29456329345703,
2026-06-08 07:21:50,,,,,,,,32.61728286743164,,,,,
2026-06-08 07:22:01,34.8598518371582,34.23883819580078,34.23883819580078,33.9283332824707,33.9283332824707,34.8598518371582,34.23883819580078,34.70459747314453,34.8598518371582,,35.15483474731445,35.29456329345703,
2026-06-08 07:22:23,,,,,,,,32.61728286743164,,,,,
2026-06-08 07:22:24,34.70459747314453,34.23883819580078,34.08358383178711,34.23883819580078,33.9283332824707,34.70459747314453,34.08358383178711,34.23883819580078,34.549346923828125,,35.15483474731445,35.29456329345703,
2026-06-08 07:22:58,,,,,,,,32.61728286743164,,,,,
2026-06-08 07:22:58,34.23883819580078,33.9283332824707,33.61782455444336,33.77307891845703,33.61782455444336,34.23883819580078,34.39409255981445,34.39409255981445,34.08358383178711,,34.8598518371582,35.015106201171875,
2026-06-08 07:23:30,,,,,,,,32.61728286743164,,,,,
2026-06-08 07:23:31,34.549346923828125,33.9283332824707,33.46257019042969,34.08358383178711,33.61782455444336,34.08358383178711,34.23883819580078,34.549346923828125,34.70459747314453,,35.15483474731445,35.15483474731445,
2026-06-08 07:24:05,,,,,,,,32.61728286743164,,,,,
2026-06-08 07:24:06,34.549346923828125,33.9283332824707,34.23883819580078,33.9283332824707,34.39409255981445,34.08358383178711,34.8598518371582,33.77307891845703,34.08358383178711,,35.15483474731445,35.015106201171875,
2026-06-08 07:24:39,,,,,,,,30.97316551208496,,,,,
2026-06-08 07:24:40,34.39409255981445,34.08358383178711,33.9283332824707,33.61782455444336,34.08358383178711,33.9283332824707,34.08358383178711,33.9283332824707,34.08358383178711,,34.8598518371582,35.015106201171875,
2026-06-08 07:25:13,,,,,,,,30.97316551208496,,,,,
2026-06-08 07:25:13,34.39409255981445,34.08358383178711,34.39409255981445,34.23883819580078,33.61782455444336,34.23883819580078,33.9283332824707,34.549346923828125,34.549346923828125,,34.8598518371582,35.15483474731445,
2026-06-08 07:25:44,,,,,,,,30.97316551208496,,,,,
2026-06-08 07:25:45,34.39409255981445,33.9283332824707,34.23883819580078,34.39409255981445,33.9283332824707,34.08358383178711,34.08358383178711,34.549346923828125,34.8598518371582,,35.29456329345703,35.15483474731445,
2026-06-08 07:26:16,,,,,,,,30.97316551208496,,,,,
2026-06-08 07:26:17,35.015106201171875,33.9283332824707,33.77307891845703,34.08358383178711,34.08358383178711,33.77307891845703,34.23883819580078,34.549346923828125,34.549346923828125,,35.15483474731445,35.29456329345703,
2026-06-08 07:26:52,,,,,,,,30.97316551208496,,,,,
2026-06-08 07:27:03,34.8598518371582,34.23883819580078,34.23883819580078,34.08358383178711,34.08358383178711,34.549346923828125,34.08358383178711,34.549346923828125,34.70459747314453,,35.29456329345703,35.29456329345703,
2026-06-08 07:27:23,,,,,,,,30.97316551208496,,,,,
2026-06-08 07:27:23,34.8598518371582,34.549346923828125,34.23883819580078,34.70459747314453,34.549346923828125,34.08358383178711,34.23883819580078,34.39409255981445,34.8598518371582,,35.434288024902344,35.434288024902344,
2026-06-08 07:27:56,,,,,,,,31.43222999572754,,,,,
2026-06-08 07:27:57,33.9283332824707,34.39409255981445,34.549346923828125,34.23883819580078,34.39409255981445,34.39409255981445,34.549346923828125,34.8598518371582,34.549346923828125,,35.29456329345703,35.29456329345703,
2026-06-08 07:28:27,,,,,,,,31.43222999572754,,,,,
2026-06-08 07:28:27,34.8598518371582,34.549346923828125,34.08358383178711,34.23883819580078,33.61782455444336,34.39409255981445,34.08358383178711,33.9283332824707,34.39409255981445,,35.15483474731445,35.29456329345703,
2026-06-08 07:28:57,,,,,,,,31.43222999572754,,,,,
2026-06-08 07:28:58,34.549346923828125,34.70459747314453,33.77307891845703,34.39409255981445,34.08358383178711,34.39409255981445,34.39409255981445,34.70459747314453,34.70459747314453,,35.29456329345703,35.15483474731445,
2026-06-08 07:29:27,,,,,,,,31.43222999572754,,,,,
2026-06-08 07:29:28,34.549346923828125,34.08358383178711,33.61782455444336,34.39409255981445,33.46257019042969,33.77307891845703,33.77307891845703,34.39409255981445,34.08358383178711,,35.15483474731445,35.015106201171875,
2026-06-08 07:29:58,,,,,,,,31.43222999572754,,,,,
2026-06-08 07:29:59,34.08358383178711,33.61782455444336,33.61782455444336,34.39409255981445,34.23883819580078,33.61782455444336,33.61782455444336,34.39409255981445,34.23883819580078,,35.15483474731445,35.15483474731445,
2026-06-08 07:30:34,,,,,,,,31.43222999572754,,,,,
2026-06-08 07:30:34,34.70459747314453,33.9283332824707,33.61782455444336,34.08358383178711,33.77307891845703,33.46257019042969,34.08358383178711,33.77307891845703,33.9283332824707,,35.015106201171875,34.8598518371582,
2026-06-08 07:31:07,,,,,,,,31.43222999572754,,,,,
2026-06-08 07:31:08,34.70459747314453,33.46257019042969,33.46257019042969,34.08358383178711,33.9283332824707,33.46257019042969,33.77307891845703,34.23883819580078,34.549346923828125,,34.8598518371582,35.015106201171875,
2026-06-08 07:31:39,34.39409255981445,34.23883819580078,33.61782455444336,34.23883819580078,33.9283332824707,34.08358383178711,34.39409255981445,34.39409255981445,34.08358383178711,,35.15483474731445,35.15483474731445,
2026-06-08 07:31:42,,,,,,,,31.43222999572754,,,,,
2026-06-08 07:32:11,34.23883819580078,33.77307891845703,33.9283332824707,34.23883819580078,34.08358383178711,33.9283332824707,34.39409255981445,34.39409255981445,34.39409255981445,,35.015106201171875,35.15483474731445,
2026-06-08 07:32:16,,,,,,,,31.43222999572754,,,,,
2026-06-08 07:32:41,34.549346923828125,34.39409255981445,34.23883819580078,34.23883819580078,33.77307891845703,33.9283332824707,34.23883819580078,34.39409255981445,35.015106201171875,,35.015106201171875,35.29456329345703,
2026-06-08 07:32:49,,,,,,,,31.43222999572754,,,,,
2026-06-08 07:33:15,34.39409255981445,34.70459747314453,34.23883819580078,34.08358383178711,34.23883819580078,33.77307891845703,34.08358383178711,34.08358383178711,34.23883819580078,,35.29456329345703,35.15483474731445,
2026-06-08 07:33:20,,,,,,,,31.438390731811523,,,,,
2026-06-08 07:33:49,34.549346923828125,34.39409255981445,33.77307891845703,34.39409255981445,34.549346923828125,33.9283332824707,34.23883819580078,34.39409255981445,34.23883819580078,,35.15483474731445,35.434288024902344,
2026-06-08 07:33:51,,,,,,,,31.438390731811523,,,,,
2026-06-08 07:34:21,,,,,,,,31.438390731811523,,,,,
2026-06-08 07:34:22,34.8598518371582,34.23883819580078,33.61782455444336,34.23883819580078,34.70459747314453,34.23883819580078,34.23883819580078,34.8598518371582,34.39409255981445,,35.15483474731445,35.15483474731445,
2026-06-08 07:34:53,,,,,,,,31.438390731811523,,,,,
2026-06-08 07:34:53,35.015106201171875,34.39409255981445,33.77307891845703,34.39409255981445,34.70459747314453,33.61782455444336,34.23883819580078,34.39409255981445,34.549346923828125,,35.15483474731445,35.015106201171875,
2026-06-08 07:35:23,,,,,,,,31.438390731811523,,,,,
2026-06-08 07:35:23,34.39409255981445,33.9283332824707,33.77307891845703,34.23883819580078,34.08358383178711,34.08358383178711,34.08358383178711,34.549346923828125,34.39409255981445,,35.15483474731445,35.15483474731445,
2026-06-08 07:35:53,,,,,,,,31.438390731811523,,,,,
2026-06-08 07:35:54,33.77307891845703,33.307315826416016,34.08358383178711,33.9283332824707,34.08358383178711,33.9283332824707,34.08358383178711,34.39409255981445,34.39409255981445,,34.8598518371582,34.8598518371582,
2026-06-08 07:36:28,,,,,,,,31.438390731811523,,,,,
2026-06-08 07:36:28,34.08358383178711,33.9283332824707,33.46257019042969,33.61782455444336,33.77307891845703,34.08358383178711,33.77307891845703,34.39409255981445,34.23883819580078,,34.70459747314453,34.8598518371582,
2026-06-08 07:37:07,,,,,,,,31.438390731811523,,,,,
2026-06-08 07:37:07,34.39409255981445,34.39409255981445,33.46257019042969,34.08358383178711,34.23883819580078,34.08358383178711,33.77307891845703,34.8598518371582,34.39409255981445,,35.15483474731445,35.15483474731445,
2026-06-08 07:37:37,,,,,,,,31.438390731811523,,,,,
2026-06-08 07:37:37,33.61782455444336,33.77307891845703,33.46257019042969,33.77307891845703,34.08358383178711,33.9283332824707,33.77307891845703,33.77307891845703,34.08358383178711,,34.8598518371582,34.8598518371582,
2026-06-08 07:38:09,,,,,,,,31.438390731811523,,,,,
2026-06-08 07:38:10,34.39409255981445,33.9283332824707,33.9283332824707,34.08358383178711,34.549346923828125,34.08358383178711,33.61782455444336,34.23883819580078,34.23883819580078,,35.015106201171875,34.8598518371582,
2026-06-08 07:38:44,,,,,,,,31.438390731811523,,,,,
2026-06-08 07:38:45,34.39409255981445,33.46257019042969,33.77307891845703,34.08358383178711,33.9283332824707,34.08358383178711,33.9283332824707,34.39409255981445,34.39409255981445,,35.015106201171875,35.015106201171875,
2026-06-08 07:39:15,,,,,,,,31.438390731811523,,,,,
2026-06-08 07:39:15,34.39409255981445,33.9283332824707,33.61782455444336,34.08358383178711,34.23883819580078,33.61782455444336,33.9283332824707,34.549346923828125,34.549346923828125,,35.15483474731445,35.015106201171875,
2026-06-08 07:39:49,,,,,,,,30.2568416595459,,,,,
2026-06-08 07:39:49,34.70459747314453,34.23883819580078,33.9283332824707,33.9283332824707,33.9283332824707,34.39409255981445,33.9283332824707,33.307315826416016,34.549346923828125,,34.8598518371582,35.015106201171875,
2026-06-08 07:40:20,,,,,,,,30.2568416595459,,,,,
2026-06-08 07:40:21,34.549346923828125,34.08358383178711,33.77307891845703,34.23883819580078,33.307315826416016,33.9283332824707,34.08358383178711,33.77307891845703,34.39409255981445,,35.015106201171875,35.015106201171875,
2026-06-08 07:40:51,,,,,,,,30.2568416595459,,,,,
2026-06-08 07:40:52,34.54930877685547,34.23880386352539,33.61779022216797,34.23880386352539,33.92829513549805,34.3940544128418,33.77304458618164,33.4625358581543,33.92829513549805,,35.01506805419922,35.1547966003418,
2026-06-08 07:41:26,,,,,,,,31.205785751342773,,,,,
2026-06-08 07:41:26,34.3940544128418,34.08354949951172,34.08354949951172,34.23880386352539,33.77304458618164,34.23880386352539,34.08354949951172,34.3940544128418,34.70456314086914,,35.01506805419922,35.294525146484375,
2026-06-08 07:42:01,,,,,,,,31.205785751342773,,,,,
2026-06-08 07:42:12,34.54930877685547,34.23880386352539,33.77304458618164,34.23880386352539,33.77304458618164,34.3940544128418,34.54930877685547,34.23880386352539,34.70456314086914,,35.1547966003418,35.1547966003418,
2026-06-08 07:42:33,,,,,,,,31.205785751342773,,,,,
2026-06-08 07:42:33,34.083518981933594,33.773014068603516,33.307254791259766,34.083518981933594,33.307254791259766,33.773014068603516,33.92826461791992,34.083518981933594,34.238773345947266,,34.704532623291016,34.85978317260742,
2026-06-08 07:43:05,,,,,,,,31.205785751342773,,,,,
2026-06-08 07:43:06,33.772979736328125,34.238739013671875,33.61772537231445,34.238739013671875,33.772979736328125,33.9282341003418,33.9282341003418,33.61772537231445,34.238739013671875,,34.704498291015625,34.8597526550293,
2026-06-08 07:43:41,,,,,,,,31.205785751342773,,,,,
2026-06-08 07:43:41,34.54924774169922,34.39399337768555,34.0834846496582,34.54924774169922,34.0834846496582,34.54924774169922,34.39399337768555,33.61772537231445,34.39399337768555,,35.01500701904297,35.01500701904297,
2026-06-08 07:44:16,,,,,,,,31.205785751342773,,,,,
2026-06-08 07:44:17,34.704498291015625,33.9282341003418,34.0834846496582,34.39399337768555,33.61772537231445,34.0834846496582,33.9282341003418,33.61772537231445,35.01500701904297,,35.01500701904297,35.294464111328125,
2026-06-08 07:44:50,,,,,,,,31.205785751342773,,,,,
2026-06-08 07:44:51,34.54924774169922,34.39399337768555,33.46247100830078,34.0834846496582,33.9282341003418,34.39399337768555,34.0834846496582,34.0834846496582,35.15473556518555,,35.294464111328125,35.294464111328125,
2026-06-08 07:45:24,,,,,,,,31.205785751342773,,,,,
2026-06-08 07:45:24,34.39399337768555,33.9282341003418,34.238739013671875,34.0834846496582,33.772979736328125,34.238739013671875,34.54924774169922,33.772979736328125,34.39399337768555,,35.01500701904297,35.01500701904297,
2026-06-08 07:45:56,,,,,,,,31.205785751342773,,,,,
2026-06-08 07:45:57,34.238739013671875,34.704498291015625,33.61772537231445,34.39399337768555,33.30721664428711,34.54924774169922,34.39399337768555,34.0834846496582,34.0834846496582,,35.294464111328125,35.15473556518555,
2026-06-08 07:46:30,,,,,,,,31.205785751342773,,,,,
2026-06-08 07:46:31,33.61772537231445,34.238739013671875,33.46247100830078,34.39399337768555,33.772979736328125,34.0834846496582,33.9282341003418,34.238739013671875,33.9282341003418,,34.8597526550293,34.8597526550293,
2026-06-08 07:47:04,,,,,,,,31.205785751342773,,,,,
2026-06-08 07:47:14,34.39399337768555,33.9282341003418,33.46247100830078,34.39399337768555,33.1519660949707,34.0834846496582,34.238739013671875,33.61772537231445,34.39399337768555,,34.704498291015625,34.704498291015625,
2026-06-08 07:47:37,,,,,,,,31.205785751342773,,,,,
2026-06-08 07:47:38,33.9282341003418,33.9282341003418,33.46247100830078,33.61772537231445,33.30721664428711,33.772979736328125,34.0834846496582,33.61772537231445,34.238739013671875,,34.8597526550293,35.01500701904297,
2026-06-08 07:48:08,,,,,,,,31.205785751342773,,,,,
2026-06-08 07:48:09,33.772979736328125,33.61772537231445,33.61772537231445,33.772979736328125,33.61772537231445,34.0834846496582,34.0834846496582,33.61772537231445,34.8597526550293,,34.8597526550293,34.8597526550293,
2026-06-08 07:48:39,,,,,,,,31.205785751342773,,,,,
2026-06-08 07:48:40,34.54924774169922,34.39399337768555,33.46247100830078,34.54924774169922,34.238739013671875,34.0834846496582,34.0834846496582,34.39399337768555,34.704498291015625,,35.15473556518555,34.8597526550293,
2026-06-08 07:49:10,,,,,,,,31.205785751342773,,,,,
2026-06-08 07:49:11,34.54924774169922,34.0834846496582,33.9282341003418,34.39399337768555,33.772979736328125,34.0834846496582,34.0834846496582,33.61772537231445,34.54924774169922,,34.8597526550293,35.01500701904297,
2026-06-08 07:49:41,,,,,,,,31.205785751342773,,,,,
2026-06-08 07:49:42,34.238739013671875,33.772979736328125,34.0834846496582,34.54924774169922,33.61772537231445,34.0834846496582,33.61772537231445,34.238739013671875,33.772979736328125,,34.8597526550293,34.8597526550293,
2026-06-08 07:50:16,,,,,,,,31.205785751342773,,,,,
2026-06-08 07:50:17,34.238739013671875,34.238739013671875,34.39399337768555,34.39399337768555,33.61772537231445,34.238739013671875,33.9282341003418,34.238739013671875,34.704498291015625,,34.8597526550293,35.01500701904297,
2026-06-08 07:50:46,,,,,,,,31.205785751342773,,,,,
2026-06-08 07:50:47,34.8597526550293,34.0834846496582,33.61772537231445,34.39399337768555,34.0834846496582,34.54924774169922,33.9282341003418,34.54924774169922,34.238739013671875,,35.01500701904297,35.15473556518555,
2026-06-08 07:51:22,,,,,,,,31.205785751342773,,,,,
2026-06-08 07:51:22,34.0834846496582,34.238739013671875,33.61772537231445,33.9282341003418,34.39399337768555,34.0834846496582,34.39399337768555,34.39399337768555,34.704498291015625,,34.8597526550293,34.8597526550293,
2026-06-08 07:51:53,,,,,,,,31.205785751342773,,,,,
2026-06-08 07:51:53,34.238739013671875,33.772979736328125,33.46247100830078,34.0834846496582,34.0834846496582,34.0834846496582,33.772979736328125,34.39399337768555,33.9282341003418,,34.8597526550293,35.01500701904297,
2026-06-08 07:52:29,,,,,,,,31.205785751342773,,,,,
2026-06-08 07:52:30,34.54924774169922,33.9282341003418,34.0834846496582,34.39399337768555,34.238739013671875,34.54924774169922,34.238739013671875,34.54924774169922,34.54924774169922,,35.01500701904297,35.15473556518555,
2026-06-08 07:53:05,,,,,,,,31.205785751342773,,,,,
2026-06-08 07:53:06,34.0834846496582,34.39399337768555,34.39399337768555,34.39399337768555,34.39399337768555,34.54924774169922,34.0834846496582,34.39399337768555,34.238739013671875,,35.01500701904297,34.8597526550293,
2026-06-08 07:53:39,,,,,,,,31.205785751342773,,,,,
2026-06-08 07:53:39,34.704498291015625,34.238739013671875,33.772979736328125,33.9282341003418,33.772979736328125,34.238739013671875,34.0834846496582,34.0834846496582,34.704498291015625,,35.01500701904297,35.01500701904297,
2026-06-08 07:54:14,,,,,,,,31.205785751342773,,,,,
2026-06-08 07:54:14,34.54924774169922,33.9282341003418,33.772979736328125,34.39399337768555,33.61772537231445,33.9282341003418,34.0834846496582,34.0834846496582,34.704498291015625,,35.01500701904297,35.01500701904297,
2026-06-08 07:54:46,,,,,,,,31.205785751342773,,,,,
2026-06-08 07:54:47,34.0834846496582,33.46247100830078,34.0834846496582,34.0834846496582,33.772979736328125,34.39399337768555,34.0834846496582,34.238739013671875,34.0834846496582,,34.8597526550293,35.01500701904297,
2026-06-08 07:55:19,,,,,,,,31.205785751342773,,,,,
2026-06-08 07:55:19,34.0834846496582,33.1519660949707,33.9282341003418,33.30721664428711,34.0834846496582,34.39399337768555,33.46247100830078,34.238739013671875,34.0834846496582,,34.8597526550293,35.01500701904297,
2026-06-08 07:55:51,,,,,,,,31.205785751342773,,,,,
2026-06-08 07:55:52,34.0834846496582,34.0834846496582,33.61772537231445,33.61772537231445,33.9282341003418,34.0834846496582,33.772979736328125,34.238739013671875,33.46247100830078,,34.704498291015625,35.01500701904297,
2026-06-08 07:56:26,,,,,,,,31.205785751342773,,,,,
2026-06-08 07:56:26,33.46247100830078,34.238739013671875,33.772979736328125,33.61772537231445,33.46247100830078,33.9282341003418,33.46247100830078,33.772979736328125,33.772979736328125,,34.704498291015625,34.704498291015625,
2026-06-08 07:56:59,,,,,,,,31.205785751342773,,,,,
2026-06-08 07:56:59,34.238739013671875,34.39399337768555,33.46247100830078,34.54924774169922,33.772979736328125,34.0834846496582,34.0834846496582,34.39399337768555,34.704498291015625,,35.01500701904297,35.713645935058594,
2026-06-08 07:57:29,,,,,,,,31.205785751342773,,,,,
2026-06-08 07:57:30,33.772979736328125,33.772979736328125,33.46247100830078,33.9282341003418,33.46247100830078,34.0834846496582,34.0834846496582,33.61772537231445,34.238739013671875,,34.8597526550293,34.704498291015625,
2026-06-08 07:58:06,,,,,,,,31.205785751342773,,,,,
2026-06-08 07:58:07,33.9282341003418,33.9282341003418,33.772979736328125,34.39399337768555,34.238739013671875,33.9282341003418,34.238739013671875,34.238739013671875,34.238739013671875,,34.8597526550293,35.01500701904297,
2026-06-08 07:58:37,34.238739013671875,33.9282341003418,34.0834846496582,34.238739013671875,34.238739013671875,34.238739013671875,33.46247100830078,34.39399337768555,34.54924774169922,,34.704498291015625,35.15473556518555,
2026-06-08 07:58:43,,,,,,,,31.205785751342773,,,,,
2026-06-08 07:59:08,33.9282341003418,33.30721664428711,34.39399337768555,34.0834846496582,33.9282341003418,34.238739013671875,33.9282341003418,34.704498291015625,34.238739013671875,,35.01500701904297,35.15473556518555,
2026-06-08 07:59:16,,,,,,,,31.205785751342773,,,,,
2026-06-08 07:59:39,33.772979736328125,34.0834846496582,33.61772537231445,34.0834846496582,33.61772537231445,34.0834846496582,34.238739013671875,34.54924774169922,34.54924774169922,,35.01500701904297,35.01500701904297,
2026-06-08 07:59:47,,,,,,,,31.205785751342773,,,,,
2026-06-08 08:00:10,34.0834846496582,34.39399337768555,34.0834846496582,34.238739013671875,34.0834846496582,34.39399337768555,34.39399337768555,34.0834846496582,34.8597526550293,,35.01500701904297,35.15473556518555,
2026-06-08 08:00:21,,,,,,,,31.205785751342773,,,,,
2026-06-08 08:00:42,34.238739013671875,33.9282341003418,33.61772537231445,33.61772537231445,33.772979736328125,33.9282341003418,33.9282341003418,34.0834846496582,33.30721664428711,,35.01500701904297,34.8597526550293,
2026-06-08 08:00:54,,,,,,,,31.205785751342773,,,,,
2026-06-08 08:01:16,34.238739013671875,34.238739013671875,33.772979736328125,34.238739013671875,33.61772537231445,34.238739013671875,34.0834846496582,34.238739013671875,34.39399337768555,,35.15473556518555,35.01500701904297,
2026-06-08 08:01:28,,,,,,,,31.205785751342773,,,,,
2026-06-08 08:01:54,34.238739013671875,33.9282341003418,34.0834846496582,33.9282341003418,33.9282341003418,33.772979736328125,34.0834846496582,34.39399337768555,34.238739013671875,,35.01500701904297,34.8597526550293,
2026-06-08 08:01:59,,,,,,,,31.205785751342773,,,,,
2026-06-08 08:02:26,34.39399337768555,34.0834846496582,34.238739013671875,34.39399337768555,33.772979736328125,33.772979736328125,34.238739013671875,34.39399337768555,34.39399337768555,,35.01500701904297,35.15473556518555,
2026-06-08 08:02:30,,,,,,,,31.205785751342773,,,,,
2026-06-08 08:02:58,33.772979736328125,33.772979736328125,34.0834846496582,34.0834846496582,33.61772537231445,34.238739013671875,34.39399337768555,33.9282341003418,34.39399337768555,,35.01500701904297,35.01500701904297,
2026-06-08 08:03:04,,,,,,,,31.205785751342773,,,,,
2026-06-08 08:03:29,33.772979736328125,34.39399337768555,33.30721664428711,34.0834846496582,33.46247100830078,33.772979736328125,34.8597526550293,33.9282341003418,34.39399337768555,,34.8597526550293,35.01500701904297,
2026-06-08 08:03:38,,,,,,,,31.205785751342773,,,,,
2026-06-08 08:04:01,33.772979736328125,34.238739013671875,33.61772537231445,34.238739013671875,33.772979736328125,34.238739013671875,33.9282341003418,34.238739013671875,34.54924774169922,,35.01500701904297,34.8597526550293,
2026-06-08 08:04:11,,,,,,,,31.205785751342773,,,,,
2026-06-08 08:04:38,34.0834846496582,33.9282341003418,33.772979736328125,34.238739013671875,33.1519660949707,34.238739013671875,34.238739013671875,33.9282341003418,34.238739013671875,,34.8597526550293,34.8597526550293,
2026-06-08 08:04:45,,,,,,,,31.205785751342773,,,,,
2026-06-08 08:05:11,34.238739013671875,33.9282341003418,33.9282341003418,34.54924774169922,33.772979736328125,34.238739013671875,34.0834846496582,34.0834846496582,34.54924774169922,,35.15473556518555,35.15473556518555,
2026-06-08 08:05:17,,,,,,,,31.205785751342773,,,,,
2026-06-08 08:05:44,34.238739013671875,34.54924774169922,33.772979736328125,34.0834846496582,33.61772537231445,34.39399337768555,34.39399337768555,34.54924774169922,34.39399337768555,,35.15473556518555,35.01500701904297,
2026-06-08 08:05:50,,,,,,,,31.205785751342773,,,,,
2026-06-08 08:06:19,34.704498291015625,34.8597526550293,33.9282341003418,34.238739013671875,34.238739013671875,34.0834846496582,34.238739013671875,34.54924774169922,35.01500701904297,,35.294464111328125,35.294464111328125,
2026-06-08 08:06:24,,,,,,,,31.205785751342773,,,,,
2026-06-08 08:06:56,34.54924774169922,34.39399337768555,34.0834846496582,34.238739013671875,33.9282341003418,34.39399337768555,34.39399337768555,34.54924774169922,34.8597526550293,,35.294464111328125,35.15473556518555,
2026-06-08 08:07:03,,,,,,,,31.205785751342773,,,,,
2026-06-08 08:07:28,34.238739013671875,34.238739013671875,34.54924774169922,34.39399337768555,33.772979736328125,34.0834846496582,34.54924774169922,33.772979736328125,34.704498291015625,,35.15473556518555,35.01500701904297,
2026-06-08 08:07:37,,,,,,,,31.205785751342773,,,,,
2026-06-08 08:08:02,34.0834846496582,33.9282341003418,34.0834846496582,34.54924774169922,33.61772537231445,34.39399337768555,34.238739013671875,34.0834846496582,34.704498291015625,,35.15473556518555,35.294464111328125,
2026-06-08 08:08:07,,,,,,,,31.205785751342773,,,,,
2026-06-08 08:08:38,,,,,,,,31.205785751342773,,,,,
2026-06-08 08:08:38,34.39399337768555,34.238739013671875,33.9282341003418,33.9282341003418,33.61772537231445,34.0834846496582,34.39399337768555,34.39399337768555,33.61772537231445,,35.01500701904297,35.01500701904297,
2026-06-08 08:09:11,,,,,,,,31.205785751342773,,,,,
2026-06-08 08:09:12,33.61772537231445,34.39399337768555,33.9282341003418,33.9282341003418,33.9282341003418,34.0834846496582,34.0834846496582,33.9282341003418,34.54924774169922,,35.15473556518555,35.01500701904297,
2026-06-08 08:09:46,,,,,,,,31.205785751342773,,,,,
2026-06-08 08:09:46,33.9282341003418,33.772979736328125,33.772979736328125,33.9282341003418,33.30721664428711,33.61772537231445,33.61772537231445,34.54924774169922,34.39399337768555,,34.704498291015625,34.704498291015625,
2026-06-08 08:10:17,,,,,,,,31.205785751342773,,,,,
2026-06-08 08:10:17,34.238739013671875,33.772979736328125,33.9282341003418,34.0834846496582,34.238739013671875,33.61772537231445,34.0834846496582,34.238739013671875,34.54924774169922,,35.01500701904297,35.01500701904297,
2026-06-08 08:10:48,,,,,,,,31.205785751342773,,,,,
2026-06-08 08:10:48,34.8597526550293,32.99671173095703,34.238739013671875,33.9282341003418,33.772979736328125,34.0834846496582,34.238739013671875,34.238739013671875,34.8597526550293,,35.15473556518555,34.8597526550293,
2026-06-08 08:11:20,,,,,,,,31.205785751342773,,,,,
2026-06-08 08:11:20,34.39399337768555,33.9282341003418,34.0834846496582,34.0834846496582,33.9282341003418,34.238739013671875,33.61772537231445,34.238739013671875,34.238739013671875,,34.8597526550293,35.01500701904297,
2026-06-08 08:11:59,34.39399337768555,34.704498291015625,34.0834846496582,33.9282341003418,33.772979736328125,34.39399337768555,34.54924774169922,34.0834846496582,34.0834846496582,,35.15473556518555,35.01500701904297,
2026-06-08 08:12:05,,,,,,,,31.205785751342773,,,,,
2026-06-08 08:12:31,34.704498291015625,34.238739013671875,34.238739013671875,33.9282341003418,33.9282341003418,33.9282341003418,33.772979736328125,34.54924774169922,34.704498291015625,,35.15473556518555,35.15473556518555,
2026-06-08 08:12:37,,,,,,,,31.205785751342773,,,,,
2026-06-08 08:13:03,34.704498291015625,34.238739013671875,33.9282341003418,33.9282341003418,33.61772537231445,34.39399337768555,34.0834846496582,34.54924774169922,34.0834846496582,,35.01500701904297,35.01500701904297,
2026-06-08 08:13:09,,,,,,,,31.205785751342773,,,,,
2026-06-08 08:13:34,33.772979736328125,33.9282341003418,33.9282341003418,33.9282341003418,33.772979736328125,33.772979736328125,33.772979736328125,34.238739013671875,34.238739013671875,,35.01500701904297,34.8597526550293,
2026-06-08 08:13:40,,,,,,,,31.205785751342773,,,,,
2026-06-08 08:14:05,33.9282341003418,33.772979736328125,34.238739013671875,34.238739013671875,33.772979736328125,34.238739013671875,34.0834846496582,34.54924774169922,34.238739013671875,,35.15473556518555,35.15473556518555,
2026-06-08 08:14:13,,,,,,,,31.205785751342773,,,,,
2026-06-08 08:14:37,33.772979736328125,33.772979736328125,33.772979736328125,33.9282341003418,34.0834846496582,33.772979736328125,34.54924774169922,34.54924774169922,34.238739013671875,,35.01500701904297,35.01500701904297,
2026-06-08 08:14:47,,,,,,,,31.205785751342773,,,,,
2026-06-08 08:15:12,33.46247100830078,33.61772537231445,34.238739013671875,34.54924774169922,32.99671173095703,33.61772537231445,33.61772537231445,34.0834846496582,33.61772537231445,,34.8597526550293,34.704498291015625,
2026-06-08 08:15:22,,,,,,,,31.205785751342773,,,,,
2026-06-08 08:15:46,34.39399337768555,33.772979736328125,34.0834846496582,33.772979736328125,33.9282341003418,34.238739013671875,34.0834846496582,33.9282341003418,34.238739013671875,,34.8597526550293,35.01500701904297,
2026-06-08 08:15:52,,,,,,,,31.205785751342773,,,,,
2026-06-08 08:16:25,,,,,,,,31.205785751342773,,,,,
2026-06-08 08:16:25,33.9282341003418,33.46247100830078,33.46247100830078,33.772979736328125,33.772979736328125,34.0834846496582,33.61772537231445,33.61772537231445,33.772979736328125,,34.54924774169922,35.01500701904297,
2026-06-08 08:17:03,34.238739013671875,33.9282341003418,33.772979736328125,33.9282341003418,33.46247100830078,33.9282341003418,33.61772537231445,34.238739013671875,33.9282341003418,,34.8597526550293,34.704498291015625,
2026-06-08 08:17:04,,,,,,,,23.62865447998047,,,,,
2026-06-08 08:17:34,,,,,,,,22.34644889831543,,,,,
2026-06-08 08:17:34,33.9282341003418,33.46247100830078,33.46247100830078,33.9282341003418,33.61772537231445,33.61772537231445,33.61772537231445,34.0834846496582,33.9282341003418,,34.704498291015625,34.8597526550293,
2026-06-08 08:18:04,,,,,,,,24.071134567260742,,,,,
2026-06-08 08:18:04,34.238739013671875,33.772979736328125,33.46247100830078,33.9282341003418,33.772979736328125,33.9282341003418,34.0834846496582,33.9282341003418,34.238739013671875,,34.8597526550293,34.8597526550293,
2026-06-08 08:18:34,34.0834846496582,33.772979736328125,33.61772537231445,33.9282341003418,34.0834846496582,34.0834846496582,33.46247100830078,33.772979736328125,34.0834846496582,,34.704498291015625,34.8597526550293,
2026-06-08 08:18:34,,,,,,,,32.848899841308594,,,,,
2026-06-08 08:19:04,34.0834846496582,33.61772537231445,33.772979736328125,33.9282341003418,33.46247100830078,33.9282341003418,34.0834846496582,33.772979736328125,34.39399337768555,,34.704498291015625,34.704498291015625,
2026-06-08 08:19:05,,,,,,,,33.08758544921875,,,,,
2026-06-08 08:20:45,33.46247100830078,33.772979736328125,33.772979736328125,33.1519660949707,33.9282341003418,34.0834846496582,33.772979736328125,33.46247100830078,34.238739013671875,,34.704498291015625,34.8597526550293,
2026-06-08 08:20:48,,,,,,,,33.564369201660156,,,,,
2026-06-08 08:21:14,34.0834846496582,33.9282341003418,33.1519660949707,34.0834846496582,33.772979736328125,34.39399337768555,33.61772537231445,34.0834846496582,33.9282341003418,,34.8597526550293,34.704498291015625,
2026-06-08 08:21:17,,,,,,,,33.78082275390625,,,,,
2026-06-08 08:21:44,33.772979736328125,33.61772537231445,33.9282341003418,33.772979736328125,33.9282341003418,34.0834846496582,34.238739013671875,34.0834846496582,34.0834846496582,,34.8597526550293,34.704498291015625,
2026-06-08 08:21:47,,,,,,,,32.91349792480469,,,,,
2026-06-08 08:22:14,34.39399337768555,33.9282341003418,33.9282341003418,33.9282341003418,33.46247100830078,34.238739013671875,34.238739013671875,34.0834846496582,33.9282341003418,,34.8597526550293,34.8597526550293,
2026-06-08 08:22:17,,,,,,,,33.59899139404297,,,,,
2026-06-08 08:22:44,34.54924774169922,33.9282341003418,33.9282341003418,33.61772537231445,33.61772537231445,33.9282341003418,33.61772537231445,34.0834846496582,34.0834846496582,,34.704498291015625,34.8597526550293,
2026-06-08 08:22:47,,,,,,,,33.641178131103516,,,,,
2026-06-08 08:23:15,34.238739013671875,33.61772537231445,33.30721664428711,33.61772537231445,33.772979736328125,33.772979736328125,33.772979736328125,34.39399337768555,34.0834846496582,,34.704498291015625,34.8597526550293,
2026-06-08 08:23:18,,,,,,,,33.43812942504883,,,,,
2026-06-08 08:23:45,34.39399337768555,33.9282341003418,33.61772537231445,33.772979736328125,33.772979736328125,33.772979736328125,34.39399337768555,33.772979736328125,33.9282341003418,,35.01500701904297,35.01500701904297,
2026-06-08 08:23:48,,,,,,,,32.96977615356445,,,,,
2026-06-08 08:24:15,33.772979736328125,33.9282341003418,33.9282341003418,33.9282341003418,33.61772537231445,34.0834846496582,34.39399337768555,34.238739013671875,34.238739013671875,,35.01500701904297,34.8597526550293,
2026-06-08 08:24:19,,,,,,,,32.7295036315918,,,,,
2026-06-08 08:24:46,33.772979736328125,33.61772537231445,33.61772537231445,33.30721664428711,33.772979736328125,33.772979736328125,34.0834846496582,33.9282341003418,33.772979736328125,,34.704498291015625,34.704498291015625,
2026-06-08 08:24:50,,,,,,,,32.2269401550293,,,,,
2026-06-08 08:25:16,33.61772537231445,33.30721664428711,33.61772537231445,33.772979736328125,33.772979736328125,33.46247100830078,33.30721664428711,33.772979736328125,33.9282341003418,,34.54924774169922,34.54924774169922,
2026-06-08 08:25:20,,,,,,,,33.90071105957031,,,,,
2026-06-08 08:25:54,33.9282341003418,34.238739013671875,33.30721664428711,33.9282341003418,33.772979736328125,33.9282341003418,33.9282341003418,34.238739013671875,33.772979736328125,,34.8597526550293,35.01500701904297,
2026-06-08 08:26:04,,,,,,,,33.91332244873047,,,,,
2026-06-08 08:26:24,,,,,,,,33.72486877441406,,,,,
2026-06-08 08:26:25,33.772979736328125,33.1519660949707,33.1519660949707,33.30721664428711,33.772979736328125,33.772979736328125,33.46247100830078,34.0834846496582,33.61772537231445,,34.54924774169922,34.54924774169922,
2026-06-08 08:26:55,34.39399337768555,33.61772537231445,33.772979736328125,34.0834846496582,33.61772537231445,33.772979736328125,33.61772537231445,34.238739013671875,33.772979736328125,,34.704498291015625,34.704498291015625,
2026-06-08 08:26:55,,,,,,,,34.14907455444336,,,,,
2026-06-08 08:27:26,33.772979736328125,34.238739013671875,33.772979736328125,33.772979736328125,33.61772537231445,34.0834846496582,33.9282341003418,33.9282341003418,34.0834846496582,,34.8597526550293,34.8597526550293,
2026-06-08 08:27:27,,,,,,,,33.545753479003906,,,,,
2026-06-08 08:27:56,33.46247100830078,33.30721664428711,33.1519660949707,33.772979736328125,33.772979736328125,33.61772537231445,33.61772537231445,33.9282341003418,33.61772537231445,,34.39399337768555,34.39399337768555,
2026-06-08 08:27:57,,,,,,,,33.75946044921875,,,,,
2026-06-08 08:28:26,33.772979736328125,33.61772537231445,33.772979736328125,33.46247100830078,33.46247100830078,33.46247100830078,33.9282341003418,34.54924774169922,33.9282341003418,,34.704498291015625,34.704498291015625,
2026-06-08 08:28:28,,,,,,,,33.56142807006836,,,,,
2026-06-08 08:28:57,33.772979736328125,33.772979736328125,33.1519660949707,33.61772537231445,33.1519660949707,33.772979736328125,33.61772537231445,33.61772537231445,34.238739013671875,,34.54924774169922,34.54924774169922,
2026-06-08 08:28:58,,,,,,,,32.847782135009766,,,,,
2026-06-08 08:29:27,34.39399337768555,33.9282341003418,33.9282341003418,34.0834846496582,33.772979736328125,33.9282341003418,34.0834846496582,34.238739013671875,34.0834846496582,,35.01500701904297,35.01500701904297,
2026-06-08 08:29:28,,,,,,,,34.712989807128906,,,,,
2026-06-08 08:29:57,35.01500701904297,34.39399337768555,33.9282341003418,33.9282341003418,33.772979736328125,34.238739013671875,34.238739013671875,33.61772537231445,34.238739013671875,,35.15473556518555,35.01500701904297,
2026-06-08 08:29:59,,,,,,,,33.620140075683594,,,,,
2026-06-08 08:30:28,34.704498291015625,34.0834846496582,34.238739013671875,34.39399337768555,33.9282341003418,33.9282341003418,34.39399337768555,34.238739013671875,34.704498291015625,,35.15473556518555,35.43418884277344,
2026-06-08 08:30:29,,,,,,,,34.07749557495117,,,,,
2026-06-08 08:30:58,33.9282341003418,33.772979736328125,33.9282341003418,34.238739013671875,34.238739013671875,34.39399337768555,34.238739013671875,34.238739013671875,34.238739013671875,,35.01500701904297,35.01500701904297,
2026-06-08 08:31:00,,,,,,,,34.534969329833984,,,,,
2026-06-08 08:31:28,34.238739013671875,34.0834846496582,33.772979736328125,33.9282341003418,33.9282341003418,33.9282341003418,34.0834846496582,34.238739013671875,34.238739013671875,,34.8597526550293,35.01500701904297,
2026-06-08 08:31:30,,,,,,,,33.42279052734375,,,,,
2026-06-08 08:31:59,35.15473556518555,34.0834846496582,33.9282341003418,34.39399337768555,34.39399337768555,33.772979736328125,34.0834846496582,34.39399337768555,34.0834846496582,,35.01500701904297,35.01500701904297,
2026-06-08 08:32:01,,,,,,,,33.886497497558594,,,,,
2026-06-08 08:32:30,34.8597526550293,33.9282341003418,34.8597526550293,34.238739013671875,34.0834846496582,33.9282341003418,34.39399337768555,34.238739013671875,34.39399337768555,,35.15473556518555,35.01500701904297,
2026-06-08 08:32:32,,,,,,,,33.67029571533203,,,,,
2026-06-08 08:33:00,34.39399337768555,34.238739013671875,34.0834846496582,33.9282341003418,34.238739013671875,34.0834846496582,34.39399337768555,34.39399337768555,34.39399337768555,,35.15473556518555,35.15473556518555,
2026-06-08 08:33:03,,,,,,,,33.46028137207031,,,,,
2026-06-08 08:33:31,34.8597526550293,34.238739013671875,34.238739013671875,34.39399337768555,34.238739013671875,34.238739013671875,34.54924774169922,34.54924774169922,34.704498291015625,,35.43418884277344,35.43418884277344,
2026-06-08 08:33:33,,,,,,,,33.46028137207031,,,,,
2026-06-08 08:34:01,34.238739013671875,34.39399337768555,33.772979736328125,34.54924774169922,34.39399337768555,34.39399337768555,34.704498291015625,33.772979736328125,34.0834846496582,,35.294464111328125,35.15473556518555,
2026-06-08 08:34:03,,,,,,,,33.213138580322266,,,,,
2026-06-08 08:34:31,34.238739013671875,34.238739013671875,34.0834846496582,33.9282341003418,34.39399337768555,34.54924774169922,34.704498291015625,34.54924774169922,34.39399337768555,,35.01500701904297,35.294464111328125,
2026-06-08 08:34:34,,,,,,,,32.965911865234375,,,,,
2026-06-08 08:35:01,34.8597526550293,34.238739013671875,34.238739013671875,34.39399337768555,34.704498291015625,34.0834846496582,34.704498291015625,33.9282341003418,34.704498291015625,,35.294464111328125,35.43418884277344,
2026-06-08 08:35:04,,,,,,,,33.22559356689453,,,,,
2026-06-08 08:35:31,35.01500701904297,34.238739013671875,34.0834846496582,34.0834846496582,34.0834846496582,34.39399337768555,34.54924774169922,34.238739013671875,34.238739013671875,,35.15473556518555,35.01500701904297,
2026-06-08 08:35:34,,,,,,,,33.70869445800781,,,,,
2026-06-08 08:36:06,33.9282341003418,33.772979736328125,34.39399337768555,34.39399337768555,33.772979736328125,34.39399337768555,34.39399337768555,33.772979736328125,34.238739013671875,,35.294464111328125,35.15473556518555,
2026-06-08 08:36:06,,,,,,,,33.24119186401367,,,,,
2026-06-08 08:36:36,34.238739013671875,34.238739013671875,33.9282341003418,34.238739013671875,34.0834846496582,33.772979736328125,34.39399337768555,34.238739013671875,34.238739013671875,,35.15473556518555,35.01500701904297,
2026-06-08 08:36:36,,,,,,,,33.714942932128906,,,,,
2026-06-08 08:37:06,34.8597526550293,34.704498291015625,34.0834846496582,34.0834846496582,34.54924774169922,34.39399337768555,34.8597526550293,34.39399337768555,35.01500701904297,,35.15473556518555,35.294464111328125,
2026-06-08 08:37:06,,,,,,,,33.513397216796875,,,,,
2026-06-08 08:37:36,,,,,,,,33.93528747558594,,,,,
2026-06-08 08:37:37,34.39399337768555,34.704498291015625,34.238739013671875,33.772979736328125,33.772979736328125,33.9282341003418,34.0834846496582,34.0834846496582,34.39399337768555,,35.01500701904297,35.01500701904297,
2026-06-08 08:38:06,,,,,,,,33.26609802246094,,,,,
2026-06-08 08:38:07,34.238739013671875,34.238739013671875,34.238739013671875,34.54924774169922,33.9282341003418,33.772979736328125,34.54924774169922,34.238739013671875,34.39399337768555,,35.01500701904297,35.15473556518555,
2026-06-08 08:38:37,,,,,,,,33.739990234375,,,,,
2026-06-08 08:38:37,33.9282341003418,34.39399337768555,34.0834846496582,33.61772537231445,33.772979736328125,33.9282341003418,34.0834846496582,34.238739013671875,34.39399337768555,,34.8597526550293,34.8597526550293,
2026-06-08 08:39:07,34.238739013671875,34.54924774169922,34.39399337768555,34.238739013671875,34.0834846496582,34.8597526550293,34.39399337768555,34.0834846496582,34.704498291015625,,35.15473556518555,35.294464111328125,
2026-06-08 08:39:07,,,,,,,,33.75250244140625,,,,,
2026-06-08 08:39:37,34.238739013671875,34.0834846496582,33.9282341003418,34.238739013671875,34.0834846496582,34.0834846496582,34.0834846496582,34.238739013671875,34.39399337768555,,35.01500701904297,35.15473556518555,
2026-06-08 08:39:38,,,,,,,,33.54462432861328,,,,,
2026-06-08 08:40:07,34.39399337768555,34.54924774169922,34.238739013671875,34.238739013671875,34.39399337768555,34.54924774169922,34.54924774169922,34.0834846496582,35.43418884277344,,35.294464111328125,35.43418884277344,
2026-06-08 08:40:08,,,,,,,,33.96037673950195,,,,,
2026-06-08 08:40:37,35.01500701904297,34.0834846496582,33.9282341003418,34.39399337768555,34.0834846496582,34.39399337768555,34.8597526550293,34.704498291015625,34.54924774169922,,35.294464111328125,35.43418884277344,
2026-06-08 08:40:38,,,,,,,,33.76813888549805,,,,,
2026-06-08 08:41:08,34.704498291015625,34.54924774169922,34.238739013671875,34.54924774169922,34.0834846496582,34.39399337768555,34.704498291015625,34.39399337768555,34.8597526550293,,35.43418884277344,35.43418884277344,
2026-06-08 08:41:08,,,,,,,,33.56648254394531,,,,,
2026-06-08 08:41:38,34.54924774169922,34.54924774169922,34.0834846496582,34.39399337768555,33.772979736328125,34.54924774169922,34.238739013671875,34.238739013671875,35.294464111328125,,35.43418884277344,35.43418884277344,
2026-06-08 08:41:39,,,,,,,,33.77753448486328,,,,,
2026-06-08 08:42:08,34.0834846496582,34.0834846496582,33.9282341003418,34.39399337768555,33.9282341003418,34.39399337768555,34.39399337768555,34.0834846496582,34.238739013671875,,35.294464111328125,35.294464111328125,
2026-06-08 08:42:09,,,,,,,,33.991737365722656,,,,,
2026-06-08 08:42:39,34.238739013671875,34.39399337768555,33.9282341003418,33.9282341003418,33.9282341003418,33.772979736328125,34.39399337768555,34.8597526550293,34.8597526550293,,35.43418884277344,35.43418884277344,
2026-06-08 08:42:39,,,,,,,,33.991737365722656,,,,,
2026-06-08 08:43:09,34.704498291015625,34.0834846496582,33.9282341003418,34.54924774169922,34.0834846496582,34.238739013671875,34.238739013671875,34.39399337768555,34.39399337768555,,35.294464111328125,35.294464111328125,
2026-06-08 08:43:10,,,,,,,,33.79003143310547,,,,,
2026-06-08 08:43:40,34.704498291015625,34.54924774169922,33.772979736328125,34.54924774169922,34.238739013671875,34.238739013671875,35.01500701904297,34.39399337768555,35.01500701904297,,35.294464111328125,35.43418884277344,
2026-06-08 08:43:41,,,,,,,,33.582069396972656,,,,,
2026-06-08 08:44:10,34.8597526550293,34.0834846496582,34.238739013671875,34.39399337768555,34.238739013671875,34.704498291015625,34.8597526550293,34.0834846496582,34.54924774169922,,35.43418884277344,35.713645935058594,
2026-06-08 08:44:11,,,,,,,,34.21224594116211,,,,,
2026-06-08 08:44:40,34.704498291015625,34.54924774169922,33.9282341003418,33.9282341003418,34.0834846496582,34.39399337768555,34.54924774169922,34.0834846496582,34.704498291015625,,35.15473556518555,35.43418884277344,
2026-06-08 08:44:41,,,,,,,,33.60082244873047,,,,,
2026-06-08 08:45:10,34.704498291015625,34.0834846496582,34.0834846496582,34.54924774169922,34.704498291015625,34.54924774169922,34.54924774169922,34.54924774169922,35.01500701904297,,35.43418884277344,35.573917388916016,
2026-06-08 08:45:11,,,,,,,,33.59455108642578,,,,,
2026-06-08 08:45:41,34.704498291015625,34.0834846496582,34.238739013671875,34.39399337768555,33.9282341003418,34.238739013671875,34.238739013671875,34.704498291015625,34.54924774169922,,35.294464111328125,35.294464111328125,
2026-06-08 08:45:42,,,,,,,,33.80253982543945,,,,,
2026-06-08 08:46:11,34.54924774169922,33.9282341003418,33.46247100830078,34.39399337768555,33.1519660949707,33.9282341003418,33.9282341003418,34.54924774169922,34.39399337768555,,35.294464111328125,35.15473556518555,
2026-06-08 08:46:12,,,,,,,,32.5700569152832,,,,,
2026-06-08 08:46:41,34.238739013671875,34.39399337768555,33.9282341003418,34.704498291015625,33.9282341003418,34.8597526550293,34.238739013671875,34.39399337768555,34.8597526550293,,35.294464111328125,35.294464111328125,
2026-06-08 08:46:42,,,,,,,,33.090110778808594,,,,,
2026-06-08 08:47:12,34.704498291015625,34.238739013671875,33.61772537231445,34.238739013671875,33.9282341003418,34.0834846496582,34.8597526550293,34.0834846496582,35.15473556518555,,35.15473556518555,35.15473556518555,
2026-06-08 08:47:13,,,,,,,,32.5700569152832,,,,,
2026-06-08 08:47:42,34.39399337768555,34.54924774169922,33.9282341003418,33.772979736328125,34.0834846496582,34.54924774169922,34.704498291015625,33.9282341003418,34.39399337768555,,35.43418884277344,35.294464111328125,
2026-06-08 08:47:43,,,,,,,,34.026214599609375,,,,,
2026-06-08 08:48:12,34.704498291015625,33.61772537231445,34.704498291015625,33.9282341003418,33.772979736328125,34.39399337768555,34.54924774169922,34.54924774169922,34.39399337768555,,35.294464111328125,35.15473556518555,
2026-06-08 08:48:14,,,,,,,,32.9024543762207,,,,,
2026-06-08 08:48:42,34.54924774169922,33.772979736328125,34.54924774169922,34.238739013671875,34.0834846496582,34.54924774169922,34.39399337768555,34.704498291015625,35.01500701904297,,35.294464111328125,35.43418884277344,
2026-06-08 08:48:45,,,,,,,,33.62262725830078,,,,,
2026-06-08 08:49:13,34.54924774169922,34.39399337768555,33.772979736328125,34.238739013671875,33.61772537231445,34.39399337768555,34.238739013671875,34.39399337768555,34.54924774169922,,35.43418884277344,35.573917388916016,
2026-06-08 08:49:16,,,,,,,,32.9024543762207,,,,,
2026-06-08 08:49:44,34.54924774169922,35.01500701904297,34.0834846496582,34.39399337768555,33.9282341003418,34.238739013671875,34.54924774169922,34.54924774169922,34.704498291015625,,35.43418884277344,35.294464111328125,
2026-06-08 08:49:47,,,,,,,,33.38880157470703,,,,,
2026-06-08 08:50:15,34.704498291015625,34.39399337768555,33.9282341003418,34.39399337768555,34.0834846496582,34.704498291015625,34.39399337768555,33.9282341003418,34.0834846496582,,35.01500701904297,35.15473556518555,
2026-06-08 08:50:18,,,,,,,,33.38880157470703,,,,,
2026-06-08 08:50:55,34.39399337768555,34.238739013671875,33.9282341003418,34.39399337768555,34.238739013671875,34.54924774169922,34.54924774169922,34.0834846496582,34.39399337768555,,35.15473556518555,35.15473556518555,
2026-06-08 08:51:06,,,,,,,,32.67476272583008,,,,,
2026-06-08 08:51:16,34.39399337768555,34.39399337768555,33.772979736328125,34.0834846496582,33.9282341003418,34.54924774169922,33.61772537231445,33.772979736328125,34.54924774169922,,35.01500701904297,35.15473556518555,
2026-06-08 08:51:26,,,,,,,,33.85806655883789,,,,,
2026-06-08 08:51:46,34.238739013671875,34.0834846496582,33.1519660949707,33.9282341003418,33.61772537231445,34.238739013671875,33.61772537231445,33.61772537231445,34.0834846496582,,35.01500701904297,35.01500701904297,
2026-06-08 08:51:56,,,,,,,,33.12422180175781,,,,,
2026-06-08 08:52:16,34.54924774169922,34.238739013671875,34.238739013671875,34.0834846496582,34.0834846496582,33.9282341003418,34.0834846496582,34.39399337768555,34.238739013671875,,34.8597526550293,35.15473556518555,
2026-06-08 08:52:26,,,,,,,,32.91485595703125,,,,,
2026-06-08 08:52:47,34.704498291015625,34.54924774169922,33.772979736328125,34.39399337768555,34.0834846496582,33.9282341003418,34.39399337768555,34.0834846496582,34.704498291015625,,35.294464111328125,35.15473556518555,
2026-06-08 08:52:57,,,,,,,,33.12422180175781,,,,,
2026-06-08 08:53:17,34.39399337768555,34.39399337768555,34.0834846496582,34.0834846496582,33.46247100830078,33.9282341003418,34.39399337768555,34.0834846496582,34.39399337768555,,35.01500701904297,35.01500701904297,
2026-06-08 08:53:28,,,,,,,,33.130428314208984,,,,,
2026-06-08 08:53:47,34.704498291015625,33.9282341003418,34.0834846496582,33.772979736328125,34.238739013671875,34.0834846496582,33.9282341003418,34.0834846496582,34.238739013671875,,35.15473556518555,35.294464111328125,
2026-06-08 08:53:59,,,,,,,,32.864097595214844,,,,,
2026-06-08 08:54:18,33.772979736328125,33.9282341003418,33.46247100830078,33.772979736328125,33.772979736328125,34.0834846496582,33.772979736328125,33.772979736328125,34.238739013671875,,35.15473556518555,35.01500701904297,
2026-06-08 08:54:29,,,,,,,,33.64447021484375,,,,,
2026-06-08 08:54:49,34.8597526550293,33.9282341003418,33.772979736328125,33.772979736328125,34.238739013671875,34.0834846496582,34.238739013671875,34.0834846496582,34.0834846496582,,35.01500701904297,35.15473556518555,
2026-06-08 08:54:59,,,,,,,,33.65071105957031,,,,,
2026-06-08 08:55:19,34.39399337768555,33.772979736328125,32.99671173095703,33.61772537231445,33.30721664428711,33.772979736328125,33.30721664428711,34.0834846496582,34.0834846496582,,34.8597526550293,34.8597526550293,
2026-06-08 08:55:30,,,,,,,,33.867431640625,,,,,
2026-06-08 08:55:57,33.61772537231445,34.54924774169922,33.46247100830078,33.46247100830078,33.1519660949707,33.61772537231445,33.61772537231445,33.9282341003418,34.238739013671875,,34.8597526550293,34.8597526550293,
2026-06-08 08:56:07,,,,,,,,33.39057159423828,,,,,
2026-06-08 08:56:27,34.0834846496582,34.0834846496582,33.46247100830078,33.9282341003418,34.238739013671875,33.61772537231445,33.61772537231445,33.772979736328125,33.9282341003418,,34.8597526550293,34.8597526550293,
2026-06-08 08:56:38,,,,,,,,34.10293960571289,,,,,
2026-06-08 08:56:58,34.54924774169922,34.238739013671875,34.0834846496582,34.0834846496582,33.9282341003418,34.238739013671875,34.39399337768555,34.0834846496582,34.238739013671875,,35.294464111328125,35.294464111328125,
2026-06-08 08:57:08,,,,,,,,33.656951904296875,,,,,
2026-06-08 08:57:28,33.772979736328125,34.54924774169922,33.772979736328125,34.0834846496582,33.9282341003418,34.238739013671875,34.238739013671875,34.0834846496582,34.54924774169922,,35.294464111328125,35.01500701904297,
2026-06-08 08:57:38,,,,,,,,33.87994384765625,,,,,
2026-06-08 08:57:59,34.238739013671875,33.772979736328125,33.1519660949707,33.9282341003418,33.772979736328125,34.0834846496582,34.0834846496582,33.772979736328125,34.238739013671875,,35.01500701904297,35.01500701904297,
2026-06-08 08:58:08,,,,,,,,34.325931549072266,,,,,
2026-06-08 08:58:29,33.9282341003418,33.9282341003418,33.9282341003418,34.238739013671875,34.0834846496582,33.46247100830078,34.0834846496582,33.61772537231445,34.54924774169922,,34.8597526550293,35.01500701904297,
2026-06-08 08:58:38,,,,,,,,34.118614196777344,,,,,
2026-06-08 08:58:59,34.238739013671875,34.238739013671875,33.772979736328125,34.238739013671875,33.772979736328125,33.772979736328125,34.238739013671875,34.238739013671875,34.39399337768555,,35.01500701904297,35.01500701904297,
2026-06-08 08:59:08,,,,,,,,34.112327575683594,,,,,
2026-06-08 08:59:29,34.238739013671875,34.39399337768555,33.9282341003418,34.0834846496582,33.9282341003418,34.704498291015625,34.238739013671875,34.238739013671875,34.54924774169922,,34.8597526550293,35.15473556518555,
2026-06-08 08:59:39,,,,,,,,33.666297912597656,,,,,
2026-06-08 09:00:00,34.54924774169922,34.0834846496582,33.9282341003418,34.0834846496582,33.46247100830078,33.772979736328125,34.39399337768555,34.238739013671875,34.54924774169922,,35.15473556518555,35.01500701904297,
2026-06-08 09:00:09,,,,,,,,33.666297912597656,,,,,
2026-06-08 09:00:30,34.54924774169922,34.0834846496582,34.0834846496582,33.61772537231445,34.0834846496582,33.9282341003418,34.238739013671875,34.39399337768555,34.0834846496582,,34.8597526550293,35.15473556518555,
2026-06-08 09:00:39,,,,,,,,33.67255401611328,,,,,
2026-06-08 09:01:09,34.54924774169922,34.704498291015625,34.54924774169922,34.238739013671875,33.9282341003418,34.39399337768555,34.0834846496582,34.8597526550293,34.238739013671875,,35.294464111328125,35.573917388916016,
2026-06-08 09:01:10,,,,,,,,33.41856002807617,,,,,
2026-06-08 09:01:40,33.772979736328125,34.0834846496582,34.39399337768555,34.0834846496582,33.772979736328125,34.238739013671875,34.0834846496582,33.772979736328125,34.704498291015625,,34.8597526550293,35.01500701904297,
2026-06-08 09:01:41,,,,,,,,33.666297912597656,,,,,
2026-06-08 09:02:10,34.238739013671875,34.39399337768555,33.772979736328125,33.9282341003418,33.772979736328125,33.9282341003418,34.39399337768555,34.54924774169922,34.39399337768555,,35.15473556518555,35.294464111328125,
2026-06-08 09:02:11,,,,,,,,33.67255401611328,,,,,
2026-06-08 09:02:40,34.54924774169922,34.39399337768555,33.9282341003418,33.9282341003418,33.9282341003418,33.9282341003418,34.39399337768555,34.704498291015625,34.39399337768555,,35.01500701904297,35.01500701904297,
2026-06-08 09:02:42,,,,,,,,33.67255401611328,,,,,
2026-06-08 09:03:12,34.39399337768555,34.704498291015625,34.238739013671875,34.0834846496582,34.238739013671875,34.39399337768555,34.54924774169922,34.238739013671875,34.238739013671875,,34.8597526550293,35.15473556518555,
2026-06-08 09:03:12,,,,,,,,33.901824951171875,,,,,
2026-06-08 09:03:42,34.238739013671875,34.238739013671875,33.772979736328125,34.0834846496582,33.772979736328125,34.39399337768555,33.772979736328125,34.238739013671875,34.54924774169922,,34.8597526550293,35.15473556518555,
2026-06-08 09:03:43,,,,,,,,33.41856002807617,,,,,
2026-06-08 09:04:12,34.238739013671875,34.0834846496582,34.0834846496582,34.0834846496582,34.238739013671875,34.54924774169922,34.0834846496582,34.54924774169922,34.54924774169922,,35.294464111328125,35.15473556518555,
2026-06-08 09:04:13,,,,,,,,34.12487030029297,,,,,
2026-06-08 09:04:43,34.39399337768555,34.0834846496582,34.238739013671875,33.46247100830078,33.46247100830078,33.772979736328125,34.54924774169922,34.39399337768555,34.0834846496582,,34.8597526550293,35.01500701904297,
2026-06-08 09:04:44,,,,,,,,33.41856002807617,,,,,
2026-06-08 10:12:20,,,,,,,,,,,,,
2026-06-08 10:16:26,34.54924774169922,34.0834846496582,34.0834846496582,34.0834846496582,34.704498291015625,34.54924774169922,34.238739013671875,34.0834846496582,34.54924774169922,,36.13282775878906,,
2026-06-08 10:16:53,34.0834846496582,33.772979736328125,34.238739013671875,34.0834846496582,34.0834846496582,33.61772537231445,34.238739013671875,33.9282341003418,33.61772537231445,34.238739013671875,36.13282775878906,,
2026-06-08 10:16:54,33.9282341003418,34.39399337768555,34.0834846496582,34.238739013671875,34.54924774169922,34.0834846496582,34.0834846496582,34.238739013671875,33.9282341003418,34.8597526550293,36.13282775878906,,
2026-06-08 10:17:25,33.9282341003418,33.9282341003418,33.772979736328125,33.772979736328125,33.61772537231445,33.46247100830078,33.1519660949707,33.30721664428711,33.30721664428711,33.9282341003418,35.573917388916016,,
2026-06-08 10:17:46,34.238739013671875,34.0834846496582,34.0834846496582,33.9282341003418,34.54924774169922,34.704498291015625,34.0834846496582,34.0834846496582,33.46247100830078,34.54924774169922,36.13282775878906,,
2026-06-08 10:18:14,33.9282341003418,33.61772537231445,34.54924774169922,33.9282341003418,34.54924774169922,34.238739013671875,33.61772537231445,34.238739013671875,33.9282341003418,34.39399337768555,36.27255630493164,,
2026-06-08 10:18:45,33.9282341003418,34.238739013671875,34.0834846496582,34.0834846496582,33.9282341003418,34.0834846496582,33.772979736328125,34.39399337768555,34.0834846496582,34.39399337768555,35.99310302734375,,
2026-06-08 10:19:15,33.9282341003418,33.61772537231445,34.238739013671875,34.39399337768555,34.54924774169922,34.238739013671875,34.238739013671875,34.0834846496582,34.238739013671875,34.238739013671875,36.13282775878906,,
2026-06-08 10:19:46,34.39399337768555,34.39399337768555,34.238739013671875,34.704498291015625,34.39399337768555,34.0834846496582,34.0834846496582,34.0834846496582,34.238739013671875,34.238739013671875,35.85337448120117,,
2026-06-08 10:20:16,34.0834846496582,33.9282341003418,33.61772537231445,34.39399337768555,34.238739013671875,34.39399337768555,34.0834846496582,34.238739013671875,34.238739013671875,34.0834846496582,35.99310302734375,,
2026-06-08 10:20:46,34.0834846496582,34.238739013671875,34.0834846496582,34.0834846496582,33.772979736328125,34.238739013671875,34.0834846496582,34.0834846496582,34.238739013671875,34.238739013671875,35.85337448120117,,
2026-06-08 10:21:17,33.9282341003418,33.772979736328125,33.46247100830078,33.61772537231445,33.61772537231445,33.61772537231445,33.61772537231445,33.772979736328125,33.9282341003418,33.772979736328125,35.713645935058594,,
2026-06-08 10:21:47,34.704498291015625,33.772979736328125,34.238739013671875,34.704498291015625,34.238739013671875,33.772979736328125,33.9282341003418,33.772979736328125,34.238739013671875,34.238739013671875,35.85337448120117,,
2026-06-08 10:22:18,33.9282341003418,33.9282341003418,33.9282341003418,34.39399337768555,34.704498291015625,33.9282341003418,33.772979736328125,34.0834846496582,34.0834846496582,34.39399337768555,35.85337448120117,,
2026-06-08 10:22:48,33.46247100830078,33.9282341003418,33.9282341003418,34.39399337768555,34.54924774169922,33.772979736328125,33.772979736328125,33.61772537231445,34.0834846496582,33.9282341003418,35.713645935058594,,
2026-06-08 10:23:19,34.238739013671875,34.39399337768555,33.9282341003418,34.0834846496582,34.54924774169922,34.54924774169922,34.0834846496582,34.238739013671875,34.238739013671875,34.238739013671875,35.85337448120117,,
2026-06-08 10:23:49,34.704498291015625,34.0834846496582,34.704498291015625,34.39399337768555,34.54924774169922,34.238739013671875,33.46247100830078,34.39399337768555,34.704498291015625,34.54924774169922,35.99310302734375,,
2026-06-08 10:24:02,34.39399337768555,34.54924774169922,33.9282341003418,34.54924774169922,34.54924774169922,34.54924774169922,34.39399337768555,34.0834846496582,34.39399337768555,34.0834846496582,35.99310302734375,,
2026-06-08 10:24:30,34.0834846496582,34.238739013671875,33.9282341003418,33.9282341003418,34.238739013671875,34.0834846496582,34.238739013671875,34.0834846496582,33.772979736328125,34.238739013671875,35.85337448120117,,
2026-06-08 10:25:01,34.39399337768555,33.9282341003418,33.772979736328125,34.238739013671875,34.0834846496582,33.9282341003418,33.61772537231445,34.0834846496582,34.39399337768555,34.238739013671875,35.85337448120117,,
2026-06-08 10:25:32,34.238739013671875,34.0834846496582,33.9282341003418,34.39399337768555,34.238739013671875,33.772979736328125,33.9282341003418,34.238739013671875,34.39399337768555,34.39399337768555,35.99310302734375,,
2026-06-08 10:26:02,34.0834846496582,34.704498291015625,33.9282341003418,34.0834846496582,34.704498291015625,33.772979736328125,33.9282341003418,33.772979736328125,34.39399337768555,34.238739013671875,35.713645935058594,,
2026-06-08 10:26:32,34.0834846496582,33.772979736328125,33.9282341003418,33.46247100830078,33.772979736328125,33.61772537231445,33.9282341003418,34.238739013671875,34.238739013671875,33.772979736328125,35.85337448120117,,
2026-06-08 10:27:02,33.772979736328125,33.9282341003418,34.0834846496582,34.238739013671875,34.238739013671875,33.61772537231445,34.0834846496582,33.9282341003418,34.39399337768555,33.9282341003418,35.713645935058594,,
2026-06-08 10:27:32,33.9282341003418,34.39399337768555,34.0834846496582,33.61772537231445,34.0834846496582,33.9282341003418,33.772979736328125,33.772979736328125,34.0834846496582,34.0834846496582,35.713645935058594,,
2026-06-08 10:28:02,34.0834846496582,33.61772537231445,33.772979736328125,33.61772537231445,34.238739013671875,33.772979736328125,33.9282341003418,33.61772537231445,34.238739013671875,34.238739013671875,35.99310302734375,,
2026-06-08 10:28:32,34.39399337768555,34.0834846496582,34.0834846496582,34.0834846496582,34.238739013671875,33.772979736328125,34.0834846496582,34.39399337768555,34.238739013671875,34.238739013671875,35.99310302734375,,
2026-06-08 10:29:03,34.39399337768555,34.0834846496582,33.9282341003418,34.54924774169922,34.0834846496582,33.9282341003418,33.46247100830078,34.39399337768555,34.238739013671875,34.0834846496582,35.99310302734375,,
2026-06-08 10:29:33,34.0834846496582,33.9282341003418,34.238739013671875,33.9282341003418,33.9282341003418,34.0834846496582,33.9282341003418,33.9282341003418,34.0834846496582,34.704498291015625,35.85337448120117,,
2026-06-08 10:30:03,33.772979736328125,34.238739013671875,33.772979736328125,34.0834846496582,33.772979736328125,33.61772537231445,33.9282341003418,34.39399337768555,34.54924774169922,34.238739013671875,35.85337448120117,,
2026-06-08 10:30:34,33.772979736328125,33.9282341003418,33.9282341003418,33.9282341003418,33.772979736328125,33.46247100830078,33.772979736328125,33.9282341003418,33.9282341003418,33.772979736328125,35.713645935058594,,
2026-06-08 10:31:04,33.9282341003418,34.238739013671875,34.238739013671875,33.30721664428711,33.9282341003418,34.0834846496582,33.772979736328125,34.0834846496582,34.0834846496582,34.54924774169922,35.85337448120117,,
2026-06-08 10:31:35,33.61772537231445,34.238739013671875,33.9282341003418,34.238739013671875,33.9282341003418,33.9282341003418,33.46247100830078,33.61772537231445,34.238739013671875,34.238739013671875,35.43418884277344,,
2026-06-08 10:32:05,34.39399337768555,33.9282341003418,34.0834846496582,34.39399337768555,34.238739013671875,34.39399337768555,33.9282341003418,33.9282341003418,34.39399337768555,33.9282341003418,35.713645935058594,,
2026-06-08 10:32:36,33.61772537231445,34.39399337768555,33.61772537231445,33.9282341003418,33.9282341003418,33.30721664428711,33.772979736328125,33.61772537231445,33.772979736328125,33.9282341003418,35.713645935058594,,
2026-06-08 10:33:06,33.772979736328125,34.0834846496582,33.772979736328125,34.238739013671875,33.9282341003418,34.39399337768555,34.0834846496582,33.9282341003418,34.0834846496582,34.238739013671875,35.85337448120117,,
2026-06-08 10:33:36,34.0834846496582,34.238739013671875,34.39399337768555,33.772979736328125,33.30721664428711,33.772979736328125,33.772979736328125,34.238739013671875,34.238739013671875,33.61772537231445,35.713645935058594,,
2026-06-08 10:34:11,34.238739013671875,34.238739013671875,34.238739013671875,34.238739013671875,34.238739013671875,34.238739013671875,34.238739013671875,33.9282341003418,34.238739013671875,33.772979736328125,35.99310302734375,,
2026-06-08 10:34:41,33.9282341003418,34.238739013671875,34.0834846496582,34.0834846496582,33.772979736328125,33.772979736328125,33.772979736328125,33.772979736328125,34.54924774169922,34.0834846496582,35.99310302734375,,
2026-06-08 10:35:12,34.39399337768555,34.0834846496582,33.772979736328125,34.0834846496582,34.0834846496582,34.0834846496582,34.238739013671875,33.9282341003418,34.54924774169922,33.61772537231445,35.99310302734375,,
2026-06-08 10:35:42,34.238739013671875,33.9282341003418,34.0834846496582,33.9282341003418,33.772979736328125,33.772979736328125,33.772979736328125,33.9282341003418,34.0834846496582,33.9282341003418,35.713645935058594,,
2026-06-08 10:36:12,33.1519660949707,34.0834846496582,33.772979736328125,33.772979736328125,33.772979736328125,34.0834846496582,33.9282341003418,33.61772537231445,34.238739013671875,33.772979736328125,35.573917388916016,,
2026-06-08 10:36:42,33.9282341003418,33.61772537231445,34.54924774169922,33.9282341003418,33.772979736328125,33.61772537231445,33.9282341003418,34.0834846496582,34.54924774169922,34.0834846496582,35.99310302734375,,
2026-06-08 10:37:13,34.704498291015625,34.39399337768555,34.39399337768555,34.0834846496582,34.39399337768555,33.9282341003418,33.9282341003418,33.772979736328125,34.39399337768555,33.9282341003418,35.85337448120117,,
2026-06-08 10:37:43,33.9282341003418,33.61772537231445,33.9282341003418,34.0834846496582,34.238739013671875,34.0834846496582,33.772979736328125,33.61772537231445,34.0834846496582,33.9282341003418,35.713645935058594,,
2026-06-08 10:38:13,34.0834846496582,34.704498291015625,34.0834846496582,34.238739013671875,33.9282341003418,33.61772537231445,33.46247100830078,34.0834846496582,34.238739013671875,33.61772537231445,35.85337448120117,,
2026-06-08 10:38:43,34.0834846496582,34.39399337768555,34.238739013671875,34.704498291015625,33.61772537231445,34.39399337768555,33.61772537231445,33.9282341003418,34.0834846496582,33.61772537231445,35.85337448120117,,
2026-06-08 10:39:13,33.772979736328125,33.772979736328125,33.9282341003418,33.9282341003418,33.9282341003418,33.9282341003418,33.772979736328125,33.61772537231445,34.238739013671875,33.772979736328125,35.713645935058594,,
2026-06-08 10:39:43,34.238739013671875,33.9282341003418,34.238739013671875,34.8597526550293,33.46247100830078,34.54924774169922,34.39399337768555,34.39399337768555,34.704498291015625,34.0834846496582,36.13282775878906,,
2026-06-08 10:40:14,34.54924774169922,34.238739013671875,34.0834846496582,34.39399337768555,34.39399337768555,34.54924774169922,34.238739013671875,34.704498291015625,34.238739013671875,34.238739013671875,36.27255630493164,,
2026-06-08 10:40:44,34.0834846496582,33.61772537231445,34.39399337768555,34.704498291015625,34.0834846496582,34.704498291015625,33.9282341003418,34.238739013671875,34.704498291015625,35.01500701904297,35.85337448120117,,
2026-06-08 10:41:14,33.9282341003418,34.0834846496582,34.0834846496582,34.0834846496582,33.772979736328125,34.0834846496582,33.772979736328125,33.772979736328125,34.238739013671875,33.9282341003418,36.13282775878906,,
2026-06-08 10:41:44,34.0834846496582,34.0834846496582,33.9282341003418,34.704498291015625,34.704498291015625,34.54924774169922,34.39399337768555,34.238739013671875,34.8597526550293,34.54924774169922,36.13282775878906,,
2026-06-08 10:42:15,34.0834846496582,33.772979736328125,34.39399337768555,34.8597526550293,33.61772537231445,34.54924774169922,34.0834846496582,34.0834846496582,34.704498291015625,34.8597526550293,36.13282775878906,,
2026-06-08 10:42:45,34.39399337768555,34.238739013671875,34.238739013671875,34.54924774169922,34.39399337768555,34.704498291015625,33.9282341003418,33.9282341003418,34.704498291015625,34.0834846496582,36.13282775878906,,
2026-06-08 10:43:15,33.772979736328125,34.238739013671875,34.238739013671875,34.39399337768555,34.39399337768555,34.54924774169922,33.9282341003418,34.238739013671875,34.54924774169922,34.8597526550293,36.27255630493164,,
2026-06-08 10:43:46,34.0834846496582,34.39399337768555,34.0834846496582,34.54924774169922,34.238739013671875,33.772979736328125,34.39399337768555,34.39399337768555,34.704498291015625,34.54924774169922,35.99310302734375,,
2026-06-08 10:44:16,34.0834846496582,34.704498291015625,33.9282341003418,33.9282341003418,34.39399337768555,34.54924774169922,34.238739013671875,34.238739013671875,34.54924774169922,34.0834846496582,35.99310302734375,,
2026-06-08 10:44:47,33.46247100830078,33.9282341003418,33.772979736328125,33.46247100830078,33.61772537231445,34.39399337768555,33.9282341003418,34.39399337768555,34.238739013671875,34.238739013671875,35.99310302734375,,
2026-06-08 10:45:17,33.9282341003418,34.39399337768555,34.0834846496582,34.54924774169922,33.9282341003418,34.8597526550293,34.238739013671875,34.238739013671875,34.39399337768555,34.39399337768555,35.99310302734375,,
2026-06-08 10:45:47,34.0834846496582,34.0834846496582,34.0834846496582,34.39399337768555,34.54924774169922,33.9282341003418,34.0834846496582,33.772979736328125,34.54924774169922,34.0834846496582,35.85337448120117,,
2026-06-08 10:46:18,33.772979736328125,34.0834846496582,33.30721664428711,33.772979736328125,33.772979736328125,33.9282341003418,34.0834846496582,33.772979736328125,34.238739013671875,34.238739013671875,35.85337448120117,,
2026-06-08 10:46:48,34.39399337768555,34.238739013671875,34.238739013671875,34.0834846496582,34.0834846496582,34.54924774169922,33.46247100830078,34.238739013671875,34.39399337768555,34.238739013671875,35.99310302734375,,
2026-06-08 10:47:19,34.238739013671875,34.39399337768555,34.0834846496582,34.238739013671875,34.0834846496582,34.54924774169922,33.772979736328125,34.39399337768555,34.0834846496582,33.9282341003418,35.85337448120117,,
2026-06-08 10:47:49,34.0834846496582,34.238739013671875,33.61772537231445,33.46247100830078,34.0834846496582,34.704498291015625,33.9282341003418,34.39399337768555,34.39399337768555,34.39399337768555,35.713645935058594,,
2026-06-08 10:48:20,34.0834846496582,34.238739013671875,33.772979736328125,34.0834846496582,34.0834846496582,34.39399337768555,33.9282341003418,33.61772537231445,34.704498291015625,34.39399337768555,35.85337448120117,,
2026-06-08 10:48:50,33.61772537231445,33.30721664428711,33.9282341003418,34.0834846496582,33.9282341003418,33.46247100830078,34.0834846496582,33.9282341003418,34.0834846496582,34.704498291015625,35.85337448120117,,
2026-06-08 10:49:20,33.772979736328125,33.772979736328125,33.61772537231445,34.39399337768555,33.772979736328125,34.39399337768555,34.0834846496582,34.0834846496582,34.238739013671875,33.9282341003418,35.713645935058594,,
2026-06-08 10:49:51,34.39399337768555,33.46247100830078,34.704498291015625,33.9282341003418,34.238739013671875,33.9282341003418,33.772979736328125,33.9282341003418,34.39399337768555,34.238739013671875,35.713645935058594,,
2026-06-08 10:50:22,33.772979736328125,33.9282341003418,33.9282341003418,33.772979736328125,34.238739013671875,34.238739013671875,34.0834846496582,34.0834846496582,34.39399337768555,33.61772537231445,35.713645935058594,,
2026-06-08 10:50:52,33.9282341003418,33.772979736328125,34.39399337768555,34.0834846496582,33.9282341003418,33.9282341003418,33.61772537231445,33.61772537231445,34.0834846496582,33.46247100830078,35.713645935058594,,
2026-06-08 10:51:23,33.9282341003418,33.61772537231445,33.772979736328125,33.9282341003418,33.61772537231445,33.46247100830078,34.238739013671875,33.46247100830078,34.238739013671875,33.772979736328125,35.713645935058594,,
2026-06-08 10:51:53,34.0834846496582,34.54924774169922,33.9282341003418,34.238739013671875,33.9282341003418,34.39399337768555,34.0834846496582,34.0834846496582,34.39399337768555,34.238739013671875,35.99310302734375,,
2026-06-08 10:52:23,34.0834846496582,33.61772537231445,34.0834846496582,34.0834846496582,33.9282341003418,33.61772537231445,34.0834846496582,33.9282341003418,33.772979736328125,33.61772537231445,35.99310302734375,,
2026-06-08 10:52:54,33.772979736328125,33.61772537231445,33.772979736328125,33.9282341003418,34.238739013671875,33.61772537231445,33.9282341003418,33.30721664428711,34.238739013671875,33.9282341003418,35.99310302734375,,
2026-06-08 10:53:24,34.0834846496582,34.0834846496582,34.238739013671875,34.238739013671875,34.238739013671875,34.704498291015625,33.9282341003418,34.0834846496582,34.704498291015625,34.704498291015625,35.99310302734375,,
2026-06-08 10:53:55,33.772979736328125,33.9282341003418,33.61772537231445,34.39399337768555,33.9282341003418,34.0834846496582,33.9282341003418,33.772979736328125,34.54924774169922,33.9282341003418,35.85337448120117,,
2026-06-08 10:54:25,33.9282341003418,34.238739013671875,33.9282341003418,34.0834846496582,34.0834846496582,34.39399337768555,34.39399337768555,33.772979736328125,34.238739013671875,33.9282341003418,35.85337448120117,,
2026-06-08 10:54:55,34.0834846496582,33.9282341003418,33.61772537231445,33.9282341003418,33.9282341003418,33.46247100830078,34.0834846496582,34.0834846496582,34.39399337768555,34.39399337768555,35.99310302734375,,
2026-06-08 10:55:25,33.772979736328125,33.772979736328125,33.9282341003418,33.9282341003418,34.238739013671875,33.9282341003418,33.9282341003418,33.9282341003418,34.238739013671875,33.61772537231445,35.85337448120117,,
2026-06-08 10:55:56,33.9282341003418,33.772979736328125,33.772979736328125,34.0834846496582,34.0834846496582,33.9282341003418,33.9282341003418,33.772979736328125,34.0834846496582,34.238739013671875,35.713645935058594,,
2026-06-08 10:56:26,34.0834846496582,34.238739013671875,34.238739013671875,34.704498291015625,33.46247100830078,33.772979736328125,34.39399337768555,34.238739013671875,34.54924774169922,34.0834846496582,35.85337448120117,,
2026-06-08 10:56:57,,,,,,,,34.994911193847656,,,,,
2026-06-08 10:56:57,33.46247100830078,33.772979736328125,33.46247100830078,33.772979736328125,33.61772537231445,33.9282341003418,33.772979736328125,33.9282341003418,34.39399337768555,34.0834846496582,35.573917388916016,,
2026-06-08 10:57:17,,,,,,,,35.88688278198242,,,,,
2026-06-08 10:57:29,34.0834846496582,33.61772537231445,34.0834846496582,34.0834846496582,34.39399337768555,33.9282341003418,34.238739013671875,32.99671173095703,33.772979736328125,33.61772537231445,35.99310302734375,,
2026-06-08 10:57:48,,,,,,,,35.21790313720703,,,,,
2026-06-08 10:57:59,33.772979736328125,33.9282341003418,33.772979736328125,34.0834846496582,34.238739013671875,34.39399337768555,34.39399337768555,33.30721664428711,34.0834846496582,33.9282341003418,35.573917388916016,,
2026-06-08 10:58:18,,,,,,,,35.440895080566406,,,,,
2026-06-08 10:58:30,33.772979736328125,33.772979736328125,33.9282341003418,33.9282341003418,33.772979736328125,33.772979736328125,34.0834846496582,33.9282341003418,34.0834846496582,34.238739013671875,35.713645935058594,,
2026-06-08 10:58:50,,,,,,,,35.45042037963867,,,,,
2026-06-08 10:59:01,33.61772537231445,33.46247100830078,33.61772537231445,33.9282341003418,33.9282341003418,33.61772537231445,33.30721664428711,33.30721664428711,33.9282341003418,33.61772537231445,35.713645935058594,,
2026-06-08 10:59:20,,,,,,,,35.2274055480957,,,,,
2026-06-08 10:59:31,34.0834846496582,33.46247100830078,33.772979736328125,33.772979736328125,33.46247100830078,34.238739013671875,33.772979736328125,33.772979736328125,34.0834846496582,34.0834846496582,35.573917388916016,,
2026-06-08 10:59:51,,,,,,,,34.781375885009766,,,,,
2026-06-08 11:00:02,34.0834846496582,34.0834846496582,34.39399337768555,33.9282341003418,34.54924774169922,34.39399337768555,34.54924774169922,34.0834846496582,34.54924774169922,34.39399337768555,35.85337448120117,,
2026-06-08 11:00:21,,,,,,,,35.2274055480957,,,,,
2026-06-08 11:00:32,34.0834846496582,33.772979736328125,33.9282341003418,34.39399337768555,34.238739013671875,33.9282341003418,34.0834846496582,33.9282341003418,34.39399337768555,34.0834846496582,35.85337448120117,,
2026-06-08 11:00:52,,,,,,,,34.78770065307617,,,,,
2026-06-08 11:01:04,33.772979736328125,33.772979736328125,33.46247100830078,34.0834846496582,34.0834846496582,34.0834846496582,33.46247100830078,33.9282341003418,33.9282341003418,34.0834846496582,35.713645935058594,,
2026-06-08 11:01:23,,,,,,,,35.463138580322266,,,,,
2026-06-08 11:01:34,34.39399337768555,34.238739013671875,33.772979736328125,34.39399337768555,34.238739013671875,34.39399337768555,34.39399337768555,34.238739013671875,35.01500701904297,34.39399337768555,35.99310302734375,,
2026-06-08 11:02:00,,,,,,,,35.46949768066406,,,,,
2026-06-08 11:02:05,33.9282341003418,33.772979736328125,33.9282341003418,34.8597526550293,34.39399337768555,34.39399337768555,33.772979736328125,34.238739013671875,34.54924774169922,34.238739013671875,36.13282775878906,,
2026-06-08 11:02:31,,,,,,,,35.69890594482422,,,,,
2026-06-08 11:02:35,33.61772537231445,34.238739013671875,34.0834846496582,34.704498291015625,34.0834846496582,34.238739013671875,33.9282341003418,34.0834846496582,34.238739013671875,34.0834846496582,35.99310302734375,,
2026-06-08 11:03:01,,,,,,,,35.475833892822266,,,,,
2026-06-08 11:03:06,34.0834846496582,34.238739013671875,34.238739013671875,34.54924774169922,34.238739013671875,34.238739013671875,34.238739013671875,33.9282341003418,34.54924774169922,34.0834846496582,36.13282775878906,,
2026-06-08 11:03:31,,,,,,,,35.363197326660156,,,,,
2026-06-08 11:03:36,34.238739013671875,34.54924774169922,34.54924774169922,34.39399337768555,34.704498291015625,34.0834846496582,33.9282341003418,34.39399337768555,34.54924774169922,34.54924774169922,36.13282775878906,,
2026-06-08 11:04:02,,,,,,,,34.806610107421875,,,,,
2026-06-08 11:04:24,33.772979736328125,33.772979736328125,34.238739013671875,34.0834846496582,33.9282341003418,34.54924774169922,33.9282341003418,,34.238739013671875,34.39399337768555,36.13282775878906,,
2026-06-08 11:04:35,,34.238739013671875,34.0834846496582,34.0834846496582,33.46247100830078,34.238739013671875,,,34.0834846496582,34.0834846496582,35.99310302734375,,
2026-06-08 11:04:35,,,,,,,,,,,,,
2026-06-08 11:04:46,,,,34.0834846496582,33.9282341003418,34.54924774169922,,,34.54924774169922,34.0834846496582,35.85337448120117,,
2026-06-08 11:04:58,,,,,,34.238739013671875,,,34.238739013671875,34.238739013671875,35.713645935058594,,
2026-06-08 11:05:09,,,,,,,,,,34.238739013671875,35.99310302734375,,
2026-06-08 11:05:10,,,,,,,,35.363197326660156,,,,,
2026-06-08 11:05:26,,,,,,,,,,,36.41228485107422,,
2026-06-08 11:05:40,,,,,,,,,,,,,
2026-06-08 11:06:11,,,,,,,,,,,,,
2026-06-08 11:06:41,,,,,,,,,,,,,
2026-06-08 11:07:13,,,,,,,,,,,,,
2026-06-08 11:07:43,,,,,,,,,,,,,
2026-06-08 11:08:15,,,,,,,,,,,,,
2026-06-08 11:31:41,,,,,,,,32.661476135253906,,,,,
2026-06-08 11:31:53,,,,,,,33.24980163574219,32.95563888549805,,,,,
2026-06-08 11:32:10,32.8084716796875,,,,,,33.543880462646484,32.8084716796875,,,,,
2026-06-08 11:32:25,32.06489181518555,,,,,,32.9555549621582,32.8084716796875,,,33.543880462646484,,
2026-06-08 11:32:47,33.54380416870117,,,,,,33.83796691894531,33.98504638671875,,,34.426292419433594,,
2026-06-08 11:33:18,33.69088363647461,,,,,,33.98504638671875,33.98504638671875,,,34.13212966918945,,
2026-06-08 11:33:50,33.543643951416016,,,,,,33.837806701660156,33.984886169433594,,,34.279048919677734,,
2026-06-08 11:34:21,33.249446868896484,,,,,,33.543609619140625,33.9848518371582,,,33.9848518371582,,
2026-06-08 11:34:52,33.69061279296875,,,,,,34.27893829345703,33.98477554321289,,,34.42601776123047,,
2026-06-08 11:35:22,33.3963737487793,,,,,,34.13177490234375,33.98469543457031,,,34.27885437011719,,
2026-06-08 11:35:53,33.54338836669922,,,,,,33.396305084228516,33.690467834472656,,,34.1317138671875,,
2026-06-08 11:36:24,33.3962287902832,,,,,,34.131629943847656,33.69038772583008,,,34.278709411621094,,
2026-06-08 11:36:54,33.102020263671875,,,,,,33.24909973144531,33.54326248168945,,,33.98450469970703,,
2026-06-08 11:37:30,33.543148040771484,,,,,,33.98439025878906,33.98439025878906,,,33.98439025878906,,
2026-06-08 11:38:02,33.396018981933594,,,,,,34.13142013549805,33.69017791748047,,,34.13142013549805,,
2026-06-08 11:38:33,33.98420333862305,,,,,,33.69004440307617,34.27836608886719,,,34.27836608886719,,
2026-06-08 11:39:04,33.54290008544922,,,,,,33.10165786743164,33.689979553222656,,,34.131221771240234,,
2026-06-08 11:39:35,33.248661041259766,,,,,,33.68989944458008,34.42530059814453,,,34.42530059814453,,
2026-06-08 11:40:05,33.54281997680664,,,,,,33.68989944458008,34.57238006591797,,,34.42530059814453,,
2026-06-08 11:40:37,33.54274368286133,,,,,,34.13106155395508,34.13106155395508,,,34.42522430419922,,
2026-06-08 11:41:09,33.68973922729492,,,,,,34.130977630615234,33.9838981628418,,,34.425140380859375,,
2026-06-08 11:41:41,32.660118103027344,,,,,,33.689674377441406,33.39551544189453,,,33.689674377441406,,
2026-06-08 11:42:12,32.513038635253906,,,,,,33.101356506347656,32.95427703857422,,,33.54259490966797,,
2026-06-08 11:42:43,32.80712127685547,,,,,,33.689598083496094,33.542518615722656,,,34.130836486816406,,
2026-06-08 11:43:13,32.954200744628906,,,,,,33.542518615722656,33.24835968017578,,,33.98375701904297,,
2026-06-08 11:43:45,32.954105377197266,,,,,,33.542423248291016,33.39534378051758,,,34.130741119384766,,
2026-06-08 11:44:16,33.1011848449707,,,,,,33.39534378051758,33.24826431274414,,,34.130741119384766,,
2026-06-08 11:44:47,32.80694580078125,,,,,,33.2481803894043,33.10110092163086,,,34.42481231689453,,
2026-06-08 11:45:17,32.80694580078125,,,,,,33.395259857177734,33.10110092163086,,,33.983577728271484,,
2026-06-08 11:45:48,32.95402145385742,,,,,,33.10110092163086,33.395259857177734,,,34.13065719604492,,
2026-06-08 11:46:19,33.10110092163086,,,,,,33.10110092163086,33.54233932495117,,,34.277732849121094,,
2026-06-08 11:46:49,33.24814987182617,,,,,,33.39522933959961,33.39522933959961,,,34.424781799316406,,
2026-06-08 11:47:31,33.10102462768555,,,,,,33.248104095458984,33.39518356323242,,,33.98350143432617,,
2026-06-08 11:47:52,33.10102462768555,,,,,,33.39518356323242,33.39518356323242,,,34.27765655517578,,
2026-06-08 11:48:24,33.10102462768555,,,,,,33.98350143432617,32.95394515991211,,,34.13058090209961,,
2026-06-08 11:48:55,33.39518356323242,,,,,,33.6893424987793,33.836421966552734,,,34.42473602294922,,
2026-06-08 11:49:25,33.39518356323242,,,,,,33.54226303100586,33.54226303100586,,,34.27765655517578,,
2026-06-08 11:49:57,32.80686950683594,,,,,,33.836421966552734,33.54226303100586,,,34.27765655517578,,
2026-06-08 11:50:27,33.10102462768555,,,,,,33.6893424987793,33.54226303100586,,,34.42473602294922,,
2026-06-08 11:50:57,33.6893424987793,,,,,,33.98350143432617,33.836421966552734,,,34.571815490722656,,
2026-06-08 11:51:27,33.54226303100586,,,,,,33.836421966552734,33.54226303100586,,,34.27765655517578,,
2026-06-08 11:51:57,33.10102462768555,,,,,,33.10102462768555,33.54226303100586,,,33.98350143432617,,
2026-06-08 11:52:31,33.836421966552734,,,,,,33.836421966552734,33.836421966552734,,,34.27765655517578,,
2026-06-08 11:53:01,33.248104095458984,,,,,,33.6893424987793,33.836421966552734,,,34.42473602294922,,
2026-06-08 11:53:32,33.248104095458984,,,,,,33.98350143432617,33.836421966552734,,,34.27765655517578,,
2026-06-08 11:54:02,32.80686950683594,,,,,,33.98350143432617,33.836421966552734,,,34.42473602294922,,
2026-06-08 11:54:32,33.248104095458984,,,,,,33.836421966552734,33.98350143432617,,,34.42473602294922,,
2026-06-08 11:55:02,33.10102462768555,,,,,,34.27765655517578,33.836421966552734,,,34.718894958496094,,
2026-06-08 11:55:33,33.836421966552734,,,,,,34.27765655517578,33.6893424987793,,,34.571815490722656,,
2026-06-08 11:56:03,33.10102462768555,,,,,,34.13058090209961,34.13058090209961,,,34.571815490722656,,
2026-06-08 11:56:33,33.248104095458984,,,,,,34.13058090209961,33.54226303100586,,,34.571815490722656,,
2026-06-08 11:57:03,33.248104095458984,,,,,,33.98350143432617,33.39518356323242,,,34.86597442626953,,
2026-06-08 11:57:33,33.24814987182617,,,,,,33.39522933959961,34.27770233154297,,,34.571861267089844,,
2026-06-08 11:58:03,33.689388275146484,,,,,,34.27770233154297,33.98354721069336,,,34.571861267089844,,
2026-06-08 11:58:33,33.39522933959961,,,,,,34.1306266784668,33.98354721069336,,,34.71894073486328,,
2026-06-08 11:59:04,33.24814987182617,,,,,,34.27770233154297,33.54230880737305,,,34.571861267089844,,
2026-06-08 11:59:34,33.83646774291992,,,,,,34.1306266784668,33.98354721069336,,,34.86602020263672,,
2026-06-08 12:00:42,33.24826431274414,,,,,,33.542423248291016,33.542423248291016,,,34.424896240234375,,
2026-06-08 12:01:10,33.39534378051758,,,,,,34.27781677246094,33.98366165161133,,,34.424896240234375,,
2026-06-08 12:01:40,33.68950271606445,,,,,,33.98366165161133,33.83658218383789,,,34.424896240234375,,
2026-06-08 12:02:10,33.68950271606445,,,,,,33.542423248291016,33.542423248291016,,,34.71905517578125,,
2026-06-08 12:02:40,33.542423248291016,,,,,,33.83658218383789,34.424896240234375,,,34.86613464355469,,
2026-06-08 12:03:11,33.39534378051758,,,,,,34.27781677246094,34.27781677246094,,,34.57197570800781,,
2026-06-08 12:03:41,33.83662796020508,,,,,,34.42494201660156,34.13078689575195,,,34.71910095214844,,
2026-06-08 12:04:11,34.27788543701172,,,,,,34.27788543701172,34.27788543701172,,,35.013282775878906,,
2026-06-08 12:04:41,34.27788543701172,,,,,,34.27788543701172,34.27788543701172,,,34.86620330810547,,
2026-06-08 12:05:11,33.983726501464844,,,,,,34.572044372558594,34.13080596923828,,,34.86620330810547,,
2026-06-08 12:05:50,33.68956756591797,,,,,,33.836647033691406,33.836647033691406,,,34.71912384033203,,
2026-06-08 12:06:20,33.983726501464844,,,,,,34.13080596923828,34.27788543701172,,,35.013282775878906,,
2026-06-08 12:06:50,34.13080596923828,,,,,,34.572044372558594,34.13080596923828,,,34.86620330810547,,
2026-06-08 12:07:20,33.24840545654297,,,,,,33.983802795410156,34.130882263183594,,,34.86627960205078,,
2026-06-08 12:07:50,33.395484924316406,,,,,,34.42504119873047,33.983802795410156,,,34.719200134277344,,
2026-06-08 12:08:21,33.395484924316406,,,,,,34.42504119873047,33.983802795410156,,,34.86627960205078,,
2026-06-08 12:08:51,33.395484924316406,,,,,,33.83672332763672,34.572120666503906,,,35.160438537597656,,
2026-06-08 12:09:22,33.83672332763672,,,,,,34.42504119873047,33.83672332763672,,,34.86627960205078,,
2026-06-08 12:09:52,33.689674377441406,,,,,,34.13091278076172,34.13091278076172,,,35.013389587402344,,
2026-06-08 12:10:22,33.68972396850586,,,,,,34.278045654296875,34.278045654296875,,,34.866363525390625,,
2026-06-08 12:10:52,33.395565032958984,,,,,,34.278045654296875,34.278045654296875,,,35.01344299316406,,
2026-06-08 12:11:23,33.983882904052734,,,,,,33.983882904052734,34.278045654296875,,,34.866363525390625,,
2026-06-08 12:11:53,33.395565032958984,,,,,,33.8368034362793,33.54264450073242,,,34.42512512207031,,
2026-06-08 12:12:23,33.68972396850586,,,,,,34.278045654296875,33.54264450073242,,,34.42512512207031,,
2026-06-08 12:12:53,33.8368034362793,,,,,,33.8368034362793,33.983882904052734,,,34.57220458984375,,
2026-06-08 12:13:23,33.83686828613281,,,,,,33.689788818359375,33.54270935058594,,,34.42518615722656,,
2026-06-08 12:13:53,33.54270935058594,,,,,,33.83686828613281,33.54270935058594,,,34.572265625,,
2026-06-08 12:14:23,33.54270935058594,,,,,,33.54270935058594,33.54270935058594,,,34.71934509277344,,
2026-06-08 12:14:53,33.101470947265625,,,,,,33.689788818359375,33.83686828613281,,,34.42518615722656,,
2026-06-08 12:15:23,32.95439147949219,,,,,,33.689788818359375,33.54270935058594,,,34.572265625,,
2026-06-08 12:15:53,33.83686828613281,,,,,,33.98394775390625,33.83686828613281,,,34.71934509277344,,
2026-06-08 12:16:24,33.3956298828125,,,,,,34.13102722167969,33.54270935058594,,,34.42518615722656,,
2026-06-08 12:16:54,33.83694839477539,,,,,,34.27819061279297,33.98402786254883,,,34.71942901611328,,
2026-06-08 12:17:24,33.68986892700195,,,,,,34.27819061279297,33.68986892700195,,,34.71942901611328,,
2026-06-08 12:17:54,33.83694839477539,,,,,,34.425270080566406,33.68986892700195,,,34.86650848388672,,
2026-06-08 12:18:24,33.68986892700195,,,,,,33.83694839477539,34.131107330322266,,,34.71942901611328,,
2026-06-08 12:18:54,34.27819061279297,,,,,,34.27819061279297,33.83694839477539,,,35.160667419433594,,
2026-06-08 12:19:24,33.83694839477539,,,,,,34.27819061279297,33.98402786254883,,,34.86650848388672,,
2026-06-08 12:19:55,33.98411178588867,,,,,,34.425350189208984,34.13119125366211,,,34.719512939453125,,
2026-06-08 12:20:25,33.98411178588867,,,,,,33.98411178588867,33.83702850341797,,,34.719512939453125,,
2026-06-08 12:20:55,33.98411178588867,,,,,,34.57242965698242,33.98411178588867,,,34.86659240722656,,
2026-06-08 12:21:26,33.83702850341797,,,,,,34.13119125366211,33.83702850341797,,,34.719512939453125,,
2026-06-08 12:21:56,33.542869567871094,,,,,,34.27827072143555,33.24870681762695,,,34.425350189208984,,
2026-06-08 12:22:26,33.542869567871094,,,,,,33.68994903564453,34.13119125366211,,,34.57242965698242,,
2026-06-08 12:22:56,33.395790100097656,,,,,,33.24870681762695,33.68994903564453,,,34.57242965698242,,
2026-06-08 12:23:26,33.395790100097656,,,,,,34.27827072143555,33.542869567871094,,,34.425350189208984,,
2026-06-08 12:23:56,33.69002914428711,,,,,,34.278350830078125,33.984188079833984,,,34.71958923339844,,
2026-06-08 12:24:26,33.395870208740234,,,,,,33.83710861206055,34.13126754760742,,,34.866668701171875,,
2026-06-08 12:24:57,33.54294967651367,,,,,,34.278350830078125,33.984188079833984,,,35.01374816894531,,
2026-06-08 12:25:27,33.54294967651367,,,,,,33.984188079833984,33.395870208740234,,,34.866668701171875,,
2026-06-08 12:25:57,33.83710861206055,,,,,,33.984188079833984,33.984188079833984,,,35.01374816894531,,
2026-06-08 12:26:27,33.69012451171875,,,,,,34.57260513305664,34.278446197509766,,,35.01384735107422,,
2026-06-08 12:26:58,33.395965576171875,,,,,,33.83720397949219,33.69012451171875,,,34.86676788330078,,
2026-06-08 12:27:28,33.395965576171875,,,,,,34.278446197509766,34.13136672973633,,,34.719688415527344,,
2026-06-08 12:27:58,33.98428726196289,,,,,,33.98428726196289,34.13136672973633,,,34.57260513305664,,
2026-06-08 12:28:28,33.69012451171875,,,,,,33.98428726196289,34.13136672973633,,,34.719688415527344,,
2026-06-08 12:28:58,33.395965576171875,,,,,,34.57260513305664,34.4255256652832,,,35.01384735107422,,
2026-06-08 12:29:28,33.54304504394531,,,,,,34.13136672973633,33.69012451171875,,,34.57260513305664,,
2026-06-08 12:29:59,33.54313278198242,,,,,,34.42561721801758,33.69021224975586,,,35.013938903808594,,
2026-06-08 12:30:29,33.69021224975586,,,,,,34.278533935546875,33.8372917175293,,,35.013938903808594,,
2026-06-08 12:30:59,33.69021224975586,,,,,,34.42561721801758,33.8372917175293,,,35.013938903808594,,
2026-06-08 12:31:29,34.13145446777344,,,,,,33.984375,34.278533935546875,,,34.71977615356445,,
2026-06-08 12:31:59,34.13145446777344,,,,,,34.42561721801758,33.984375,,,34.866859436035156,,
2026-06-08 12:32:30,33.69021224975586,,,,,,34.42561721801758,33.69021224975586,,,35.16101837158203,,
2026-06-08 12:33:00,33.984375,,,,,,34.42561721801758,34.278533935546875,,,35.013938903808594,,
2026-06-08 12:33:30,33.984439849853516,,,,,,34.27859878540039,34.27859878540039,,,35.013999938964844,,
2026-06-08 12:34:00,34.27859878540039,,,,,,34.42567825317383,34.27859878540039,,,35.308162689208984,,
2026-06-08 12:34:30,33.83735656738281,,,,,,34.27859878540039,34.13151931762695,,,35.16107940673828,,
2026-06-08 12:35:00,34.27859878540039,,,,,,34.866920471191406,34.71984100341797,,,35.308162689208984,,
2026-06-08 12:35:30,33.984439849853516,,,,,,34.866920471191406,34.71984100341797,,,35.308162689208984,,
2026-06-08 12:36:00,33.690277099609375,,,,,,34.42567825317383,34.42567825317383,,,35.308162689208984,,
2026-06-08 12:36:30,33.83735656738281,,,,,,35.013999938964844,34.42567825317383,,,35.308162689208984,,
2026-06-08 12:37:01,34.27867889404297,,,,,,35.01408386230469,34.57284164428711,,,35.455326080322266,,
2026-06-08 12:37:31,34.13159942626953,,,,,,34.13159942626953,34.57284164428711,,,35.455326080322266,,
2026-06-08 12:38:01,34.13159942626953,,,,,,34.27867889404297,34.42576217651367,,,35.455326080322266,,
2026-06-08 12:38:31,34.27867889404297,,,,,,34.57284164428711,34.71992111206055,,,35.6024055480957,,
2026-06-08 12:39:01,33.984519958496094,,,,,,34.13159942626953,33.543277740478516,,,35.161163330078125,,
2026-06-08 12:39:31,33.39619827270508,,,,,,34.42576217651367,34.71992111206055,,,34.86700439453125,,
2026-06-08 12:40:01,34.13159942626953,,,,,,34.42576217651367,34.13159942626953,,,35.161163330078125,,
2026-06-08 12:40:31,33.543277740478516,,,,,,34.57284164428711,34.71992111206055,,,35.01408386230469,,
2026-06-08 12:41:02,34.13159942626953,,,,,,33.984519958496094,33.984519958496094,,,35.01408386230469,,
2026-06-08 12:41:32,33.8375129699707,,,,,,34.425838470458984,34.131675720214844,,,34.86708068847656,,
2026-06-08 12:42:02,33.24919128417969,,,,,,34.425838470458984,33.984596252441406,,,35.01416015625,,
2026-06-08 12:42:32,33.24919128417969,,,,,,34.27875518798828,34.131675720214844,,,35.01416015625,,
2026-06-08 12:43:02,32.95503234863281,,,,,,34.27875518798828,33.984596252441406,,,34.71999740600586,,
2026-06-08 12:43:33,33.54335403442383,,,,,,34.425838470458984,34.131675720214844,,,35.01416015625,,
2026-06-08 12:44:03,33.54335403442383,,,,,,34.27875518798828,33.54335403442383,,,34.86708068847656,,
2026-06-08 12:44:33,33.54335403442383,,,,,,34.57291793823242,33.984596252441406,,,34.86708068847656,,
2026-06-08 12:45:03,33.54335403442383,,,,,,33.984596252441406,33.690433502197266,,,35.01416015625,,
2026-06-08 12:45:34,33.98464584350586,,,,,,33.98464584350586,34.42588806152344,,,35.30837631225586,,
2026-06-08 12:46:04,33.396358489990234,,,,,,34.278839111328125,34.278839111328125,,,35.308406829833984,,
2026-06-08 12:46:34,34.13175964355469,,,,,,34.13175964355469,34.278839111328125,,,35.16132354736328,,
2026-06-08 12:47:04,33.69051742553711,,,,,,34.573001861572266,33.98468017578125,,,35.308406829833984,,
2026-06-08 12:47:34,33.396358489990234,,,,,,34.13175964355469,33.83759689331055,,,35.014244079589844,,
2026-06-08 12:48:04,33.83759689331055,,,,,,34.573001861572266,33.98468017578125,,,35.16132354736328,,
2026-06-08 12:48:34,33.396358489990234,,,,,,34.278839111328125,34.573001861572266,,,35.014244079589844,,
2026-06-08 12:49:05,33.54343795776367,,,,,,34.7200813293457,34.13175964355469,,,35.16132354736328,,
2026-06-08 12:49:35,33.98468017578125,,,,,,34.278839111328125,34.13175964355469,,,35.16132354736328,,
2026-06-08 12:50:05,33.396358489990234,,,,,,33.83759689331055,34.278839111328125,,,35.16132354736328,,
2026-06-08 12:50:35,33.54351806640625,,,,,,33.98476028442383,34.13184356689453,,,35.161407470703125,,
2026-06-08 12:51:05,33.54351806640625,,,,,,33.98476028442383,33.54351806640625,,,34.86724853515625,,
2026-06-08 12:51:35,33.54351806640625,,,,,,33.98476028442383,34.57308578491211,,,34.72016525268555,,
2026-06-08 12:52:05,33.83768081665039,,,,,,34.13184356689453,34.27892303466797,,,35.01432800292969,,
2026-06-08 12:52:35,33.69059753417969,,,,,,33.69059753417969,33.54351806640625,,,34.72016525268555,,
2026-06-08 12:53:06,33.83768081665039,,,,,,34.27892303466797,33.98476028442383,,,34.86724853515625,,
2026-06-08 12:53:36,33.83768081665039,,,,,,34.13184356689453,34.57308578491211,,,35.01432800292969,,
2026-06-08 12:54:06,33.83768081665039,,,,,,34.72016525268555,34.86724853515625,,,35.01432800292969,,
2026-06-08 12:54:36,33.69059753417969,,,,,,34.72016525268555,34.426002502441406,,,35.01432800292969,,
2026-06-08 12:55:06,33.8377571105957,,,,,,34.27899932861328,34.131919860839844,,,35.16148376464844,,
2026-06-08 12:55:36,33.98483657836914,,,,,,34.131919860839844,34.57316207885742,,,35.16148376464844,,
2026-06-08 12:56:06,33.24943161010742,,,,,,34.27899932861328,34.131919860839844,,,34.86732482910156,,
2026-06-08 12:56:37,33.98483657836914,,,,,,34.131919860839844,34.57316207885742,,,35.16148376464844,,
2026-06-08 12:57:07,33.98483657836914,,,,,,34.27899932861328,34.42607879638672,,,35.014404296875,,
2026-06-08 12:57:37,33.690673828125,,,,,,34.86732482910156,34.72024154663086,,,35.16148376464844,,
2026-06-08 12:58:07,34.42607879638672,,,,,,34.42607879638672,33.98483657836914,,,35.014404296875,,
2026-06-08 12:58:37,33.690673828125,,,,,,34.57316207885742,34.131919860839844,,,35.16148376464844,,
2026-06-08 12:59:07,34.1319694519043,,,,,,34.72029495239258,34.42613220214844,,,35.01445770263672,,
2026-06-08 12:59:37,33.98493194580078,,,,,,34.57325744628906,33.98493194580078,,,35.16158676147461,,
2026-06-08 13:00:08,33.69076919555664,,,,,,34.426177978515625,34.132015228271484,,,35.014503479003906,,
2026-06-08 13:00:38,33.98493194580078,,,,,,34.57325744628906,34.132015228271484,,,34.86742401123047,,
2026-06-08 13:01:08,33.5436897277832,,,,,,34.426177978515625,34.57325744628906,,,35.16158676147461,,
2026-06-08 13:01:39,33.69076919555664,,,,,,33.69076919555664,33.98493194580078,,,35.014503479003906,,
2026-06-08 13:02:09,33.5436897277832,,,,,,34.132015228271484,33.5436897277832,,,35.014503479003906,,
2026-06-08 13:02:39,34.27909469604492,,,,,,34.132015228271484,33.98493194580078,,,35.014503479003906,,
2026-06-08 13:03:09,33.69076919555664,,,,,,34.27909469604492,33.98493194580078,,,34.720340728759766,,
2026-06-08 13:03:39,34.132015228271484,,,,,,33.98493194580078,33.98493194580078,,,35.16158676147461,,
2026-06-08 13:04:09,33.69076919555664,,,,,,34.27909469604492,33.837852478027344,,,35.014503479003906,,
2026-06-08 13:04:39,34.27909469604492,,,,,,34.426177978515625,34.132015228271484,,,35.014503479003906,,
2026-06-08 13:05:09,33.69076919555664,,,,,,33.98493194580078,33.5436897277832,,,35.45574951171875,,
2026-06-08 13:05:40,34.27909469604492,,,,,,33.5436897277832,33.69076919555664,,,35.014503479003906,,
2026-06-08 13:06:10,34.42620849609375,,,,,,34.27912902832031,33.543724060058594,,,35.01453399658203,,
2026-06-08 13:06:40,34.13209915161133,,,,,,34.13209915161133,33.83793640136719,,,35.16166687011719,,
2026-06-08 13:07:11,34.573341369628906,,,,,,34.42626190185547,33.985015869140625,,,35.30875015258789,,
2026-06-08 13:07:41,34.72042465209961,,,,,,34.573341369628906,34.42626190185547,,,35.30875015258789,,
2026-06-08 13:08:11,33.83793640136719,,,,,,33.83793640136719,33.985015869140625,,,35.01458740234375,,
2026-06-08 13:08:41,34.42626190185547,,,,,,33.985015869140625,34.13209915161133,,,35.01458740234375,,
2026-06-08 13:09:11,33.54377365112305,,,,,,34.13209915161133,34.13209915161133,,,35.16166687011719,,
2026-06-08 13:09:41,33.54377365112305,,,,,,33.83793640136719,33.54377365112305,,,34.72042465209961,,
2026-06-08 13:10:12,33.690853118896484,,,,,,34.279178619384766,33.54377365112305,,,35.01458740234375,,
2026-06-08 13:10:42,33.83793640136719,,,,,,33.83793640136719,33.690853118896484,,,35.16166687011719,,
2026-06-08 13:11:12,33.690853118896484,,,,,,34.42626190185547,34.279178619384766,,,35.01458740234375,,
2026-06-08 13:11:43,33.985015869140625,,,,,,34.42626190185547,33.690853118896484,,,35.16166687011719,,
2026-06-08 13:12:13,33.985015869140625,,,,,,34.13209915161133,33.690853118896484,,,35.01458740234375,,
2026-06-08 13:12:43,34.279178619384766,,,,,,34.573341369628906,33.985015869140625,,,35.16166687011719,,
2026-06-08 13:13:13,33.396690368652344,,,,,,34.42626190185547,33.985015869140625,,,35.01458740234375,,
2026-06-08 13:13:44,33.690853118896484,,,,,,34.42626190185547,33.690853118896484,,,34.86750793457031,,
2026-06-08 13:14:14,33.54377365112305,,,,,,34.279178619384766,33.985015869140625,,,35.01458740234375,,
2026-06-08 13:14:44,33.54377365112305,,,,,,33.985015869140625,33.83793640136719,,,34.86750793457031,,
2026-06-08 13:15:14,34.279178619384766,,,,,,34.42626190185547,34.279178619384766,,,35.30875015258789,,
2026-06-08 13:15:53,34.27925491333008,,,,,,34.57341766357422,34.27925491333008,,,35.161746978759766,,
2026-06-08 13:16:23,34.27925491333008,,,,,,34.27925491333008,34.57341766357422,,,35.161746978759766,,
2026-06-08 13:16:54,34.13217544555664,,,,,,34.27925491333008,34.13217544555664,,,35.3088264465332,,
2026-06-08 13:17:24,34.57341766357422,,,,,,34.867584228515625,34.72050094604492,,,35.3088264465332,,
2026-06-08 13:17:54,33.98509216308594,,,,,,34.57341766357422,34.27925491333008,,,35.3088264465332,,
2026-06-08 13:18:24,34.42633819580078,,,,,,34.867584228515625,34.13217544555664,,,35.161746978759766,,
2026-06-08 13:18:55,34.13217544555664,,,,,,34.72050094604492,34.13217544555664,,,35.3088264465332,,
2026-06-08 13:19:25,34.27925491333008,,,,,,34.867584228515625,34.13217544555664,,,35.161746978759766,,
2026-06-08 13:19:55,33.54384994506836,,,,,,34.27925491333008,33.8380126953125,,,35.161746978759766,,
2026-06-08 13:20:25,33.54384994506836,,,,,,34.42633819580078,34.13217544555664,,,35.01466369628906,,
2026-06-08 13:20:55,34.13217544555664,,,,,,34.867584228515625,33.8380126953125,,,35.161746978759766,,
2026-06-08 13:21:25,33.8380126953125,,,,,,33.98509216308594,33.98509216308594,,,34.72050094604492,,
2026-06-08 13:21:55,34.13217544555664,,,,,,34.57341766357422,34.13217544555664,,,35.01466369628906,,
2026-06-08 13:22:26,34.42633819580078,,,,,,33.98509216308594,34.13217544555664,,,34.72050094604492,,
2026-06-08 13:22:56,33.396766662597656,,,,,,34.13217544555664,34.27925491333008,,,34.72050094604492,,
2026-06-08 13:23:26,34.13217544555664,,,,,,34.13217544555664,34.27925491333008,,,35.01466369628906,,
2026-06-08 13:23:56,33.54384994506836,,,,,,34.13217544555664,34.13217544555664,,,34.867584228515625,,
2026-06-08 13:24:26,33.98509216308594,,,,,,34.27925491333008,33.98509216308594,,,34.867584228515625,,
2026-06-08 13:24:56,34.132205963134766,,,,,,33.838043212890625,34.2792854309082,,,35.01469421386719,,
2026-06-08 13:25:27,34.27933883666992,,,,,,34.13225555419922,34.426422119140625,,,34.8676643371582,,
2026-06-08 13:25:57,33.98517608642578,,,,,,33.98517608642578,33.83809280395508,,,35.014747619628906,,
2026-06-08 13:26:27,34.426422119140625,,,,,,33.83809280395508,34.13225555419922,,,35.014747619628906,,
2026-06-08 13:26:57,34.13225555419922,,,,,,34.13225555419922,34.13225555419922,,,34.8676643371582,,
2026-06-08 13:27:28,33.83809280395508,,,,,,33.691009521484375,34.13225555419922,,,34.8676643371582,,
2026-06-08 13:27:58,34.27933883666992,,,,,,33.98517608642578,34.27933883666992,,,34.8676643371582,,
2026-06-08 13:28:28,34.27933883666992,,,,,,34.426422119140625,34.13225555419922,,,35.014747619628906,,
2026-06-08 13:28:58,34.426422119140625,,,,,,34.57350158691406,34.27933883666992,,,35.16183090209961,,
2026-06-08 13:29:29,34.57350158691406,,,,,,34.13225555419922,34.426422119140625,,,35.16183090209961,,
2026-06-08 13:29:59,33.98517608642578,,,,,,34.13225555419922,34.27933883666992,,,35.16183090209961,,
2026-06-08 13:30:29,34.13225555419922,,,,,,33.98517608642578,34.27933883666992,,,35.014747619628906,,
2026-06-08 13:30:59,34.426422119140625,,,,,,33.83809280395508,34.8676643371582,,,35.014747619628906,,
2026-06-08 13:31:30,33.691009521484375,,,,,,34.57350158691406,33.691009521484375,,,35.014747619628906,,
2026-06-08 13:32:09,,,,,,,,35.89841842651367,,,,,
2026-06-08 13:32:10,34.426422119140625,,,,,,34.13225555419922,34.27933883666992,,,35.014747619628906,,
2026-06-08 13:32:30,,,,,,,,35.62246322631836,,,,,
2026-06-08 13:32:41,33.54393005371094,,,,,,34.27933883666992,34.426422119140625,,,35.16183090209961,,
2026-06-08 13:33:01,,,,,,,,35.628822326660156,,,,,
2026-06-08 13:33:13,34.426422119140625,,,,,,34.720584869384766,34.426422119140625,,,35.16183090209961,,
2026-06-08 13:33:31,,,,,,,,35.85173416137695,,,,,
2026-06-08 13:33:45,34.27933883666992,,,,,,34.27933883666992,33.98517608642578,,,34.8676643371582,,
2026-06-08 13:34:01,,,,,,,,35.85173416137695,,,,,
2026-06-08 13:34:17,34.27933883666992,,,,,,34.27933883666992,34.27933883666992,,,35.014747619628906,,
2026-06-08 13:34:31,,,,,,,,35.41228485107422,,,,,
2026-06-08 13:34:47,34.13225555419922,,,,,,34.57350158691406,34.57350158691406,,,35.16183090209961,,
2026-06-08 13:35:03,,,,,,,,35.6415901184082,,,,,
2026-06-08 13:35:17,33.98517608642578,,,,,,34.8676643371582,34.27933883666992,,,35.30891036987305,,
2026-06-08 13:35:34,,,,,,,,35.870933532714844,,,,,
2026-06-08 13:35:55,34.279422760009766,,,,,,34.72066879272461,34.42650604248047,,,35.16191482543945,,
2026-06-08 13:36:05,,,,,,,,36.31684494018555,,,,,
2026-06-08 13:36:25,34.42650604248047,,,,,,34.42650604248047,34.573585510253906,,,35.16191482543945,,
2026-06-08 13:36:35,,,,,,,,35.42502212524414,,,,,
2026-06-08 13:36:56,34.13233947753906,,,,,,34.72066879272461,34.13233947753906,,,35.456077575683594,,
2026-06-08 13:37:07,,,,,,,,35.2052116394043,,,,,
2026-06-08 13:37:28,34.42650604248047,,,,,,34.42650604248047,33.985260009765625,,,35.30899429321289,,
2026-06-08 13:37:38,,,,,,,,35.880489349365234,,,,,
2026-06-08 13:37:58,34.86774826049805,,,,,,34.573585510253906,34.86774826049805,,,35.60315704345703,,
2026-06-08 13:38:08,,,,,,,,35.65751266479492,,,,,
2026-06-08 13:38:28,33.985260009765625,,,,,,35.01483154296875,34.86774826049805,,,35.30899429321289,,
2026-06-08 13:38:39,,,,,,,,36.32644271850586,,,,,
2026-06-08 13:38:59,34.13233947753906,,,,,,34.42650604248047,35.01483154296875,,,35.30899429321289,,
2026-06-08 13:39:10,,,,,,,,35.434532165527344,,,,,
2026-06-08 13:39:29,34.13233947753906,,,,,,34.573585510253906,34.86774826049805,,,35.16191482543945,,
2026-06-08 13:39:40,,,,,,,,36.119468688964844,,,,,
2026-06-08 13:39:59,34.573585510253906,,,,,,34.42650604248047,34.13233947753906,,,35.30899429321289,,
2026-06-08 13:40:11,,,,,,,,35.89645004272461,,,,,
2026-06-08 13:40:30,33.985260009765625,,,,,,34.42650604248047,34.13233947753906,,,35.456077575683594,,
2026-06-08 13:40:42,,,,,,,,36.1098747253418,,,,,
2026-06-08 13:41:00,33.985260009765625,,,,,,34.279422760009766,34.42650604248047,,,35.16191482543945,,
2026-06-08 13:41:12,,,,,,,,35.89645004272461,,,,,
2026-06-08 13:41:31,33.69109344482422,,,,,,34.13233947753906,33.83817672729492,,,34.86774826049805,,
2026-06-08 13:41:42,,,,,,,,36.348907470703125,,,,,
2026-06-08 13:42:01,33.985260009765625,,,,,,33.985260009765625,33.985260009765625,,,34.86774826049805,,
2026-06-08 13:42:12,,,,,,,,35.90285110473633,,,,,
2026-06-08 13:42:32,33.83817672729492,,,,,,34.42650604248047,34.13233947753906,,,35.16191482543945,,
2026-06-08 13:42:43,,,,,,,,35.6798210144043,,,,,
2026-06-08 13:43:02,34.13233947753906,,,,,,34.279422760009766,34.13233947753906,,,35.01483154296875,,
2026-06-08 13:43:13,,,,,,,,35.90285110473633,,,,,
2026-06-08 13:43:32,34.279422760009766,,,,,,34.279422760009766,34.573585510253906,,,35.30899429321289,,
2026-06-08 13:43:43,,,,,,,,36.13227081298828,,,,,
2026-06-08 13:44:03,33.69109344482422,,,,,,34.279422760009766,34.13233947753906,,,35.01483154296875,,
2026-06-08 13:44:13,,,,,,,,35.463138580322266,,,,,
2026-06-08 13:44:33,33.83817672729492,,,,,,33.985260009765625,33.985260009765625,,,35.16191482543945,,
2026-06-08 13:44:44,,,,,,,,35.90922927856445,,,,,
2026-06-08 13:45:03,33.985260009765625,,,,,,34.42650604248047,34.13233947753906,,,35.01483154296875,,
2026-06-08 13:45:14,,,,,,,,35.463138580322266,,,,,
2026-06-08 13:45:33,33.985260009765625,,,,,,34.72066879272461,34.42650604248047,,,35.01483154296875,,
2026-06-08 13:45:45,,,,,,,,35.90922927856445,,,,,
2026-06-08 13:46:03,33.69109344482422,,,,,,34.13233947753906,34.13233947753906,,,35.01483154296875,,
2026-06-08 13:46:16,,,,,,,,36.355316162109375,,,,,
2026-06-08 13:46:34,34.13233947753906,,,,,,33.83817672729492,33.985260009765625,,,35.30899429321289,,
2026-06-08 13:46:46,,,,,,,,35.91561508178711,,,,,
2026-06-08 13:47:05,33.985260009765625,,,,,,34.13233947753906,34.42650604248047,,,35.30899429321289,,
2026-06-08 13:47:16,,,,,,,,35.91561508178711,,,,,
2026-06-08 13:47:36,33.985260009765625,,,,,,34.13233947753906,34.13233947753906,,,35.01483154296875,,
2026-06-08 13:47:47,,,,,,,,35.24009323120117,,,,,
2026-06-08 13:48:06,34.279422760009766,,,,,,34.42650604248047,34.279422760009766,,,35.16191482543945,,
2026-06-08 13:48:17,,,,,,,,35.475833892822266,,,,,
2026-06-08 13:48:36,34.42650604248047,,,,,,34.13233947753906,33.985260009765625,,,35.16191482543945,,
2026-06-08 13:48:48,,,,,,,,35.463138580322266,,,,,
2026-06-08 13:49:07,33.985260009765625,,,,,,34.279422760009766,33.54401397705078,,,34.86774826049805,,
2026-06-08 13:49:18,,,,,,,,36.13227081298828,,,,,
2026-06-08 13:49:37,33.69109344482422,,,,,,34.13233947753906,33.54401397705078,,,35.01483154296875,,
2026-06-08 13:49:49,,,,,,,,36.13227081298828,,,,,
2026-06-08 13:50:08,34.279422760009766,,,,,,34.13233947753906,34.279422760009766,,,35.30899429321289,,
2026-06-08 13:50:19,,,,,,,,35.91561508178711,,,,,
2026-06-08 13:50:39,34.13233947753906,,,,,,33.83817672729492,34.13233947753906,,,35.01483154296875,,
2026-06-08 13:50:50,,,,,,,,35.91561508178711,,,,,
2026-06-08 13:51:09,33.69109344482422,,,,,,34.42650604248047,33.985260009765625,,,34.86774826049805,,
2026-06-08 13:51:20,,,,,,,,35.779632568359375,,,,,
2026-06-08 13:51:40,34.13233947753906,,,,,,34.279422760009766,34.573585510253906,,,35.16191482543945,,
2026-06-08 13:51:50,,,,,,,,35.91561508178711,,,,,
2026-06-08 13:52:11,34.42650604248047,,,,,,34.42650604248047,34.573585510253906,,,35.30899429321289,,
2026-06-08 13:52:21,,,,,,,,36.355316162109375,,,,,
2026-06-08 13:52:42,34.42650604248047,,,,,,34.573585510253906,34.86774826049805,,,35.60315704345703,,
2026-06-08 13:52:51,,,,,,,,35.91561508178711,,,,,
2026-06-08 13:53:12,34.426536560058594,,,,,,33.544044494628906,33.83820724487305,,,35.16194534301758,,
2026-06-08 13:53:21,,,,,,,,35.987850189208984,,,,,
2026-06-08 13:53:42,34.57361602783203,,,,,,34.27945327758789,34.720699310302734,,,35.16194534301758,,
2026-06-08 13:53:51,,,,,,,,35.92198181152344,,,,,
2026-06-08 13:54:13,34.7207145690918,,,,,,34.426551818847656,34.573631286621094,,,35.16196060180664,,
2026-06-08 13:54:22,,,,,,,,36.36173629760742,,,,,
2026-06-08 13:54:43,34.57366180419922,,,,,,34.42658233642578,34.57366180419922,,,35.3090705871582,,
2026-06-08 13:54:52,,,,,,,,36.14505386352539,,,,,
2026-06-08 13:55:14,34.57366180419922,,,,,,33.838253021240234,34.132415771484375,,,35.3090705871582,,
2026-06-08 13:55:22,,,,,,,,36.14505386352539,,,,,
2026-06-08 13:55:46,34.57366180419922,,,,,,34.27949905395508,34.72074508666992,,,35.456153869628906,,
2026-06-08 13:55:52,,,,,,,,36.14505386352539,,,,,
2026-06-08 13:56:17,34.42658233642578,,,,,,34.132415771484375,34.72074508666992,,,35.161991119384766,,
2026-06-08 13:56:23,,,,,,,,35.779632568359375,,,,,
2026-06-08 13:56:47,34.72074508666992,,,,,,34.27949905395508,34.72074508666992,,,35.161991119384766,,
2026-06-08 13:56:53,,,,,,,,36.59120178222656,,,,,
2026-06-08 13:57:18,34.27949905395508,,,,,,34.27949905395508,34.86782455444336,,,35.3090705871582,,
2026-06-08 13:57:24,,,,,,,,36.36173629760742,,,,,
2026-06-08 13:57:49,34.72074508666992,,,,,,34.132415771484375,34.57366180419922,,,35.3090705871582,,
2026-06-08 13:57:54,,,,,,,,35.987850189208984,,,,,
2026-06-08 13:58:19,34.132415771484375,,,,,,34.72074508666992,34.86782455444336,,,35.456153869628906,,
2026-06-08 13:58:24,,,,,,,,36.14505386352539,,,,,
2026-06-08 13:58:50,33.838253021240234,,,,,,34.27949905395508,34.42658233642578,,,35.161991119384766,,
2026-06-08 13:58:54,,,,,,,,35.92198181152344,,,,,
2026-06-08 13:59:21,33.69116973876953,,,,,,34.27949905395508,33.838253021240234,,,35.161991119384766,,
2026-06-08 13:59:24,,,,,,,,36.40428161621094,,,,,
2026-06-08 13:59:51,34.57366180419922,,,,,,33.838253021240234,34.42658233642578,,,35.161991119384766,,
2026-06-08 13:59:55,,,,,,,,36.196067810058594,,,,,
2026-06-08 14:00:21,34.57366180419922,,,,,,33.838253021240234,34.72074508666992,,,35.3090705871582,,
2026-06-08 14:00:25,,,,,,,,35.987850189208984,,,,,
2026-06-08 14:00:52,34.42658233642578,,,,,,34.132415771484375,34.27949905395508,,,35.3090705871582,,
2026-06-08 14:00:55,,,,,,,,35.987850189208984,,,,,
2026-06-08 14:01:22,33.544090270996094,,,,,,34.27949905395508,33.98533630371094,,,35.01490783691406,,
2026-06-08 14:01:25,,,,,,,,36.36812973022461,,,,,
2026-06-08 14:01:53,34.42658233642578,,,,,,33.98533630371094,34.57366180419922,,,35.161991119384766,,
2026-06-08 14:01:55,,,,,,,,35.987850189208984,,,,,
2026-06-08 14:02:23,34.27949905395508,,,,,,33.39700698852539,33.98533630371094,,,35.01490783691406,,
2026-06-08 14:02:25,,,,,,,,35.987850189208984,,,,,
2026-06-08 14:02:54,33.98533630371094,,,,,,34.27949905395508,33.98533630371094,,,35.01490783691406,,
2026-06-08 14:02:56,,,,,,,,35.571414947509766,,,,,
2026-06-08 14:03:25,33.838253021240234,,,,,,34.42658233642578,34.72074508666992,,,35.161991119384766,,
2026-06-08 14:03:27,,,,,,,,35.779632568359375,,,,,
2026-06-08 14:03:55,33.69116973876953,,,,,,34.132415771484375,33.69116973876953,,,35.01490783691406,,
2026-06-08 14:03:57,,,,,,,,35.987850189208984,,,,,
2026-06-08 14:04:26,34.42658233642578,,,,,,34.27949905395508,34.42658233642578,,,35.161991119384766,,
2026-06-08 14:04:28,,,,,,,,36.196067810058594,,,,,
2026-06-08 14:04:56,33.838253021240234,,,,,,34.72074508666992,34.42658233642578,,,35.161991119384766,,
2026-06-08 14:04:58,,,,,,,,36.20248031616211,,,,,
2026-06-08 14:05:26,34.42658233642578,,,,,,33.39700698852539,34.132415771484375,,,35.456153869628906,,
2026-06-08 14:05:28,,,,,,,,36.196067810058594,,,,,
2026-06-08 14:05:56,34.27949905395508,,,,,,33.838253021240234,33.838253021240234,,,35.01490783691406,,
2026-06-08 14:05:59,,,,,,,,36.40428161621094,,,,,
2026-06-08 14:06:27,33.69116973876953,,,,,,34.132415771484375,33.838253021240234,,,35.01490783691406,,
2026-06-08 14:06:29,,,,,,,,35.779632568359375,,,,,
2026-06-08 14:06:57,33.98533630371094,,,,,,34.132415771484375,33.98533630371094,,,35.01490783691406,,
2026-06-08 14:06:59,,,,,,,,35.571414947509766,,,,,
2026-06-08 14:07:27,34.42658233642578,,,,,,34.27949905395508,34.27949905395508,,,35.3090705871582,,
2026-06-08 14:07:29,,,,,,,,35.78601837158203,,,,,
2026-06-08 14:07:58,33.544090270996094,,,,,,33.98533630371094,33.838253021240234,,,35.01490783691406,,
2026-06-08 14:07:59,,,,,,,,35.779632568359375,,,,,
2026-06-08 14:08:28,34.132415771484375,,,,,,34.42658233642578,34.27949905395508,,,35.01490783691406,,
2026-06-08 14:08:31,,,,,,,,35.363197326660156,,,,,
2026-06-08 14:08:59,33.838253021240234,,,,,,34.57366180419922,34.42658233642578,,,35.456153869628906,,
2026-06-08 14:09:01,,,,,,,,35.78601837158203,,,,,
2026-06-08 14:09:29,33.77293014526367,,,,,,34.39393997192383,34.5491943359375,,,35.15468215942383,,
2026-06-08 14:09:31,,,,,,,,35.78601837158203,,,,,
2026-06-08 14:09:59,34.70448303222656,,,,,,34.23872375488281,34.70448303222656,,,35.57390213012695,,
2026-06-08 14:10:01,,,,,,,,35.78601837158203,,,,,
2026-06-08 14:10:29,34.08346939086914,,,,,,34.393978118896484,34.393978118896484,,,35.29444885253906,,
2026-06-08 14:10:31,,,,,,,,36.827171325683594,,,,,
2026-06-08 14:11:00,33.928218841552734,,,,,,34.23872375488281,34.23872375488281,,,35.014991760253906,,
2026-06-08 14:11:02,,,,,,,,35.99424743652344,,,,,
2026-06-08 14:11:30,34.549232482910156,,,,,,34.08346939086914,34.859737396240234,,,35.434173583984375,,
2026-06-08 14:11:32,,,,,,,,35.78601837158203,,,,,
2026-06-08 14:12:00,34.23872375488281,,,,,,34.549232482910156,34.549232482910156,,,35.154720306396484,,
2026-06-08 14:12:02,,,,,,,,36.41710662841797,,,,,
2026-06-08 14:12:30,34.23872375488281,,,,,,34.393978118896484,34.08346939086914,,,35.434173583984375,,
2026-06-08 14:12:33,,,,,,,,35.99424743652344,,,,,
2026-06-08 14:13:01,34.08346939086914,,,,,,34.23872375488281,34.23872375488281,,,35.154720306396484,,
2026-06-08 14:13:03,,,,,,,,36.00061798095703,,,,,
2026-06-08 14:13:32,34.70448303222656,,,,,,34.23872375488281,34.23872375488281,,,35.29444885253906,,
2026-06-08 14:13:35,,,,,,,,36.2088623046875,,,,,
2026-06-08 14:14:02,34.549232482910156,,,,,,34.393978118896484,34.393978118896484,,,35.29444885253906,,
2026-06-08 14:14:05,,,,,,,,36.41710662841797,,,,,
2026-06-08 14:14:33,34.393978118896484,,,,,,34.23872375488281,34.70448303222656,,,35.29444885253906,,
2026-06-08 14:14:36,,,,,,,,36.00061798095703,,,,,
2026-06-08 14:15:03,34.08346939086914,,,,,,34.393978118896484,34.08346939086914,,,35.014991760253906,,
2026-06-08 14:15:06,,,,,,,,35.584129333496094,,,,,
2026-06-08 14:15:34,34.08346939086914,,,,,,33.928218841552734,33.928218841552734,,,35.154720306396484,,
2026-06-08 14:15:36,,,,,,,,36.2088623046875,,,,,
2026-06-08 14:16:04,34.393978118896484,,,,,,34.70448303222656,34.549232482910156,,,35.57390213012695,,
2026-06-08 14:16:07,,,,,,,,35.584129333496094,,,,,
2026-06-08 14:16:35,34.549232482910156,,,,,,34.23872375488281,34.549232482910156,,,35.434173583984375,,
2026-06-08 14:16:37,,,,,,,,35.584129333496094,,,,,
2026-06-08 14:17:05,34.23872375488281,,,,,,33.928218841552734,34.393978118896484,,,35.154720306396484,,
2026-06-08 14:17:08,,,,,,,,36.00061798095703,,,,,
2026-06-08 14:17:36,34.70448303222656,,,,,,34.549232482910156,34.70448303222656,,,35.29444885253906,,
2026-06-08 14:17:38,,,,,,,,35.79237365722656,,,,,
2026-06-08 14:18:06,34.70448303222656,,,,,,34.23872375488281,34.70448303222656,,,35.29444885253906,,
2026-06-08 14:18:09,,,,,,,,35.79237365722656,,,,,
2026-06-08 14:18:36,34.23872375488281,,,,,,34.08346939086914,34.549232482910156,,,35.29444885253906,,
2026-06-08 14:18:40,,,,,,,,36.2088623046875,,,,,
2026-06-08 14:19:06,34.393978118896484,,,,,,33.77296447753906,34.08346939086914,,,35.154720306396484,,
2026-06-08 14:19:10,,,,,,,,36.429935455322266,,,,,
2026-06-08 14:19:36,34.23872375488281,,,,,,34.08346939086914,34.23872375488281,,,35.014991760253906,,
2026-06-08 14:19:40,,,,,,,,36.00061798095703,,,,,
2026-06-08 14:20:07,33.928218841552734,,,,,,33.77296447753906,34.859737396240234,,,35.154720306396484,,
2026-06-08 14:20:10,,,,,,,,36.00061798095703,,,,,
2026-06-08 14:20:37,34.23872375488281,,,,,,33.61771011352539,34.70448303222656,,,35.154720306396484,,
2026-06-08 14:20:40,,,,,,,,36.01339340209961,,,,,
2026-06-08 14:21:08,33.928218841552734,,,,,,34.70448303222656,34.23872375488281,,,35.154720306396484,,
2026-06-08 14:21:11,,,,,,,,35.584129333496094,,,,,
2026-06-08 14:21:38,34.549232482910156,,,,,,34.393978118896484,34.23872375488281,,,35.154720306396484,,
2026-06-08 14:21:42,,,,,,,,35.79875183105469,,,,,
2026-06-08 14:22:08,34.08346939086914,,,,,,33.928218841552734,33.928218841552734,,,35.014991760253906,,
2026-06-08 14:22:12,,,,,,,,36.215267181396484,,,,,
2026-06-08 14:24:39,,,,,,,,35.79875183105469,,,,,
2026-06-08 14:24:55,,,,,,,,35.805118560791016,,,,,
2026-06-08 14:24:56,,,,,,,,33.928218841552734,,,,,
2026-06-08 14:25:26,,,,,,,,36.00701141357422,,,,,
2026-06-08 14:25:26,33.77296447753906,,,,,,34.549232482910156,34.859737396240234,,,35.154720306396484,,
2026-06-08 14:25:56,34.23872375488281,,,,,,34.23872375488281,34.859737396240234,,,35.434173583984375,,
2026-06-08 14:25:57,,,,,,,,36.2088623046875,,,,,
2026-06-08 14:26:26,34.23872375488281,,,,,,34.23872375488281,34.08346939086914,,,35.29444885253906,,
2026-06-08 14:26:27,,,,,,,,35.38223648071289,,,,,
2026-06-08 14:26:56,34.549232482910156,,,,,,33.928218841552734,33.77296447753906,,,35.29444885253906,,
2026-06-08 14:26:57,,,,,,,,35.59684753417969,,,,,
2026-06-08 14:27:28,34.549232482910156,,,,,,34.549232482910156,34.393978118896484,,,35.29444885253906,,
2026-06-08 14:27:28,,,,,,,,36.00701141357422,,,,,
2026-06-08 14:27:58,34.393978118896484,,,,,,34.70448303222656,34.70448303222656,,,35.29444885253906,,
2026-06-08 14:27:59,,,,,,,,35.375885009765625,,,,,
2026-06-08 14:28:28,34.393978118896484,,,,,,34.549232482910156,34.549232482910156,,,35.29444885253906,,
2026-06-08 14:28:29,,,,,,,,35.584129333496094,,,,,
2026-06-08 14:28:59,34.393978118896484,,,,,,33.928218841552734,34.549232482910156,,,35.154720306396484,,
2026-06-08 14:29:00,,,,,,,,35.38223648071289,,,,,
2026-06-08 14:29:30,33.61771011352539,,,,,,34.549232482910156,34.08346939086914,,,35.154720306396484,,
2026-06-08 14:29:31,,,,,,,,36.215267181396484,,,,,
2026-06-08 14:30:07,,,,,,,,34.70448303222656,,,,,
2026-06-08 14:30:12,,,,,,,,35.590492248535156,,,,,
2026-06-08 14:30:18,,,,,,,,34.549232482910156,,,,,
2026-06-08 14:30:23,,,,,,,,35.805118560791016,,,,,
2026-06-08 14:30:29,,,,,,,,34.549232482910156,,,,,
2026-06-08 14:30:34,,,,,,,,35.38857650756836,,,,,
2026-06-08 14:30:39,,,,,,,,34.549232482910156,,,,,
2026-06-08 14:30:45,,,,,,,,36.2088623046875,,,,,
2026-06-08 14:30:50,,,,,,,,34.70448303222656,,,,,
2026-06-08 14:30:55,,,,,,,,36.215267181396484,,,,,
2026-06-08 14:31:01,,,,,,,,34.859737396240234,,,,,
2026-06-08 14:31:06,,,,,,,,35.584129333496094,,,,,
2026-06-08 14:31:12,,,,,,,,34.23872375488281,,,,,
2026-06-08 14:31:17,,,,,,,,35.584129333496094,,,,,
2026-06-08 14:31:23,,,,,,,,34.08346939086914,,,,,
2026-06-08 14:31:28,,,,,,,,36.01339340209961,,,,,
2026-06-08 14:31:34,,,,,,,,34.549232482910156,,,,,
2026-06-08 14:31:39,,,,,,,,35.584129333496094,,,,,
2026-06-08 14:31:44,,,,,,,,34.859737396240234,,,,,
2026-06-08 14:31:50,,,,,,,,35.590492248535156,,,,,
2026-06-08 14:31:55,,,,,,,,34.23872375488281,,,,,
2026-06-08 14:32:01,,,,,,,,35.584129333496094,,,,,
2026-06-08 14:32:06,,,,,,,,34.393978118896484,,,,,
2026-06-08 14:32:11,,,,,,,,35.79237365722656,,,,,
2026-06-08 14:32:17,,,,,,,,34.08346939086914,,,,,
2026-06-08 14:32:22,,,,,,,,36.2088623046875,,,,,
2026-06-08 14:32:28,,,,,,,,34.23872375488281,,,,,
2026-06-08 14:32:33,,,,,,,,36.00701141357422,,,,,
2026-06-08 14:32:39,,,,,,,,34.393978118896484,,,,,
2026-06-08 14:32:44,,,,,,,,36.41710662841797,,,,,
2026-06-08 14:32:50,,,,,,,,34.08346939086914,,,,,
2026-06-08 14:32:55,,,,,,,,36.00061798095703,,,,,
2026-06-08 14:33:01,,,,,,,,34.393978118896484,,,,,
2026-06-08 14:33:06,,,,,,,,36.00061798095703,,,,,
2026-06-08 14:33:12,,,,,,,,33.928218841552734,,,,,
2026-06-08 14:33:17,,,,,,,,35.584129333496094,,,,,
2026-06-08 14:33:23,,,,,,,,34.393978118896484,,,,,
2026-06-08 14:33:28,,,,,,,,36.2088623046875,,,,,
2026-06-08 14:33:33,,,,,,,,34.393978118896484,,,,,
2026-06-08 14:33:38,,,,,,,,36.2088623046875,,,,,
2026-06-08 14:33:44,,,,,,,,36.00061798095703,,,,,
2026-06-08 14:33:49,,,,,,,,34.23872375488281,,,,,
2026-06-08 14:33:55,33.928218841552734,,,,,,34.393978118896484,34.08346939086914,,,35.014991760253906,,
2026-06-08 14:34:00,,,,,,,,36.00061798095703,,,,,
2026-06-08 14:34:06,,,,,,,,34.393978118896484,,,,,
2026-06-08 14:34:11,,,,,,,,36.215267181396484,,,,,
2026-06-08 14:34:17,,,,,,,,34.393978118896484,,,,,
2026-06-08 14:34:22,,,,,,,,35.584129333496094,,,,,
2026-06-08 14:34:28,,,,,,,,33.77296447753906,,,,,
2026-06-08 14:34:33,,,,,,,,35.584129333496094,,,,,
2026-06-08 14:34:38,,,,,,,,34.23872375488281,,,,,
2026-06-08 14:34:44,,,,,,,,35.584129333496094,,,,,
2026-06-08 14:34:49,,,,,,,,34.23872375488281,,,,,
2026-06-08 14:34:54,,,,,,,,35.375885009765625,,,,,
2026-06-08 14:35:00,,,,,,,,34.23872375488281,,,,,
2026-06-08 14:35:05,,,,,,,,36.00701141357422,,,,,
2026-06-08 14:35:11,,,,,,,,34.393978118896484,,,,,
2026-06-08 14:35:16,,,,,,,,36.00061798095703,,,,,
2026-06-08 14:35:22,,,,,,,,35.584129333496094,,,,,
2026-06-08 14:35:27,,,,,,,,33.928218841552734,,,,,
2026-06-08 14:35:32,,,,,,,,35.79237365722656,,,,,
2026-06-08 14:35:38,,,,,,,,34.08346939086914,,,,,
2026-06-08 14:35:43,34.23872375488281,,,,,,34.23872375488281,33.77296447753906,,,35.29444885253906,,
2026-06-08 14:35:49,,,,,,,,35.79237365722656,,,,,
2026-06-08 14:35:54,,,,,,,,34.23872375488281,,,,,
2026-06-08 14:35:59,,,,,,,,35.987850189208984,,,,,
2026-06-08 14:36:05,,,,,,,,33.77296447753906,,,,,
2026-06-08 14:36:10,,,,,,,,36.00061798095703,,,,,
2026-06-08 14:36:16,,,,,,,,34.08346939086914,,,,,
2026-06-08 14:36:21,,,,,,,,35.99424743652344,,,,,
2026-06-08 14:36:27,,,,,,,,34.393978118896484,,,,,
2026-06-08 14:36:32,,,,,,,,36.00061798095703,,,,,
2026-06-08 14:36:37,,,,,,,,33.77296447753906,,,,,
2026-06-08 14:36:42,,,,,,,,36.00061798095703,,,,,
2026-06-08 14:36:48,,,,,,,,36.40428161621094,,,,,
2026-06-08 14:36:53,,,,,,,,34.23872375488281,,,,,
2026-06-08 14:36:59,34.08346939086914,,,,,,34.393978118896484,34.08346939086914,,,35.014991760253906,,
2026-06-08 14:37:04,,,,,,,,36.2088623046875,,,,,
2026-06-08 14:37:10,,,,,,,,33.77296447753906,,,,,
2026-06-08 14:37:15,,,,,,,,35.79237365722656,,,,,
2026-06-08 14:37:20,,,,,,,,34.08346939086914,,,,,
2026-06-08 14:37:26,,,,,,,,35.584129333496094,,,,,
2026-06-08 14:37:31,,,,,,,,34.23872375488281,,,,,
2026-06-08 14:37:36,,,,,,,,36.00061798095703,,,,,
2026-06-08 14:37:42,,,,,,,,34.23872375488281,,,,,
2026-06-08 14:37:47,,,,,,,,36.62535095214844,,,,,
2026-06-08 14:37:53,,,,,,,,35.79237365722656,,,,,
2026-06-08 14:37:58,,,,,,,,33.928218841552734,,,,,
2026-06-08 14:38:03,34.23872375488281,,,,,,34.859737396240234,33.46245574951172,,,35.29444885253906,,
2026-06-08 14:38:09,,,,,,,,36.41710662841797,,,,,
2026-06-08 14:38:14,,,,,,,,34.859737396240234,,,,,
2026-06-08 14:38:19,,,,,,,,36.00061798095703,,,,,
2026-06-08 14:38:25,,,,,,,,33.928218841552734,,,,,
2026-06-08 14:38:30,,,,,,,,36.00061798095703,,,,,
2026-06-08 14:38:36,,,,,,,,34.08346939086914,,,,,
2026-06-08 14:38:41,,,,,,,,35.79237365722656,,,,,
2026-06-08 14:38:46,,,,,,,,34.23872375488281,,,,,
2026-06-08 14:38:51,,,,,,,,35.79237365722656,,,,,
2026-06-08 14:38:57,,,,,,,,34.23872375488281,,,,,
2026-06-08 14:39:02,,,,,,,,35.79237365722656,,,,,
2026-06-08 14:39:08,,,,,,,,34.393978118896484,,,,,
2026-06-08 14:39:13,,,,,,,,35.79237365722656,,,,,
2026-06-08 14:39:19,,,,,,,,34.08346939086914,,,,,
2026-06-08 14:39:24,,,,,,,,36.2088623046875,,,,,
2026-06-08 14:39:30,,,,,,,,33.61771011352539,,,,,
2026-06-08 14:39:35,,,,,,,,36.00061798095703,,,,,
2026-06-08 14:39:40,,,,,,,,34.393978118896484,,,,,
2026-06-08 14:39:45,,,,,,,,36.20248031616211,,,,,
2026-06-08 14:39:51,,,,,,,,34.08346939086914,,,,,
2026-06-08 14:39:56,,,,,,,,36.00061798095703,,,,,
2026-06-08 14:40:02,,,,,,,,35.78601837158203,,,,,
2026-06-08 14:40:07,,,,,,,,33.928218841552734,,,,,
2026-06-08 14:40:12,34.08346939086914,,,,,,34.08346939086914,34.859737396240234,,,35.154720306396484,,
2026-06-08 14:40:18,,,,,,,,35.78601837158203,,,,,
2026-06-08 14:40:23,,,,,,,,36.20248031616211,,,,,
2026-06-08 14:40:28,,,,,,,,34.23872375488281,,,,,
2026-06-08 14:40:34,34.08346939086914,,,,,,33.77296447753906,33.928218841552734,,,34.859737396240234,,
2026-06-08 14:40:39,,,,,,,,36.41710662841797,,,,,
2026-06-08 14:40:45,,,,,,,,34.23872375488281,,,,,
2026-06-08 14:40:50,,,,,,,,35.987850189208984,,,,,
2026-06-08 14:40:56,,,,,,,,36.2088623046875,,,,,
2026-06-08 14:41:01,,,,,,,,33.77296447753906,,,,,
2026-06-08 14:41:06,33.77296447753906,,,,,,34.08346939086914,34.23872375488281,,,35.154720306396484,,
2026-06-08 14:41:12,,,,,,,,36.40428161621094,,,,,
2026-06-08 14:41:17,,,,,,,,34.23872375488281,,,,,
2026-06-08 14:41:22,,,,,,,,36.00061798095703,,,,,
2026-06-08 14:41:28,,,,,,,,33.928218841552734,,,,,
2026-06-08 14:41:33,,,,,,,,36.61894226074219,,,,,
2026-06-08 14:41:39,,,,,,,,34.23872375488281,,,,,
2026-06-08 14:41:44,,,,,,,,36.00061798095703,,,,,
2026-06-08 14:41:50,,,,,,,,36.2088623046875,,,,,
2026-06-08 14:41:55,,,,,,,,34.0834846496582,,,,,
2026-06-08 14:42:00,34.238739013671875,,,,,,34.39399337768555,33.9282341003418,,,35.01500701904297,,
2026-06-08 14:42:06,,,,,,,,35.99424743652344,,,,,
2026-06-08 14:42:11,,,,,,,,34.238739013671875,,,,,
2026-06-08 14:42:16,,,,,,,,36.827171325683594,,,,,
2026-06-08 14:42:22,,,,,,,,34.54924774169922,,,,,
2026-06-08 14:42:27,,,,,,,,35.779632568359375,,,,,
2026-06-08 14:42:33,,,,,,,,34.0834846496582,,,,,
2026-06-08 14:42:38,,,,,,,,36.00061798095703,,,,,
2026-06-08 14:42:43,,,,,,,,34.39402389526367,,,,,
2026-06-08 14:42:49,,,,,,,,36.196067810058594,,,,,
2026-06-08 14:42:54,,,,,,,,34.39402389526367,,,,,
2026-06-08 14:42:59,,,,,,,,36.196067810058594,,,,,
2026-06-08 14:43:05,,,,,,,,34.083518981933594,,,,,
2026-06-08 14:43:10,,,,,,,,36.410709381103516,,,,,
2026-06-08 14:43:16,,,,,,,,34.083518981933594,,,,,
2026-06-08 14:43:21,,,,,,,,35.99424743652344,,,,,
2026-06-08 14:43:27,,,,,,,,34.083518981933594,,,,,
2026-06-08 14:43:32,,,,,,,,36.196067810058594,,,,,
2026-06-08 14:43:37,,,,,,,,34.39402389526367,,,,,
2026-06-08 14:43:43,,,,,,,,36.410709381103516,,,,,
2026-06-08 14:43:49,,,,,,,,34.54930877685547,,,,,
2026-06-08 14:43:54,,,,,,,,36.20248031616211,,,,,
2026-06-08 14:43:59,,,,,,,,34.23880386352539,,,,,
2026-06-08 14:44:05,,,,,,,,36.61249923706055,,,,,
2026-06-08 14:44:10,,,,,,,,34.23880386352539,,,,,
2026-06-08 14:44:15,,,,,,,,36.61894226074219,,,,,
2026-06-08 14:44:21,,,,,,,,34.54930877685547,,,,,
2026-06-08 14:44:26,,,,,,,,36.20248031616211,,,,,
2026-06-08 14:44:44,,,,,,,,36.20248031616211,,,,,
2026-06-08 14:44:45,,,,,,,,33.92829513549805,,,,,
2026-06-08 14:45:14,,,,,,,,36.196067810058594,,,,,
2026-06-08 14:45:15,,,,,,,,34.85981369018555,,,,,
2026-06-08 14:45:45,,,,,,,,36.196067810058594,,,,,
2026-06-08 14:45:46,,,,,,,,34.08354949951172,,,,,
2026-06-08 14:46:16,,,,,,,,35.779632568359375,,,,,
2026-06-08 14:46:17,,,,,,,,34.3940544128418,,,,,
2026-06-08 14:46:47,,,,,,,,36.196067810058594,,,,,
2026-06-08 14:46:48,,,,,,,,34.3940544128418,,,,,
2026-06-08 14:47:17,,,,,,,,36.2088623046875,,,,,
2026-06-08 14:47:18,,,,,,,,34.23880386352539,,,,,
2026-06-08 14:47:48,,,,,,,,36.41710662841797,,,,,
2026-06-08 14:47:49,,,,,,,,34.3940544128418,,,,,
2026-06-08 14:48:19,,,,,,,,36.410709381103516,,,,,
2026-06-08 14:48:20,,,,,,,,34.08354949951172,,,,,
2026-06-08 14:48:50,,,,,,,,36.62535095214844,,,,,
2026-06-08 14:48:51,,,,,,,,34.70456314086914,,,,,
2026-06-08 14:49:20,,,,,,,,36.2088623046875,,,,,
2026-06-08 14:49:21,,,,,,,,34.23880386352539,,,,,
2026-06-08 14:49:55,,,,,,,,34.23880386352539,,,,,
2026-06-08 14:49:56,,,,,,,,36.41710662841797,,,,,
2026-06-08 14:50:26,,,,,,,,34.23880386352539,,,,,
2026-06-08 14:50:26,,,,,,,,35.375885009765625,,,,,
2026-06-08 14:50:56,,,,,,,,34.08354949951172,,,,,
2026-06-08 14:50:56,,,,,,,,36.410709381103516,,,,,
2026-06-08 14:51:26,,,,,,,,34.70456314086914,,,,,
2026-06-08 14:51:27,,,,,,,,36.63178253173828,,,,,
2026-06-08 14:51:57,,,,,,,,34.23880386352539,,,,,
2026-06-08 14:51:57,,,,,,,,35.577789306640625,,,,,
2026-06-08 14:52:27,,,,,,,,34.23880386352539,,,,,
2026-06-08 14:52:28,,,,,,,,36.41710662841797,,,,,
2026-06-08 14:52:58,,,,,,,,36.2088623046875,,,,,
2026-06-08 14:52:58,,,,,,,,34.85981369018555,,,,,
2026-06-08 14:53:28,,,,,,,,35.584129333496094,,,,,
2026-06-08 14:53:28,,,,,,,,34.3940544128418,,,,,
2026-06-08 14:53:58,,,,,,,,36.00061798095703,,,,,
2026-06-08 14:53:58,,,,,,,,34.54930877685547,,,,,
2026-06-08 14:54:28,,,,,,,,34.23880386352539,,,,,
2026-06-08 14:54:29,,,,,,,,36.2088623046875,,,,,
2026-06-08 14:54:56,,,,,,,,35.584129333496094,,,,,
2026-06-08 14:54:57,34.23880386352539,,,,,,34.08354949951172,34.85981369018555,,,35.294525146484375,,
2026-06-08 14:55:27,,,,,,,,36.00701141357422,,,,,
2026-06-08 14:55:27,34.08354949951172,,,,,,33.92829513549805,34.23880386352539,,,35.294525146484375,,
2026-06-08 14:55:57,,,,,,,,35.81467819213867,,,,,
2026-06-08 14:55:58,34.70456314086914,,,,,,34.3940544128418,34.70456314086914,,,35.43425369262695,,
2026-06-08 14:56:28,,,,,,,,36.00701141357422,,,,,
2026-06-08 14:56:29,33.77304458618164,,,,,,34.85981369018555,34.3940544128418,,,35.294525146484375,,
2026-06-08 14:56:58,,,,,,,,35.805118560791016,,,,,
2026-06-08 14:56:59,34.54930877685547,,,,,,34.54930877685547,34.08354949951172,,,35.43425369262695,,
2026-06-08 14:57:28,,,,,,,,35.79875183105469,,,,,
2026-06-08 14:57:29,34.08354949951172,,,,,,34.70456314086914,35.1547966003418,,,35.43425369262695,,
2026-06-08 14:57:58,,,,,,,,36.2088623046875,,,,,
2026-06-08 14:57:59,34.85981369018555,,,,,,34.54930877685547,34.23880386352539,,,35.9931640625,,
2026-06-08 14:58:29,,,,,,,,36.00701141357422,,,,,
2026-06-08 14:58:30,34.54930877685547,,,,,,34.54930877685547,34.54930877685547,,,35.294525146484375,,
2026-06-08 14:58:59,,,,,,,,35.79875183105469,,,,,
2026-06-08 14:59:00,33.92829513549805,,,,,,34.08354949951172,34.3940544128418,,,34.85981369018555,,
2026-06-08 14:59:30,,,,,,,,36.215267181396484,,,,,
2026-06-08 14:59:30,34.3940544128418,,,,,,34.54930877685547,34.54930877685547,,,35.294525146484375,,
2026-06-08 14:59:52,,,,,,,,36.22166442871094,,,,,
2026-06-08 14:59:58,34.54930877685547,,,,,,34.54930877685547,34.70456314086914,,,35.43425369262695,,
2026-06-08 15:00:23,,,,,,,,35.79875183105469,,,,,
2026-06-08 15:00:29,33.61779022216797,,,,,,34.54930877685547,34.54930877685547,,,35.43425369262695,,
2026-06-08 15:00:53,,,,,,,,36.01339340209961,,,,,
2026-06-08 15:00:59,33.77304458618164,,,,,,34.08354949951172,34.23880386352539,,,35.1547966003418,,
2026-06-08 15:01:23,,,,,,,,36.01339340209961,,,,,
2026-06-08 15:01:29,34.23880386352539,,,,,,34.85981369018555,34.70456314086914,,,35.294525146484375,,
2026-06-08 15:01:54,,,,,,,,36.01339340209961,,,,,
2026-06-08 15:02:00,34.3940544128418,,,,,,34.70456314086914,35.01506805419922,,,35.43425369262695,,
2026-06-08 15:02:24,,,,,,,,35.805118560791016,,,,,
2026-06-08 15:02:31,34.23880386352539,,,,,,34.70456314086914,34.3940544128418,,,35.294525146484375,,
2026-06-08 15:02:55,,,,,,,,36.02296829223633,,,,,
2026-06-08 15:03:02,34.3940544128418,,,,,,34.23880386352539,35.01506805419922,,,35.294525146484375,,
2026-06-08 15:03:25,,,,,,,,35.59684753417969,,,,,
2026-06-08 15:19:21,,,,,,,,35.987850189208984,,,,,
2026-06-08 15:19:22,33.77304458618164,,,,,,34.54930877685547,34.08354949951172,,,35.1547966003418,,
2026-06-08 15:19:51,,,,,,,,35.571414947509766,,,,,
2026-06-08 15:19:52,34.54930877685547,,,,,,33.92829513549805,34.08354949951172,,,35.1547966003418,,
2026-06-08 15:20:21,,,,,,,,35.987850189208984,,,,,
2026-06-08 15:20:22,33.4625358581543,,,,,,34.08354949951172,33.77304458618164,,,35.1547966003418,,
2026-06-08 15:20:51,,,,,,,,36.81427764892578,,,,,
2026-06-08 15:20:53,34.54930877685547,,,,,,33.77304458618164,34.3940544128418,,,35.1547966003418,,
2026-06-08 15:21:22,,,,,,,,35.987850189208984,,,,,
2026-06-08 15:21:24,34.08354949951172,,,,,,33.77304458618164,34.3940544128418,,,35.01506805419922,,
2026-06-08 15:21:53,,,,,,,,36.196067810058594,,,,,
2026-06-08 15:21:54,34.85981369018555,,,,,,34.54930877685547,34.85981369018555,,,35.57398223876953,,
2026-06-08 15:22:23,,,,,,,,35.987850189208984,,,,,
2026-06-08 15:22:25,34.23880386352539,,,,,,35.01506805419922,34.54930877685547,,,35.43425369262695,,
2026-06-08 15:22:53,,,,,,,,36.40428161621094,,,,,
2026-06-08 15:22:55,34.70456314086914,,,,,,34.3940544128418,34.70456314086914,,,35.294525146484375,,
2026-06-08 15:23:24,,,,,,,,36.20248031616211,,,,,
2026-06-08 15:23:25,34.3940544128418,,,,,,34.3940544128418,34.54930877685547,,,35.43425369262695,,
2026-06-08 15:23:54,,,,,,,,35.99424743652344,,,,,
2026-06-08 15:23:56,34.23880386352539,,,,,,34.3940544128418,34.08354949951172,,,35.1547966003418,,
2026-06-08 15:24:32,,,,,,,,34.3940544128418,,,,,
2026-06-08 15:24:32,,,,,,,,35.987850189208984,,,,,
2026-06-08 15:24:33,34.08354949951172,,,,,,34.3940544128418,34.70456314086914,,,35.1547966003418,,
2026-06-08 15:25:04,,,,,,,,35.78601837158203,,,,,
2026-06-08 15:25:04,34.3940544128418,,,,,,34.3940544128418,34.3940544128418,,,35.1547966003418,,
2026-06-08 15:25:34,,,,,,,,35.779632568359375,,,,,
2026-06-08 15:25:34,34.08354949951172,,,,,,34.54930877685547,34.3940544128418,,,35.294525146484375,,
2026-06-08 15:26:05,,,,,,,,35.79237365722656,,,,,
2026-06-08 15:26:05,34.3940544128418,,,,,,34.3940544128418,34.08354949951172,,,35.01506805419922,,
2026-06-08 15:26:35,,,,,,,,36.00061798095703,,,,,
2026-06-08 15:26:36,34.3940544128418,,,,,,34.3940544128418,34.54930877685547,,,35.1547966003418,,
2026-06-08 15:27:06,,,,,,,,36.00061798095703,,,,,
2026-06-08 15:27:06,34.3940544128418,,,,,,34.23880386352539,34.3940544128418,,,35.294525146484375,,
2026-06-08 15:27:37,,,,,,,,35.79237365722656,,,,,
2026-06-08 15:27:38,34.23880386352539,,,,,,34.3940544128418,34.54930877685547,,,35.1547966003418,,
2026-06-08 15:28:07,,,,,,,,35.99424743652344,,,,,
2026-06-08 15:28:08,33.77304458618164,,,,,,33.61779022216797,34.08354949951172,,,35.1547966003418,,
2026-06-08 15:28:38,,,,,,,,35.36955642700195,,,,,
2026-06-08 15:28:39,34.08354949951172,,,,,,33.77304458618164,34.3940544128418,,,35.1547966003418,,
2026-06-08 15:29:08,,,,,,,,35.17397689819336,,,,,
2026-06-08 15:29:09,34.23880386352539,,,,,,34.08354949951172,34.08354949951172,,,35.1547966003418,,
2026-06-08 15:29:34,,,,,,,,36.00061798095703,,,,,
2026-06-08 15:29:34,34.23880386352539,,,,,,34.70456314086914,34.23880386352539,,,35.294525146484375,,
2026-06-08 15:30:04,,,,,,,,35.167640686035156,,,,,
2026-06-08 15:30:04,34.23880386352539,,,,,,34.54930877685547,34.85981369018555,,,35.1547966003418,,
2026-06-08 15:30:34,,,,,,,,35.167640686035156,,,,,
2026-06-08 15:30:35,34.23880386352539,,,,,,34.08354949951172,34.3940544128418,,,35.294525146484375,,
2026-06-08 15:31:04,,,,,,,,36.41710662841797,,,,,
2026-06-08 15:31:05,33.92829513549805,,,,,,34.23880386352539,34.54930877685547,,,35.1547966003418,,
2026-06-08 15:31:34,,,,,,,,35.375885009765625,,,,,
2026-06-08 15:31:35,34.23880386352539,,,,,,34.23880386352539,34.08354949951172,,,35.294525146484375,,
2026-06-08 15:32:05,,,,,,,,35.79875183105469,,,,,
2026-06-08 15:32:06,33.92829513549805,,,,,,34.70456314086914,34.3940544128418,,,35.1547966003418,,
2026-06-08 15:32:35,,,,,,,,35.79875183105469,,,,,
2026-06-08 15:32:36,33.4625358581543,,,,,,34.3940544128418,34.23880386352539,,,35.01506805419922,,
2026-06-08 15:33:05,,,,,,,,35.79237365722656,,,,,
2026-06-08 15:33:06,33.30728530883789,,,,,,34.08354949951172,34.3940544128418,,,35.01506805419922,,
2026-06-08 15:33:35,,,,,,,,35.38857650756836,,,,,
2026-06-08 15:33:36,34.08354949951172,,,,,,33.92829513549805,34.23880386352539,,,35.1547966003418,,
2026-06-08 15:34:06,,,,,,,,35.79875183105469,,,,,
2026-06-08 15:34:06,33.4625358581543,,,,,,34.3940544128418,34.08354949951172,,,35.1547966003418,,
2026-06-08 15:34:34,,,,,,,,35.590492248535156,,,,,
2026-06-08 15:34:35,34.08354949951172,,,,,,33.77304458618164,34.70456314086914,,,35.1547966003418,,
2026-06-08 15:35:04,,,,,,,,35.79875183105469,,,,,
2026-06-08 15:35:05,33.92829513549805,,,,,,35.01506805419922,34.70456314086914,,,35.1547966003418,,
2026-06-08 15:35:34,,,,,,,,36.01339340209961,,,,,
2026-06-08 15:35:35,34.23880386352539,,,,,,33.61779022216797,33.77304458618164,,,35.01506805419922,,
2026-06-08 15:36:04,,,,,,,,35.375885009765625,,,,,
2026-06-08 15:36:05,34.3940544128418,,,,,,34.3940544128418,34.08354949951172,,,35.1547966003418,,
2026-06-08 15:36:34,,,,,,,,35.38857650756836,,,,,
2026-06-08 15:36:36,33.77304458618164,,,,,,33.77304458618164,33.92829513549805,,,34.70456314086914,,
2026-06-08 15:37:05,,,,,,,,35.805118560791016,,,,,
2026-06-08 15:37:06,33.77304458618164,,,,,,34.23880386352539,34.08354949951172,,,34.70456314086914,,
2026-06-08 15:37:35,,,,,,,,35.38857650756836,,,,,
2026-06-08 15:37:36,34.54930877685547,,,,,,34.70456314086914,34.70456314086914,,,35.294525146484375,,
2026-06-08 15:38:06,,,,,,,,35.79875183105469,,,,,
2026-06-08 15:38:07,34.08354949951172,,,,,,34.3940544128418,34.23880386352539,,,35.294525146484375,,
2026-06-08 15:38:36,,,,,,,,36.02296829223633,,,,,
2026-06-08 15:38:37,33.77304458618164,,,,,,33.92829513549805,34.08354949951172,,,35.01506805419922,,
2026-06-08 15:39:07,,,,,,,,35.38857650756836,,,,,
2026-06-08 15:39:07,34.23880386352539,,,,,,33.92829513549805,33.92829513549805,,,35.43425369262695,,
2026-06-08 15:39:34,,,,,,,,35.590492248535156,,,,,
2026-06-08 15:39:35,34.23880386352539,,,,,,34.85981369018555,34.23880386352539,,,35.1547966003418,,
2026-06-08 15:40:04,,,,,,,,36.23126220703125,,,,,
2026-06-08 15:40:05,34.08354949951172,,,,,,33.77304458618164,33.77304458618164,,,35.01506805419922,,
2026-06-08 15:40:34,,,,,,,,36.02296829223633,,,,,
2026-06-08 15:40:35,34.08354949951172,,,,,,33.77304458618164,34.3940544128418,,,35.1547966003418,,
2026-06-08 15:41:05,,,,,,,,36.22166442871094,,,,,
2026-06-08 15:41:05,33.92829513549805,,,,,,34.23880386352539,34.08354949951172,,,35.294525146484375,,
2026-06-08 15:41:36,34.23880386352539,,,,,,34.23880386352539,33.92829513549805,,,35.294525146484375,,
2026-06-08 15:41:36,,,,,,,,36.02296829223633,,,,,
2026-06-08 15:42:06,33.77304458618164,,,,,,34.3940544128418,34.3940544128418,,,35.1547966003418,,
2026-06-08 15:42:06,,,,,,,,36.23126220703125,,,,,
2026-06-08 15:42:36,34.3940544128418,,,,,,34.54930877685547,34.3940544128418,,,35.294525146484375,,
2026-06-08 15:42:36,,,,,,,,35.60638427734375,,,,,
2026-06-08 15:43:07,34.54930877685547,,,,,,34.3940544128418,34.85981369018555,,,35.43425369262695,,
2026-06-08 15:43:07,,,,,,,,35.81467819213867,,,,,
2026-06-08 15:43:37,34.85981369018555,,,,,,35.1547966003418,34.85981369018555,,,35.85343551635742,,
2026-06-08 15:43:38,,,,,,,,35.805118560791016,,,,,
2026-06-08 15:44:07,34.54930877685547,,,,,,34.3940544128418,34.3940544128418,,,35.43425369262695,,
2026-06-08 15:44:08,,,,,,,,35.59684753417969,,,,,
2026-06-08 15:44:35,,,,,,,,35.60638427734375,,,,,
2026-06-08 15:44:36,34.08354949951172,,,,,,34.23880386352539,34.08354949951172,,,35.43425369262695,,
2026-06-08 15:45:05,,,,,,,,35.38857650756836,,,,,
2026-06-08 15:45:06,34.54930877685547,,,,,,34.54930877685547,34.08354949951172,,,35.43425369262695,,
2026-06-08 15:45:35,,,,,,,,36.23126220703125,,,,,
2026-06-08 15:45:36,34.08354949951172,,,,,,34.23880386352539,34.70456314086914,,,35.43425369262695,,
2026-06-08 15:46:06,,,,,,,,36.01339340209961,,,,,
2026-06-08 15:46:07,34.54930877685547,,,,,,34.70456314086914,35.01506805419922,,,35.43425369262695,,
2026-06-08 15:46:36,,,,,,,,36.215267181396484,,,,,
2026-06-08 15:46:37,34.23880386352539,,,,,,34.08354949951172,34.3940544128418,,,35.294525146484375,,
2026-06-08 15:47:06,,,,,,,,36.4427604675293,,,,,
2026-06-08 15:47:08,34.85981369018555,,,,,,34.3940544128418,34.3940544128418,,,35.1547966003418,,
2026-06-08 15:47:37,,,,,,,,36.43955612182617,,,,,
2026-06-08 15:47:39,34.08354949951172,,,,,,34.54930877685547,34.23880386352539,,,35.294525146484375,,
2026-06-08 15:48:07,,,,,,,,36.63821029663086,,,,,
2026-06-08 15:48:09,34.23880386352539,,,,,,34.23880386352539,34.54930877685547,,,35.294525146484375,,
2026-06-08 15:48:37,,,,,,,,36.00701141357422,,,,,
2026-06-08 15:48:39,34.08354949951172,,,,,,34.70456314086914,34.3940544128418,,,35.294525146484375,,
2026-06-08 15:49:07,,,,,,,,36.23126220703125,,,,,
2026-06-08 15:49:09,34.3940544128418,,,,,,34.85981369018555,35.01506805419922,,,35.43425369262695,,
2026-06-08 15:49:30,,,,,,,,35.79875183105469,,,,,
2026-06-08 15:49:36,34.54930877685547,,,,,,34.85981369018555,34.54930877685547,,,35.43425369262695,,
2026-06-08 15:50:00,,,,,,,,36.02296829223633,,,,,
2026-06-08 15:50:06,34.54930877685547,,,,,,34.85981369018555,34.3940544128418,,,35.43425369262695,,
2026-06-08 15:50:30,,,,,,,,36.02296829223633,,,,,
2026-06-08 15:50:37,34.3940544128418,,,,,,34.70456314086914,34.08354949951172,,,35.43425369262695,,
2026-06-08 15:51:01,,,,,,,,36.234458923339844,,,,,
2026-06-08 15:51:07,34.70456314086914,,,,,,34.85981369018555,34.54930877685547,,,35.294525146484375,,
2026-06-08 15:51:31,,,,,,,,36.43955612182617,,,,,
2026-06-08 15:51:39,33.77304458618164,,,,,,34.08354949951172,34.23880386352539,,,35.01506805419922,,
2026-06-08 15:52:02,,,,,,,,36.43955612182617,,,,,
2026-06-08 15:52:09,34.23880386352539,,,,,,33.92829513549805,34.23880386352539,,,35.01506805419922,,
2026-06-08 15:52:32,,,,,,,,36.43955612182617,,,,,
2026-06-08 15:52:39,33.92829513549805,,,,,,34.23880386352539,34.08354949951172,,,35.01506805419922,,
2026-06-08 15:53:02,,,,,,,,36.43955612182617,,,,,
2026-06-08 15:53:10,33.92829513549805,,,,,,33.92829513549805,34.23880386352539,,,35.01506805419922,,
2026-06-08 15:53:32,,,,,,,,36.43955612182617,,,,,
2026-06-08 15:53:40,34.08354949951172,,,,,,34.70456314086914,34.3940544128418,,,35.1547966003418,,
2026-06-08 15:54:02,,,,,,,,35.59684753417969,,,,,
2026-06-08 15:54:11,33.77304458618164,,,,,,33.92829513549805,33.92829513549805,,,35.01506805419922,,
2026-06-08 15:54:31,,,,,,,,36.22166442871094,,,,,
2026-06-08 15:54:37,33.15203094482422,,,,,,34.23880386352539,34.23880386352539,,,35.43425369262695,,
2026-06-08 15:55:01,,,,,,,,35.60638427734375,,,,,
2026-06-08 15:55:07,33.77304458618164,,,,,,34.23880386352539,34.08354949951172,,,35.294525146484375,,
2026-06-08 15:55:31,,,,,,,,35.39809036254883,,,,,
2026-06-08 15:55:38,33.30728530883789,,,,,,34.23880386352539,34.23880386352539,,,35.01506805419922,,
2026-06-08 15:56:02,,,,,,,,35.60638427734375,,,,,
2026-06-08 15:56:08,33.4625358581543,,,,,,33.92829513549805,33.77304458618164,,,34.85981369018555,,
2026-06-08 15:56:32,,,,,,,,35.60638427734375,,,,,
2026-06-08 15:56:39,33.77304458618164,,,,,,33.77304458618164,34.3940544128418,,,35.01506805419922,,
2026-06-08 15:57:03,,,,,,,,36.43955612182617,,,,,
2026-06-08 15:57:09,33.77304458618164,,,,,,33.92829513549805,33.4625358581543,,,35.43425369262695,,
2026-06-08 15:57:33,,,,,,,,35.81467819213867,,,,,
2026-06-08 15:57:40,33.92829513549805,,,,,,34.3940544128418,34.54930877685547,,,35.1547966003418,,
2026-06-08 15:58:03,,,,,,,,36.234458923339844,,,,,
2026-06-08 15:58:11,33.61779022216797,,,,,,33.92829513549805,34.08354949951172,,,35.01506805419922,,
2026-06-08 15:58:34,,,,,,,,36.02296829223633,,,,,
2026-06-08 15:58:41,32.99677658081055,,,,,,33.92829513549805,33.92829513549805,,,35.01506805419922,,
2026-06-08 15:59:04,,,,,,,,35.18980026245117,,,,,
2026-06-08 15:59:11,34.08354949951172,,,,,,34.08354949951172,34.08354949951172,,,35.01506805419922,,
2026-06-08 15:59:31,,,,,,,,36.234458923339844,,,,,
2026-06-08 15:59:37,33.77304458618164,,,,,,33.61779022216797,33.77304458618164,,,34.85981369018555,,
2026-06-08 16:00:02,,,,,,,,36.234458923339844,,,,,
2026-06-08 16:00:07,33.92829513549805,,,,,,33.77304458618164,33.61779022216797,,,34.85981369018555,,
2026-06-08 16:00:33,,,,,,,,36.23126220703125,,,,,
2026-06-08 16:00:38,33.61779022216797,,,,,,33.92829513549805,33.77304458618164,,,35.01506805419922,,
2026-06-08 16:01:03,,,,,,,,36.02296829223633,,,,,
2026-06-08 16:01:08,33.92829513549805,,,,,,34.08354949951172,34.08354949951172,,,34.85981369018555,,
2026-06-08 16:01:33,,,,,,,,35.60638427734375,,,,,
2026-06-08 16:01:38,34.23880386352539,,,,,,34.70456314086914,34.85981369018555,,,35.43425369262695,,
2026-06-08 16:02:04,,,,,,,,36.22166442871094,,,,,
2026-06-08 16:02:09,33.77304458618164,,,,,,34.23880386352539,34.3940544128418,,,35.1547966003418,,
2026-06-08 16:02:34,,,,,,,,36.23126220703125,,,,,
2026-06-08 16:02:39,33.92829513549805,,,,,,34.54930877685547,33.92829513549805,,,35.1547966003418,,
2026-06-08 16:17:38,,,,,,,,36.40428161621094,,,,,
2026-06-08 16:17:41,34.23880386352539,,,,,,34.54930877685547,34.70456314086914,,,35.1547966003418,,
2026-06-08 16:18:06,,,,,,,,36.820716857910156,,,,,
2026-06-08 16:18:09,34.3940544128418,,,,,,34.70456314086914,34.3940544128418,,,35.57398223876953,,
2026-06-08 16:18:36,,,,,,,,35.92198181152344,,,,,
2026-06-08 16:18:40,33.92829513549805,,,,,,33.92829513549805,34.3940544128418,,,35.294525146484375,,
2026-06-08 16:19:06,,,,,,,,36.40428161621094,,,,,
2026-06-08 16:19:10,34.23880386352539,,,,,,34.54930877685547,34.54930877685547,,,35.1547966003418,,
2026-06-08 16:19:36,,,,,,,,35.571414947509766,,,,,
2026-06-08 16:19:40,34.23880386352539,,,,,,34.23880386352539,34.3940544128418,,,35.43425369262695,,
2026-06-08 16:20:07,,,,,,,,36.14505386352539,,,,,
2026-06-08 16:20:11,33.92829513549805,,,,,,34.54930877685547,34.23880386352539,,,35.294525146484375,,
2026-06-08 16:20:38,,,,,,,,36.196067810058594,,,,,
2026-06-08 16:20:42,34.23880386352539,,,,,,34.23880386352539,34.54930877685547,,,35.1547966003418,,
2026-06-08 16:21:09,,,,,,,,35.99424743652344,,,,,
2026-06-08 16:21:12,33.92829513549805,,,,,,34.3940544128418,34.70456314086914,,,35.43425369262695,,
2026-06-08 16:21:39,,,,,,,,35.779632568359375,,,,,
2026-06-08 16:21:42,33.77304458618164,,,,,,34.08354949951172,34.08354949951172,,,35.01506805419922,,
2026-06-08 16:22:10,,,,,,,,35.577789306640625,,,,,
2026-06-08 16:22:13,34.08354949951172,,,,,,34.08354949951172,35.1547966003418,,,35.294525146484375,,
2026-06-08 16:22:57,,,,,,,,34.85981369018555,,,,,
2026-06-08 16:22:57,,,,,,,,35.987850189208984,,,,,
2026-06-08 16:22:59,34.23880386352539,,,,,,34.85981369018555,34.70456314086914,,,35.43425369262695,,
2026-06-08 16:23:27,,,,,,,,35.577789306640625,,,,,
2026-06-08 16:23:29,34.54930877685547,,,,,,33.77304458618164,34.23880386352539,,,35.43425369262695,,
2026-06-08 16:23:58,,,,,,,,36.196067810058594,,,,,
2026-06-08 16:23:59,34.23880386352539,,,,,,34.08354949951172,34.85981369018555,,,35.1547966003418,,
2026-06-08 16:24:28,,,,,,,,35.78601837158203,,,,,
2026-06-08 16:24:30,34.08354949951172,,,,,,34.3940544128418,35.01506805419922,,,35.294525146484375,,
2026-06-08 16:24:58,,,,,,,,35.577789306640625,,,,,
2026-06-08 16:25:00,34.54930877685547,,,,,,34.3940544128418,34.70456314086914,,,35.43425369262695,,
2026-06-08 16:25:28,,,,,,,,35.79237365722656,,,,,
2026-06-08 16:25:30,34.54930877685547,,,,,,34.54930877685547,34.54930877685547,,,35.294525146484375,,
2026-06-08 16:25:58,,,,,,,,35.78601837158203,,,,,
2026-06-08 16:26:00,34.23880386352539,,,,,,34.3940544128418,35.294525146484375,,,35.43425369262695,,
2026-06-08 16:26:29,,,,,,,,35.79237365722656,,,,,
2026-06-08 16:26:31,34.08354949951172,,,,,,34.3940544128418,34.85981369018555,,,35.713706970214844,,
2026-06-08 16:26:59,,,,,,,,35.375885009765625,,,,,
2026-06-08 16:27:01,34.08354949951172,,,,,,34.23880386352539,34.54930877685547,,,35.294525146484375,,
2026-06-08 16:27:31,,,,,,,,36.62535095214844,,,,,
2026-06-08 16:27:31,34.08354949951172,,,,,,34.3940544128418,34.70456314086914,,,35.294525146484375,,
2026-06-08 16:27:58,,,,,,,,35.584129333496094,,,,,
2026-06-08 16:27:59,34.23880386352539,,,,,,34.3940544128418,35.01506805419922,,,35.294525146484375,,
2026-06-08 16:28:29,,,,,,,,35.375885009765625,,,,,
2026-06-08 16:28:29,34.08354949951172,,,,,,34.23880386352539,34.3940544128418,,,35.43425369262695,,
2026-06-08 16:29:00,,,,,,,,36.00061798095703,,,,,
2026-06-08 16:29:00,34.08354949951172,,,,,,33.92829513549805,34.3940544128418,,,35.43425369262695,,
2026-06-08 16:29:30,34.23880386352539,,,,,,34.23880386352539,34.23880386352539,,,35.294525146484375,,
2026-06-08 16:29:30,,,,,,,,35.79237365722656,,,,,
2026-06-08 16:30:00,33.92829513549805,,,,,,33.92829513549805,34.23880386352539,,,35.1547966003418,,
2026-06-08 16:30:01,,,,,,,,35.79875183105469,,,,,
2026-06-08 16:30:30,34.54930877685547,,,,,,34.54930877685547,34.70456314086914,,,35.57398223876953,,
2026-06-08 16:30:31,,,,,,,,35.79875183105469,,,,,
2026-06-08 16:31:00,34.23880386352539,,,,,,34.54930877685547,34.85981369018555,,,35.57398223876953,,
2026-06-08 16:31:01,,,,,,,,35.79237365722656,,,,,
2026-06-08 16:31:31,34.3940544128418,,,,,,34.3940544128418,35.01506805419922,,,35.294525146484375,,
2026-06-08 16:31:32,,,,,,,,35.590492248535156,,,,,
2026-06-08 16:32:01,34.3940544128418,,,,,,34.85981369018555,34.54930877685547,,,35.43425369262695,,
2026-06-08 16:32:02,,,,,,,,35.590492248535156,,,,,
2026-06-08 16:32:32,34.08354949951172,,,,,,33.77304458618164,33.61779022216797,,,35.01506805419922,,
2026-06-08 16:32:32,,,,,,,,36.00701141357422,,,,,
2026-06-08 16:32:48,,,,,,,,35.590492248535156,,,,,
2026-06-08 16:33:00,33.92829513549805,,,,,,34.08354949951172,34.3940544128418,,,35.1547966003418,,
2026-06-08 16:33:19,,,,,,,,35.17397689819336,,,,,
2026-06-08 16:33:30,34.3940544128418,,,,,,34.08354949951172,34.23880386352539,,,35.1547966003418,,
2026-06-08 16:33:49,,,,,,,,35.59684753417969,,,,,
2026-06-08 16:34:01,33.92829513549805,,,,,,33.92829513549805,34.3940544128418,,,35.01506805419922,,
2026-06-08 16:34:20,,,,,,,,35.79237365722656,,,,,
2026-06-08 16:34:31,34.23880386352539,,,,,,33.61779022216797,33.92829513549805,,,35.1547966003418,,
2026-06-08 16:34:51,,,,,,,,35.79237365722656,,,,,
2026-06-08 16:35:01,33.77304458618164,,,,,,34.23880386352539,34.08354949951172,,,35.01506805419922,,
2026-06-08 16:35:21,,,,,,,,36.2088623046875,,,,,
2026-06-08 16:35:31,34.08354949951172,,,,,,33.92829513549805,34.08354949951172,,,35.01506805419922,,
2026-06-08 16:35:51,,,,,,,,36.00061798095703,,,,,
2026-06-08 16:36:02,34.3940544128418,,,,,,34.08354949951172,33.77304458618164,,,35.294525146484375,,
2026-06-08 16:36:21,,,,,,,,35.79875183105469,,,,,
2026-06-08 16:36:32,34.54930877685547,,,,,,34.23880386352539,34.23880386352539,,,35.294525146484375,,
2026-06-08 16:36:51,,,,,,,,35.81467819213867,,,,,
2026-06-08 16:37:02,34.3940544128418,,,,,,34.70456314086914,34.70456314086914,,,35.294525146484375,,
2026-06-08 16:37:22,,,,,,,,35.805118560791016,,,,,
2026-06-08 16:37:32,34.08354949951172,,,,,,34.23880386352539,34.08354949951172,,,35.43425369262695,,
2026-06-08 16:37:49,,,,,,,,36.423526763916016,,,,,
2026-06-08 16:38:00,34.23880386352539,,,,,,34.54930877685547,34.3940544128418,,,35.57398223876953,,
2026-06-08 16:38:20,,,,,,,,36.43955612182617,,,,,
2026-06-08 16:38:31,34.08354949951172,,,,,,34.08354949951172,34.54930877685547,,,35.43425369262695,,
2026-06-08 16:38:50,,,,,,,,35.805118560791016,,,,,
2026-06-08 16:39:01,34.08354949951172,,,,,,34.3940544128418,34.23880386352539,,,35.294525146484375,,
2026-06-08 16:39:20,,,,,,,,36.00701141357422,,,,,
2026-06-08 16:39:31,34.23880386352539,,,,,,34.08354949951172,34.23880386352539,,,35.294525146484375,,
2026-06-08 16:39:51,,,,,,,,36.215267181396484,,,,,
2026-06-08 16:40:01,34.23880386352539,,,,,,34.54930877685547,34.23880386352539,,,35.294525146484375,,
2026-06-08 16:40:21,,,,,,,,35.79875183105469,,,,,
2026-06-08 16:40:31,34.23880386352539,,,,,,34.54930877685547,34.54930877685547,,,35.43425369262695,,
2026-06-08 16:40:51,,,,,,,,36.423526763916016,,,,,
2026-06-08 16:41:01,34.3940544128418,,,,,,34.54930877685547,34.54930877685547,,,35.713706970214844,,
2026-06-08 16:41:21,,,,,,,,36.00701141357422,,,,,
2026-06-08 16:41:32,34.3940544128418,,,,,,34.3940544128418,34.08354949951172,,,35.01506805419922,,
2026-06-08 16:41:52,,,,,,,,36.215267181396484,,,,,
2026-06-08 16:42:02,33.61779022216797,,,,,,34.08354949951172,33.92829513549805,,,34.85981369018555,,
2026-06-08 16:42:22,,,,,,,,35.805118560791016,,,,,
2026-06-08 16:42:33,34.70456314086914,,,,,,34.3940544128418,34.54930877685547,,,35.1547966003418,,
2026-06-08 16:42:49,,,,,,,,36.22166442871094,,,,,
2026-06-08 16:43:00,33.92829513549805,,,,,,33.92829513549805,33.92829513549805,,,35.1547966003418,,
2026-06-08 16:43:20,,,,,,,,36.423526763916016,,,,,
2026-06-08 16:43:30,34.54930877685547,,,,,,34.23880386352539,34.23880386352539,,,35.1547966003418,,
2026-06-08 16:43:50,,,,,,,,35.38857650756836,,,,,
2026-06-08 16:44:01,34.23880386352539,,,,,,34.3940544128418,34.08354949951172,,,35.294525146484375,,
2026-06-08 16:44:21,,,,,,,,36.00701141357422,,,,,
2026-06-08 16:44:31,33.92829513549805,,,,,,34.08354949951172,34.23880386352539,,,35.01506805419922,,
2026-06-08 16:44:51,,,,,,,,36.43955612182617,,,,,
2026-06-08 16:45:01,33.92829513549805,,,,,,34.23880386352539,34.23880386352539,,,35.01506805419922,,
2026-06-08 16:45:21,,,,,,,,35.60638427734375,,,,,
2026-06-08 16:45:31,34.85981369018555,,,,,,34.08354949951172,34.3940544128418,,,35.01506805419922,,
2026-06-08 16:45:52,,,,,,,,36.00701141357422,,,,,
2026-06-08 16:46:01,34.23880386352539,,,,,,34.08354949951172,34.3940544128418,,,35.43425369262695,,
2026-06-08 16:46:23,,,,,,,,35.81467819213867,,,,,
2026-06-08 16:46:31,34.23880386352539,,,,,,33.92829513549805,34.08354949951172,,,35.1547966003418,,
2026-06-08 16:46:53,,,,,,,,36.02296829223633,,,,,
2026-06-08 16:47:02,34.08354949951172,,,,,,34.54930877685547,34.54930877685547,,,35.1547966003418,,
2026-06-08 16:47:23,,,,,,,,35.60638427734375,,,,,
2026-06-08 16:47:32,33.92829513549805,,,,,,34.23880386352539,34.70456314086914,,,35.01506805419922,,
2026-06-08 16:47:50,,,,,,,,35.805118560791016,,,,,
2026-06-08 16:48:01,34.3940544128418,,,,,,34.08354949951172,34.54930877685547,,,35.294525146484375,,
2026-06-08 16:48:20,,,,,,,,36.01339340209961,,,,,
2026-06-08 16:48:32,34.08354949951172,,,,,,34.3940544128418,34.3940544128418,,,35.1547966003418,,
2026-06-08 16:48:50,,,,,,,,35.79875183105469,,,,,
2026-06-08 16:49:02,34.23880386352539,,,,,,34.08354949951172,33.92829513549805,,,35.1547966003418,,
2026-06-08 16:49:21,,,,,,,,36.02296829223633,,,,,
2026-06-08 16:49:32,34.08354949951172,,,,,,34.3940544128418,34.54930877685547,,,35.1547966003418,,
2026-06-08 16:49:51,,,,,,,,35.81467819213867,,,,,
2026-06-08 16:50:03,34.3940544128418,,,,,,34.70456314086914,34.54930877685547,,,35.1547966003418,,
2026-06-08 16:50:22,,,,,,,,35.590492248535156,,,,,
2026-06-08 16:50:33,34.23880386352539,,,,,,33.92829513549805,34.08354949951172,,,35.294525146484375,,
2026-06-08 16:50:52,,,,,,,,36.22166442871094,,,,,
2026-06-08 16:51:04,34.08354949951172,,,,,,34.23880386352539,34.08354949951172,,,35.1547966003418,,
2026-06-08 16:51:22,,,,,,,,35.805118560791016,,,,,
2026-06-08 16:51:35,34.23880386352539,,,,,,34.54930877685547,34.23880386352539,,,35.294525146484375,,
2026-06-08 16:51:52,,,,,,,,36.01339340209961,,,,,
2026-06-08 16:52:05,34.23880386352539,,,,,,34.3940544128418,33.92829513549805,,,35.01506805419922,,
2026-06-08 16:52:23,,,,,,,,36.01339340209961,,,,,
2026-06-08 16:52:35,34.3940544128418,,,,,,33.77304458618164,34.54930877685547,,,35.1547966003418,,
2026-06-08 16:52:50,,,,,,,,35.38857650756836,,,,,
2026-06-08 16:53:01,33.4625358581543,,,,,,34.08354949951172,34.23880386352539,,,35.1547966003418,,
2026-06-08 16:53:20,,,,,,,,36.429935455322266,,,,,
2026-06-08 16:53:31,34.08354949951172,,,,,,34.08354949951172,34.08354949951172,,,35.294525146484375,,
2026-06-08 16:53:50,,,,,,,,35.39809036254883,,,,,
2026-06-08 16:54:02,34.08354949951172,,,,,,34.23880386352539,34.08354949951172,,,35.1547966003418,,
2026-06-08 16:54:20,,,,,,,,35.79875183105469,,,,,
2026-06-08 16:54:32,34.23880386352539,,,,,,34.08354949951172,34.08354949951172,,,35.1547966003418,,
2026-06-08 16:54:51,,,,,,,,36.02296829223633,,,,,
2026-06-08 16:55:03,34.3940544128418,,,,,,33.77304458618164,34.23880386352539,,,34.85981369018555,,
2026-06-08 16:55:21,,,,,,,,35.59684753417969,,,,,
2026-06-08 16:55:33,34.23880386352539,,,,,,33.61779022216797,33.61779022216797,,,35.01506805419922,,
2026-06-08 16:55:51,,,,,,,,36.01339340209961,,,,,
2026-06-08 16:56:03,33.61779022216797,,,,,,33.92829513549805,34.08354949951172,,,35.01506805419922,,
2026-06-08 16:56:22,,,,,,,,35.60638427734375,,,,,
2026-06-08 16:56:34,33.30728530883789,,,,,,33.61779022216797,34.08354949951172,,,34.85981369018555,,
2026-06-08 16:56:52,,,,,,,,36.02296829223633,,,,,
2026-06-08 16:57:04,34.23880386352539,,,,,,33.92829513549805,33.77304458618164,,,34.85981369018555,,
2026-06-08 16:57:22,,,,,,,,35.590492248535156,,,,,
2026-06-08 16:57:35,34.3940544128418,,,,,,34.23880386352539,34.3940544128418,,,35.294525146484375,,
2026-06-08 16:58:01,,,,,,,,35.59684753417969,,,,,
2026-06-08 16:58:02,34.23880386352539,,,,,,33.61779022216797,34.3940544128418,,,35.01506805419922,,
2026-06-08 16:58:32,34.23880386352539,,,,,,33.77304458618164,33.92829513549805,,,35.01506805419922,,
2026-06-08 16:58:32,,,,,,,,35.590492248535156,,,,,
2026-06-08 16:59:03,33.92829513549805,,,,,,34.08354949951172,34.08354949951172,,,35.01506805419922,,
2026-06-08 16:59:03,,,,,,,,35.60638427734375,,,,,
2026-06-08 16:59:33,,,,,,,,35.81467819213867,,,,,
2026-06-08 16:59:34,33.77304458618164,,,,,,34.23880386352539,34.08354949951172,,,35.1547966003418,,
2026-06-08 17:00:03,,,,,,,,36.23126220703125,,,,,
2026-06-08 17:00:04,33.77304458618164,,,,,,33.4625358581543,33.61779022216797,,,34.70456314086914,,
2026-06-08 17:00:34,,,,,,,,35.180301666259766,,,,,
2026-06-08 17:00:34,34.08354949951172,,,,,,33.61779022216797,34.08354949951172,,,35.01506805419922,,
2026-06-08 17:01:04,,,,,,,,35.805118560791016,,,,,
2026-06-08 17:01:05,33.92829513549805,,,,,,33.77304458618164,34.54930877685547,,,35.01506805419922,,
2026-06-08 17:01:34,,,,,,,,36.22166442871094,,,,,
2026-06-08 17:01:35,32.99677658081055,,,,,,34.23880386352539,34.54930877685547,,,35.294525146484375,,
2026-06-08 17:02:04,,,,,,,,35.59684753417969,,,,,
2026-06-08 17:02:05,34.23880386352539,,,,,,34.3940544128418,34.85981369018555,,,35.294525146484375,,
2026-06-08 17:02:35,,,,,,,,35.79875183105469,,,,,
2026-06-08 17:02:35,33.61779022216797,,,,,,34.54930877685547,34.70456314086914,,,35.294525146484375,,
2026-06-08 17:03:01,,,,,,,,36.02296829223633,,,,,
2026-06-08 17:03:02,34.3940544128418,,,,,,34.3940544128418,34.23880386352539,,,35.1547966003418,,
2026-06-08 17:03:32,,,,,,,,35.59684753417969,,,,,
2026-06-08 17:03:33,34.23880386352539,,,,,,33.77304458618164,34.54930877685547,,,35.1547966003418,,
2026-06-08 17:04:02,,,,,,,,36.02296829223633,,,,,
2026-06-08 17:04:03,34.3940544128418,,,,,,34.08354949951172,34.54930877685547,,,35.01506805419922,,
2026-06-08 17:04:32,,,,,,,,36.2088623046875,,,,,
2026-06-08 17:04:33,34.54930877685547,,,,,,34.54930877685547,34.85981369018555,,,35.57398223876953,,
2026-06-08 17:05:03,,,,,,,,35.59684753417969,,,,,
2026-06-08 17:05:04,34.08354949951172,,,,,,34.54930877685547,34.23880386352539,,,35.294525146484375,,
2026-06-08 17:05:33,,,,,,,,36.423526763916016,,,,,
2026-06-08 17:05:34,33.77304458618164,,,,,,33.61779022216797,34.23880386352539,,,35.1547966003418,,
2026-06-08 17:06:03,,,,,,,,36.64784622192383,,,,,
2026-06-08 17:06:04,33.77304458618164,,,,,,34.3940544128418,34.23880386352539,,,35.1547966003418,,
2026-06-08 17:06:34,,,,,,,,35.59684753417969,,,,,
2026-06-08 17:06:35,33.92829513549805,,,,,,33.30728530883789,34.3940544128418,,,35.01506805419922,,
2026-06-08 17:07:04,,,,,,,,36.02296829223633,,,,,
2026-06-08 17:07:05,33.61779022216797,,,,,,34.08354949951172,34.23880386352539,,,34.85981369018555,,
2026-06-08 17:07:35,,,,,,,,35.60638427734375,,,,,
2026-06-08 17:07:35,33.77304458618164,,,,,,34.23880386352539,34.08354949951172,,,35.1547966003418,,
2026-06-08 17:08:03,,,,,,,,35.81467819213867,,,,,
2026-06-08 17:08:03,33.92829513549805,,,,,,34.08354949951172,34.3940544128418,,,35.1547966003418,,
2026-06-08 17:08:33,,,,,,,,36.22166442871094,,,,,
2026-06-08 17:08:34,33.77304458618164,,,,,,33.92829513549805,34.70456314086914,,,35.1547966003418,,
2026-06-08 17:09:04,,,,,,,,36.23126220703125,,,,,
2026-06-08 17:09:04,33.61779022216797,,,,,,33.77304458618164,34.85981369018555,,,35.294525146484375,,
2026-06-08 17:09:34,,,,,,,,35.38857650756836,,,,,
2026-06-08 17:09:35,33.92829513549805,,,,,,34.08354949951172,34.54930877685547,,,35.294525146484375,,
2026-06-08 17:10:04,,,,,,,,35.60638427734375,,,,,
2026-06-08 17:10:05,33.4625358581543,,,,,,33.77304458618164,34.23880386352539,,,35.01506805419922,,
2026-06-08 17:10:34,,,,,,,,36.23126220703125,,,,,
2026-06-08 17:10:35,33.92829513549805,,,,,,33.92829513549805,34.3940544128418,,,35.01506805419922,,
2026-06-08 17:11:04,,,,,,,,35.805118560791016,,,,,
2026-06-08 17:11:05,33.4625358581543,,,,,,33.92829513549805,33.92829513549805,,,35.01506805419922,,
2026-06-08 17:11:35,,,,,,,,35.81467819213867,,,,,
2026-06-08 17:11:35,34.23880386352539,,,,,,34.23880386352539,34.3940544128418,,,35.1547966003418,,
2026-06-08 17:12:05,,,,,,,,36.234458923339844,,,,,
2026-06-08 17:12:06,34.3940544128418,,,,,,34.70456314086914,34.23880386352539,,,35.294525146484375,,
2026-06-08 17:12:35,,,,,,,,35.39809036254883,,,,,
2026-06-08 17:12:36,34.70456314086914,,,,,,34.70456314086914,34.70456314086914,,,35.294525146484375,,
2026-06-08 17:12:51,,,,,,,,35.609561920166016,,,,,
2026-06-08 17:13:02,34.70456314086914,,,,,,34.85981369018555,34.23880386352539,,,35.43425369262695,,
2026-06-08 17:13:22,,,,,,,,36.23126220703125,,,,,
2026-06-08 17:13:33,34.70456314086914,,,,,,34.23880386352539,34.54930877685547,,,35.294525146484375,,
2026-06-08 17:13:52,,,,,,,,35.61593246459961,,,,,
2026-06-08 17:14:03,33.92829513549805,,,,,,34.54930877685547,34.54930877685547,,,35.294525146484375,,
2026-06-08 17:14:23,,,,,,,,35.39809036254883,,,,,
2026-06-08 17:14:33,34.3940544128418,,,,,,34.08354949951172,34.70456314086914,,,35.294525146484375,,
2026-06-08 17:14:54,,,,,,,,36.026161193847656,,,,,
2026-06-08 17:15:04,33.92829513549805,,,,,,34.08354949951172,34.23880386352539,,,35.1547966003418,,
2026-06-08 17:15:24,,,,,,,,35.60638427734375,,,,,
2026-06-08 17:15:34,34.70456314086914,,,,,,35.1547966003418,35.294525146484375,,,35.57398223876953,,
2026-06-08 17:15:54,,,,,,,,35.8178596496582,,,,,
2026-06-08 17:16:04,34.3940544128418,,,,,,34.23880386352539,34.54930877685547,,,35.294525146484375,,
2026-06-08 17:16:24,,,,,,,,36.02296829223633,,,,,
2026-06-08 17:16:35,34.54930877685547,,,,,,34.23880386352539,34.54930877685547,,,35.294525146484375,,
2026-06-08 17:16:55,,,,,,,,35.60638427734375,,,,,
2026-06-08 17:17:05,34.23880386352539,,,,,,35.01506805419922,35.01506805419922,,,35.713706970214844,,
2026-06-08 17:17:25,,,,,,,,35.609561920166016,,,,,
2026-06-08 17:17:35,34.08354949951172,,,,,,34.08354949951172,34.23880386352539,,,35.294525146484375,,
2026-06-08 17:17:51,,,,,,,,36.23126220703125,,,,,
2026-06-08 17:18:03,34.08354949951172,,,,,,34.70456314086914,34.54930877685547,,,35.294525146484375,,
2026-06-08 17:18:21,,,,,,,,36.02296829223633,,,,,
2026-06-08 17:18:34,34.23880386352539,,,,,,34.3940544128418,34.3940544128418,,,35.43425369262695,,
2026-06-08 17:18:52,,,,,,,,35.60638427734375,,,,,
2026-06-08 17:19:04,34.23880386352539,,,,,,34.70456314086914,34.54930877685547,,,35.57398223876953,,
2026-06-08 17:19:22,,,,,,,,36.85614013671875,,,,,
2026-06-08 17:19:34,34.23880386352539,,,,,,34.70456314086914,34.70456314086914,,,35.713706970214844,,
2026-06-08 17:19:52,,,,,,,,36.23126220703125,,,,,
2026-06-08 17:20:04,34.3940544128418,,,,,,34.70456314086914,34.08354949951172,,,35.43425369262695,,
2026-06-08 17:20:23,,,,,,,,35.609561920166016,,,,,
2026-06-08 17:20:34,34.3940544128418,,,,,,35.01506805419922,34.23880386352539,,,35.57398223876953,,
2026-06-08 17:20:53,,,,,,,,36.026161193847656,,,,,
2026-06-08 17:21:05,34.23880386352539,,,,,,34.54930877685547,34.54930877685547,,,35.57398223876953,,
2026-06-08 17:21:23,,,,,,,,35.81467819213867,,,,,
2026-06-08 17:21:35,33.92829513549805,,,,,,34.08354949951172,34.23880386352539,,,35.1547966003418,,
2026-06-08 17:21:53,,,,,,,,35.8178596496582,,,,,
2026-06-08 17:22:06,34.08354949951172,,,,,,34.23880386352539,34.85981369018555,,,35.1547966003418,,
2026-06-08 17:22:23,,,,,,,,35.61593246459961,,,,,
2026-06-08 17:22:37,34.3940544128418,,,,,,34.08354949951172,34.23880386352539,,,35.1547966003418,,
2026-06-08 17:22:51,,,,,,,,36.23126220703125,,,,,
2026-06-08 17:23:03,34.3940544128418,,,,,,33.77304458618164,34.23880386352539,,,35.294525146484375,,
2026-06-08 17:23:21,,,,,,,,36.026161193847656,,,,,
2026-06-08 17:23:33,34.54930877685547,,,,,,34.3940544128418,34.3940544128418,,,35.294525146484375,,
2026-06-08 17:23:51,,,,,,,,35.81467819213867,,,,,
2026-06-08 17:24:03,34.3940544128418,,,,,,34.3940544128418,34.08354949951172,,,35.294525146484375,,
2026-06-08 17:24:21,,,,,,,,35.61593246459961,,,,,
2026-06-08 17:24:34,33.77304458618164,,,,,,34.08354949951172,34.54930877685547,,,35.1547966003418,,
2026-06-08 17:24:52,,,,,,,,36.65106201171875,,,,,
2026-06-08 17:25:04,33.92829513549805,,,,,,34.23880386352539,34.54930877685547,,,35.1547966003418,,
2026-06-08 17:25:23,,,,,,,,36.026161193847656,,,,,
2026-06-08 17:25:34,34.08354949951172,,,,,,34.3940544128418,34.54930877685547,,,35.43425369262695,,
2026-06-08 17:25:54,,,,,,,,36.02296829223633,,,,,
2026-06-08 17:26:05,34.3940544128418,,,,,,34.3940544128418,34.3940544128418,,,35.1547966003418,,
2026-06-08 17:26:24,,,,,,,,36.02296829223633,,,,,
2026-06-08 17:26:36,34.08354949951172,,,,,,33.77304458618164,34.54930877685547,,,35.294525146484375,,
2026-06-08 17:26:55,,,,,,,,35.40761947631836,,,,,
2026-06-08 17:27:07,33.4625358581543,,,,,,34.54930877685547,34.3940544128418,,,35.1547966003418,,
2026-06-08 17:27:25,,,,,,,,36.02296829223633,,,,,
2026-06-08 17:27:37,34.23880386352539,,,,,,34.3940544128418,33.77304458618164,,,35.01506805419922,,
2026-06-08 17:27:51,,,,,,,,36.02296829223633,,,,,
2026-06-08 17:28:03,34.23880386352539,,,,,,34.54930877685547,34.08354949951172,,,35.294525146484375,,
2026-06-08 17:28:21,,,,,,,,35.40761947631836,,,,,
2026-06-08 17:28:34,34.23880386352539,,,,,,34.3940544128418,34.3940544128418,,,35.1547966003418,,
2026-06-08 17:28:52,,,,,,,,36.43955612182617,,,,,
2026-06-08 17:29:05,34.08354949951172,,,,,,33.77304458618164,34.70456314086914,,,35.1547966003418,,
2026-06-08 17:29:22,,,,,,,,35.8178596496582,,,,,
2026-06-08 17:29:36,33.61779022216797,,,,,,34.3940544128418,34.54930877685547,,,35.01506805419922,,
2026-06-08 17:29:53,,,,,,,,35.609561920166016,,,,,
2026-06-08 17:30:06,34.23880386352539,,,,,,34.08354949951172,34.70456314086914,,,35.1547966003418,,
2026-06-08 17:30:24,,,,,,,,36.026161193847656,,,,,
2026-06-08 17:30:37,33.77304458618164,,,,,,34.23880386352539,34.3940544128418,,,35.43425369262695,,
