info: Hangfire.PostgreSql.PostgreSqlStorage[0]
      Start installing Hangfire SQL objects...
info: Hangfire.PostgreSql.PostgreSqlStorage[0]
      Hangfire SQL objects installed.
info: Microsoft.EntityFrameworkCore.Database.Command[20101]
      Executed DbCommand (22ms) [Parameters=[], CommandType='Text', CommandTimeout='30']
      CREATE EXTENSION IF NOT EXISTS timescaledb;
info: Microsoft.EntityFrameworkCore.Database.Command[20101]
      Executed DbCommand (4ms) [Parameters=[], CommandType='Text', CommandTimeout='30']
      SELECT EXISTS (
    SELECT 1 FROM pg_catalog.pg_class c
    JOIN pg_catalog.pg_namespace n ON n.oid=c.relnamespace
    WHERE n.nspname='public' AND
          c.relname='__EFMigrationsHistory'
)
info: Microsoft.EntityFrameworkCore.Database.Command[20101]
      Executed DbCommand (8ms) [Parameters=[], CommandType='Text', CommandTimeout='30']
      SELECT "MigrationId", "ProductVersion"
      FROM "__EFMigrationsHistory"
      ORDER BY "MigrationId";
info: Microsoft.EntityFrameworkCore.Database.Command[20101]
      Executed DbCommand (4ms) [Parameters=[], CommandType='Text', CommandTimeout='30']
      SELECT EXISTS (
    SELECT 1 FROM pg_catalog.pg_class c
    JOIN pg_catalog.pg_namespace n ON n.oid=c.relnamespace
    WHERE n.nspname='public' AND
          c.relname='__EFMigrationsHistory'
)
info: Microsoft.EntityFrameworkCore.Database.Command[20101]
      Executed DbCommand (3ms) [Parameters=[], CommandType='Text', CommandTimeout='30']
      SELECT EXISTS (
    SELECT 1 FROM pg_catalog.pg_class c
    JOIN pg_catalog.pg_namespace n ON n.oid=c.relnamespace
    WHERE n.nspname='public' AND
          c.relname='__EFMigrationsHistory'
)
info: Microsoft.EntityFrameworkCore.Database.Command[20101]
      Executed DbCommand (2ms) [Parameters=[], CommandType='Text', CommandTimeout='30']
      SELECT "MigrationId", "ProductVersion"
      FROM "__EFMigrationsHistory"
      ORDER BY "MigrationId";
info: Microsoft.EntityFrameworkCore.Migrations[20405]
      No migrations were applied. The database is already up to date.
info: Microsoft.EntityFrameworkCore.Database.Command[20101]
      Executed DbCommand (3ms) [Parameters=[], CommandType='Text', CommandTimeout='30']
      SELECT create_hypertable('"SensorReadings"', 'Time', if_not_exists => TRUE, migrate_data => TRUE);
info: Microsoft.EntityFrameworkCore.Database.Command[20101]
      Executed DbCommand (38ms) [Parameters=[], CommandType='Text', CommandTimeout='30']
      ALTER TABLE "Rules" ADD COLUMN IF NOT EXISTS "RuleSet" text;
info: Microsoft.EntityFrameworkCore.Database.Command[20101]
      Executed DbCommand (9ms) [Parameters=[], CommandType='Text', CommandTimeout='30']
      SELECT EXISTS (
          SELECT 1
          FROM "Users" AS u)
info: Microsoft.EntityFrameworkCore.Database.Command[20101]
      Executed DbCommand (8ms) [Parameters=[], CommandType='Text', CommandTimeout='30']
      SELECT d."Id", d."Capabilities", d."Config", d."CreatedAt", d."Name", d."Protocol", d."StationId", d."Status", d."Type"
      FROM "Devices" AS d
      WHERE d."Type" LIKE 'camera%'
info: System.Net.Http.HttpClient.Default.LogicalHandler[100]
      Start processing HTTP request GET http://localhost:1984/api/streams
info: System.Net.Http.HttpClient.Default.ClientHandler[100]
      Sending HTTP request GET http://localhost:1984/api/streams
info: System.Net.Http.HttpClient.Default.ClientHandler[101]
      Received HTTP response headers after 81.0588ms - 200
info: System.Net.Http.HttpClient.Default.LogicalHandler[101]
      End processing HTTP request after 104.4071ms - 200
info: StationOS.Services.Devices.DeviceService[0]
      [go2rtc] Đăng ký camera_dual: cam_192_168_10_152_optical (/Streaming/Channels/101) + cam_192_168_10_152_thermal (/Streaming/Channels/201)
info: System.Net.Http.HttpClient.Default.LogicalHandler[100]
      Start processing HTTP request PUT http://localhost:1984/api/streams?*
info: System.Net.Http.HttpClient.Default.ClientHandler[100]
      Sending HTTP request PUT http://localhost:1984/api/streams?*
info: System.Net.Http.HttpClient.Default.ClientHandler[101]
      Received HTTP response headers after 9.9644ms - 200
info: System.Net.Http.HttpClient.Default.LogicalHandler[101]
      End processing HTTP request after 10.2774ms - 200
info: System.Net.Http.HttpClient.Default.LogicalHandler[100]
      Start processing HTTP request PUT http://localhost:1984/api/streams?*
info: System.Net.Http.HttpClient.Default.ClientHandler[100]
      Sending HTTP request PUT http://localhost:1984/api/streams?*
info: System.Net.Http.HttpClient.Default.ClientHandler[101]
      Received HTTP response headers after 20.7109ms - 200
info: System.Net.Http.HttpClient.Default.LogicalHandler[101]
      End processing HTTP request after 21.089ms - 200
info: System.Net.Http.HttpClient.Default.LogicalHandler[100]
      Start processing HTTP request PUT http://localhost:1984/api/streams?*
info: System.Net.Http.HttpClient.Default.ClientHandler[100]
      Sending HTTP request PUT http://localhost:1984/api/streams?*
info: System.Net.Http.HttpClient.Default.ClientHandler[101]
      Received HTTP response headers after 23.8863ms - 200
info: System.Net.Http.HttpClient.Default.LogicalHandler[101]
      End processing HTTP request after 24.0131ms - 200
info: StationOS.Services.Devices.DeviceService[0]
      [go2rtc] Sync xong 3 streams (0 fail)
info: System.Net.Http.HttpClient.Default.LogicalHandler[100]
      Start processing HTTP request GET http://localhost:1984/api/streams
info: System.Net.Http.HttpClient.Default.ClientHandler[100]
      Sending HTTP request GET http://localhost:1984/api/streams
info: System.Net.Http.HttpClient.Default.ClientHandler[101]
      Received HTTP response headers after 2.2387ms - 200
info: System.Net.Http.HttpClient.Default.LogicalHandler[101]
      End processing HTTP request after 2.4411ms - 200
info: StationOS.Services.Devices.DeviceService[0]
      [go2rtc] Đăng ký stream camera_192_168_10_153_pd -> /Streaming/Channels/101
info: System.Net.Http.HttpClient.Default.LogicalHandler[100]
      Start processing HTTP request PUT http://localhost:1984/api/streams?*
info: System.Net.Http.HttpClient.Default.ClientHandler[100]
      Sending HTTP request PUT http://localhost:1984/api/streams?*
info: System.Net.Http.HttpClient.Default.ClientHandler[101]
      Received HTTP response headers after 7.8827ms - 200
info: System.Net.Http.HttpClient.Default.LogicalHandler[101]
      End processing HTTP request after 8.0691ms - 200
info: System.Net.Http.HttpClient.Default.LogicalHandler[100]
      Start processing HTTP request PUT http://localhost:1984/api/streams?*
info: System.Net.Http.HttpClient.Default.ClientHandler[100]
      Sending HTTP request PUT http://localhost:1984/api/streams?*
info: System.Net.Http.HttpClient.Default.ClientHandler[101]
      Received HTTP response headers after 8.7398ms - 200
info: System.Net.Http.HttpClient.Default.LogicalHandler[101]
      End processing HTTP request after 8.9432ms - 200
info: System.Net.Http.HttpClient.Default.LogicalHandler[100]
      Start processing HTTP request PUT http://localhost:1984/api/streams?*
info: System.Net.Http.HttpClient.Default.ClientHandler[100]
      Sending HTTP request PUT http://localhost:1984/api/streams?*
info: System.Net.Http.HttpClient.Default.ClientHandler[101]
      Received HTTP response headers after 7.8119ms - 200
info: System.Net.Http.HttpClient.Default.LogicalHandler[101]
      End processing HTTP request after 8.0112ms - 200
info: System.Net.Http.HttpClient.Default.LogicalHandler[100]
      Start processing HTTP request PUT http://localhost:1984/api/streams?*
info: System.Net.Http.HttpClient.Default.ClientHandler[100]
      Sending HTTP request PUT http://localhost:1984/api/streams?*
info: System.Net.Http.HttpClient.Default.ClientHandler[101]
      Received HTTP response headers after 9.6704ms - 200
info: System.Net.Http.HttpClient.Default.LogicalHandler[101]
      End processing HTTP request after 9.8048ms - 200
info: System.Net.Http.HttpClient.Default.LogicalHandler[100]
      Start processing HTTP request PUT http://localhost:1984/api/streams?*
info: System.Net.Http.HttpClient.Default.ClientHandler[100]
      Sending HTTP request PUT http://localhost:1984/api/streams?*
info: System.Net.Http.HttpClient.Default.ClientHandler[101]
      Received HTTP response headers after 92.1293ms - 200
info: System.Net.Http.HttpClient.Default.LogicalHandler[101]
      End processing HTTP request after 92.251ms - 200
info: StationOS.Services.Devices.DeviceService[0]
      [go2rtc] Sync xong 5 streams (0 fail)
info: StationOS.Services.Devices.DeviceService[0]
      [go2rtc] Đã sync 2 camera streams
info: StationOS.Workers.Polling.PlcPollingWorker[0]
      [PLC] Worker khởi động
info: StationOS.Workers.Polling.RuleEvaluationWorker[0]
      [Rules] Worker khởi động
info: StationOS.Workers.Polling.PlcPollingWorker[0]
      [PLC] Đang dọn dẹp dữ liệu cũ trước 05/21/2026 16:38:12 (UTC)
info: StationOS.Workers.Polling.MaintenanceReminderWorker[0]
      [MaintenanceReminder] Worker khởi động
info: StationOS.Workers.Polling.HealthScoreWorker[0]
      [HealthScore] Worker khởi động
info: StationOS.Workers.Polling.ModbusRtuWorker[0]
      [Modbus-RTU] Worker khởi động
info: StationOS.Workers.Polling.MqttSubscriberWorker[0]
      [MQTT] Worker khởi động
info: StationOS.Workers.Polling.Iec104Worker[0]
      [IEC-104] Worker khởi động (skeleton mode)
info: StationOS.Workers.Polling.CloudSyncWorker[0]
      [CloudSync] Worker khởi động
info: StationOS.Workers.Polling.ModbusTcpWorker[0]
      [Modbus-TCP] Worker khởi động
info: Microsoft.EntityFrameworkCore.Database.Command[20101]
      Executed DbCommand (65ms) [Parameters=[@p0='?' (DbType = DateTime)], CommandType='Text', CommandTimeout='30']
      DELETE FROM "SensorReadings" WHERE "Time" < @p0
info: Microsoft.Hosting.Lifetime[14]
      Now listening on: http://localhost:5000
info: Hangfire.BackgroundJobServer[0]
      Starting Hangfire Server using job storage: 'PostgreSQL Server: Host: localhost, DB: StationOS, Schema: hangfire'
info: Hangfire.BackgroundJobServer[0]
      Using the following options for PostgreSQL job storage:
info: Hangfire.BackgroundJobServer[0]
          Queue poll interval: 00:00:15.
info: Hangfire.BackgroundJobServer[0]
          Invisibility timeout: 00:30:00.
info: Hangfire.BackgroundJobServer[0]
          Use sliding invisibility timeout: False.
info: Hangfire.BackgroundJobServer[0]
      Using the following options for Hangfire Server:
          Worker count: 20
          Listening queues: 'default'
          Shutdown timeout: 00:00:15
          Schedule polling interval: 00:00:15
info: Microsoft.Hosting.Lifetime[0]
      Application started. Press Ctrl+C to shut down.
info: Microsoft.Hosting.Lifetime[0]
      Hosting environment: Development
info: Microsoft.Hosting.Lifetime[0]
      Content root path: D:\APPDESKTOP\stationos\backend\StationOS.Api
info: Hangfire.Server.BackgroundServerProcess[0]
      Server traanfdinhfkhai:20776:73cf23e1 successfully announced in 32.6871 ms
info: Hangfire.Server.BackgroundServerProcess[0]
      Server traanfdinhfkhai:20776:73cf23e1 is starting the registered dispatchers: ServerWatchdog, ServerJobCancellationWatcher, ExpirationManager, CountersAggregator, Worker, DelayedJobScheduler, RecurringJobScheduler...
info: Hangfire.Server.BackgroundServerProcess[0]
      Server traanfdinhfkhai:20776:73cf23e1 all the dispatchers started
info: Microsoft.EntityFrameworkCore.Database.Command[20101]
      Executed DbCommand (82ms) [Parameters=[], CommandType='Text', CommandTimeout='30']
      SELECT s."Id", s."Key", s."StationId", s."UpdatedAt", s."UpdatedBy", s."Value"
      FROM "SystemSettings" AS s
      WHERE s."Key" = 'camera_filter_time_s'
      LIMIT 1
info: Microsoft.EntityFrameworkCore.Database.Command[20101]
      Executed DbCommand (131ms) [Parameters=[], CommandType='Text', CommandTimeout='30']
      SELECT r."Id", r."Actions", r."Condition", r."CreatedAt", r."CreatedBy", r."DeviceId", r."Enabled", r."Name", r."RuleSet", r."StationId"
      FROM "Rules" AS r
      WHERE r."Enabled"
info: Microsoft.EntityFrameworkCore.Database.Command[20101]
      Executed DbCommand (81ms) [Parameters=[], CommandType='Text', CommandTimeout='30']
      SELECT d."Id", d."Capabilities", d."Config", d."CreatedAt", d."Name", d."Protocol", d."StationId", d."Status", d."Type"
      FROM "Devices" AS d
      WHERE d."Type" = 'plc_s7'
info: Microsoft.EntityFrameworkCore.Database.Command[20101]
      Executed DbCommand (41ms) [Parameters=[@__today_0='?' (DbType = DateTime)], CommandType='Text', CommandTimeout='30']
      SELECT m."Id", m."AssignedTo", m."Checklist", m."CompletedAt", m."CreatedAt", m."DeviceId", m."Notes", m."ScheduledDate", m."SourceAlertId", m."StationId", m."Status", m."Title", m."Type"
      FROM "MaintenanceTasks" AS m
      WHERE m."Status" NOT IN ('completed', 'overdue') AND m."ScheduledDate" < @__today_0
info: Microsoft.EntityFrameworkCore.Database.Command[20101]
      Executed DbCommand (31ms) [Parameters=[], CommandType='Text', CommandTimeout='30']
      SELECT m."Id", m."AssignedTo", m."Checklist", m."CompletedAt", m."CreatedAt", m."DeviceId", m."Notes", m."ScheduledDate", m."SourceAlertId", m."StationId", m."Status", m."Title", m."Type"
      FROM "MaintenanceTasks" AS m
      WHERE m."Status" <> 'completed'
info: Microsoft.EntityFrameworkCore.Database.Command[20101]
      Executed DbCommand (6ms) [Parameters=[], CommandType='Text', CommandTimeout='30']
      SELECT d."Id", d."Capabilities", d."Config", d."CreatedAt", d."Name", d."Protocol", d."StationId", d."Status", d."Type"
      FROM "Devices" AS d
      WHERE d."Type" = 'plc_s7'
info: Microsoft.EntityFrameworkCore.Database.Command[20101]
      Executed DbCommand (6ms) [Parameters=[], CommandType='Text', CommandTimeout='30']
      SELECT s."Id", s."Key", s."StationId", s."UpdatedAt", s."UpdatedBy", s."Value"
      FROM "SystemSettings" AS s
      WHERE s."Key" = 'camera_filter_time_s'
      LIMIT 1
info: Microsoft.EntityFrameworkCore.Database.Command[20101]
      Executed DbCommand (7ms) [Parameters=[], CommandType='Text', CommandTimeout='30']
      SELECT r."Id", r."Actions", r."Condition", r."CreatedAt", r."CreatedBy", r."DeviceId", r."Enabled", r."Name", r."RuleSet", r."StationId"
      FROM "Rules" AS r
      WHERE r."Enabled"
info: Microsoft.EntityFrameworkCore.Database.Command[20101]
      Executed DbCommand (7ms) [Parameters=[], CommandType='Text', CommandTimeout='30']
      SELECT d."Id", d."Capabilities", d."Config", d."CreatedAt", d."Name", d."Protocol", d."StationId", d."Status", d."Type"
      FROM "Devices" AS d
      WHERE d."Type" = 'plc_s7'
info: Microsoft.EntityFrameworkCore.Database.Command[20101]
      Executed DbCommand (19ms) [Parameters=[], CommandType='Text', CommandTimeout='30']
      SELECT d."Id", d."Capabilities", d."Config", d."CreatedAt", d."Name", d."Protocol", d."StationId", d."Status", d."Type"
      FROM "Devices" AS d
      WHERE d."Type" = 'modbus_tcp' AND d."Status" <> 'maintenance'
info: Microsoft.EntityFrameworkCore.Database.Command[20101]
      Executed DbCommand (10ms) [Parameters=[], CommandType='Text', CommandTimeout='30']
      SELECT d."Id", d."Capabilities", d."Config", d."CreatedAt", d."Name", d."Protocol", d."StationId", d."Status", d."Type"
      FROM "Devices" AS d
      WHERE d."Type" = 'plc_s7'
info: Microsoft.EntityFrameworkCore.Database.Command[20101]
      Executed DbCommand (8ms) [Parameters=[@__username_0='?'], CommandType='Text', CommandTimeout='30']
      SELECT u."Id", u."CreatedAt", u."Email", u."FullName", u."IsActive", u."PasswordHash", u."Role", u."StationIds", u."Username"
      FROM "Users" AS u
      WHERE u."Username" = @__username_0 AND u."IsActive"
      LIMIT 1
info: Microsoft.EntityFrameworkCore.Database.Command[20101]
      Executed DbCommand (8ms) [Parameters=[], CommandType='Text', CommandTimeout='30']
      SELECT s."Id", s."Key", s."StationId", s."UpdatedAt", s."UpdatedBy", s."Value"
      FROM "SystemSettings" AS s
      WHERE s."Key" = 'camera_filter_time_s'
      LIMIT 1
info: Microsoft.EntityFrameworkCore.Database.Command[20101]
      Executed DbCommand (8ms) [Parameters=[], CommandType='Text', CommandTimeout='30']
      SELECT r."Id", r."Actions", r."Condition", r."CreatedAt", r."CreatedBy", r."DeviceId", r."Enabled", r."Name", r."RuleSet", r."StationId"
      FROM "Rules" AS r
      WHERE r."Enabled"
info: Microsoft.EntityFrameworkCore.Database.Command[20101]
      Executed DbCommand (7ms) [Parameters=[], CommandType='Text', CommandTimeout='30']
      SELECT d."Id", d."Capabilities", d."Config", d."CreatedAt", d."Name", d."Protocol", d."StationId", d."Status", d."Type"
      FROM "Devices" AS d
      WHERE d."Type" = 'modbus_tcp' AND d."Status" <> 'maintenance'
info: Microsoft.EntityFrameworkCore.Database.Command[20101]
      Executed DbCommand (56ms) [Parameters=[@p0='?' (DbType = Guid), @p1='?', @p2='?', @p3='?' (DbType = DateTime), @p4='?', @p5='?' (DbType = Guid), @p6='?'], CommandType='Text', CommandTimeout='30']
      INSERT INTO "LoginLogs" ("Id", "Action", "IpAddress", "Ts", "UserAgent", "UserId", "Username")
      VALUES (@p0, @p1, @p2, @p3, @p4, @p5, @p6);
info: Microsoft.EntityFrameworkCore.Database.Command[20101]
      Executed DbCommand (7ms) [Parameters=[], CommandType='Text', CommandTimeout='30']
      SELECT l."Id", l."ActivatedAt", l."ExpiresAt", l."IsActive", l."Key", l."MaxUsers", l."Tier"
      FROM "Licenses" AS l
      WHERE l."IsActive"
      ORDER BY l."ActivatedAt" DESC
      LIMIT 1
warn: Microsoft.EntityFrameworkCore.Query[10103]
      The query uses the 'First'/'FirstOrDefault' operator without 'OrderBy' and filter operators. This may lead to unpredictable results.
info: Microsoft.EntityFrameworkCore.Database.Command[20101]
      Executed DbCommand (6ms) [Parameters=[], CommandType='Text', CommandTimeout='30']
      SELECT s."Id", s."Code", s."CreatedAt", s."Location", s."Name", s."Status"
      FROM "Stations" AS s
      LIMIT 1
info: Microsoft.EntityFrameworkCore.Database.Command[20101]
      Executed DbCommand (7ms) [Parameters=[@__station_Id_0='?' (DbType = Guid), @__key_1='?'], CommandType='Text', CommandTimeout='30']
      SELECT s."Id", s."Key", s."StationId", s."UpdatedAt", s."UpdatedBy", s."Value"
      FROM "SystemSettings" AS s
      WHERE s."StationId" = @__station_Id_0 AND s."Key" = @__key_1
      LIMIT 1
info: Microsoft.EntityFrameworkCore.Database.Command[20101]
      Executed DbCommand (53ms) [Parameters=[@p2='?' (DbType = Guid), @p0='?' (DbType = DateTime), @p1='?' (DbType = Object)], CommandType='Text', CommandTimeout='30']
      UPDATE "SystemSettings" SET "UpdatedAt" = @p0, "Value" = @p1
      WHERE "Id" = @p2;
info: Microsoft.EntityFrameworkCore.Database.Command[20101]
      Executed DbCommand (5ms) [Parameters=[], CommandType='Text', CommandTimeout='30']
      SELECT s."Id", s."Name", s."Code", s."Location", s."Status", s."CreatedAt"
      FROM "Stations" AS s
      ORDER BY s."Name"
info: Microsoft.EntityFrameworkCore.Database.Command[20101]
      Executed DbCommand (8ms) [Parameters=[], CommandType='Text', CommandTimeout='30']
      SELECT d."Id", d."Capabilities", d."Config", d."CreatedAt", d."Name", d."Protocol", d."StationId", d."Status", d."Type"
      FROM "Devices" AS d
      WHERE d."Type" = 'modbus_rtu' AND d."Status" <> 'maintenance'
info: Microsoft.EntityFrameworkCore.Database.Command[20101]
      Executed DbCommand (8ms) [Parameters=[], CommandType='Text', CommandTimeout='30']
      SELECT d."Id", d."Capabilities", d."Config", d."CreatedAt", d."Name", d."Protocol", d."StationId", d."Status", d."Type"
      FROM "Devices" AS d
      WHERE d."Type" = 'modbus_tcp' AND d."Status" <> 'maintenance'
info: Microsoft.EntityFrameworkCore.Database.Command[20101]
      Executed DbCommand (6ms) [Parameters=[], CommandType='Text', CommandTimeout='30']
      SELECT d."Id", d."Capabilities", d."Config", d."CreatedAt", d."Name", d."Protocol", d."StationId", d."Status", d."Type"
      FROM "Devices" AS d
      WHERE d."Type" = 'modbus_rtu' AND d."Status" <> 'maintenance'
info: Microsoft.EntityFrameworkCore.Database.Command[20101]
      Executed DbCommand (7ms) [Parameters=[], CommandType='Text', CommandTimeout='30']
      SELECT d."Id", d."Capabilities", d."Config", d."CreatedAt", d."Name", d."Protocol", d."StationId", d."Status", d."Type"
      FROM "Devices" AS d
      WHERE d."Type" = 'modbus_tcp' AND d."Status" <> 'maintenance'
info: Microsoft.EntityFrameworkCore.Database.Command[20101]
      Executed DbCommand (21ms) [Parameters=[], CommandType='Text', CommandTimeout='30']
      SELECT d."Id", d."Capabilities", d."Config", d."CreatedAt", d."Name", d."Protocol", d."StationId", d."Status", d."Type"
      FROM "Devices" AS d
      WHERE d."Type" = 'plc_s7'
info: Microsoft.EntityFrameworkCore.Database.Command[20101]
      Executed DbCommand (3ms) [Parameters=[], CommandType='Text', CommandTimeout='30']
      SELECT d."Id", d."Capabilities", d."Config", d."CreatedAt", d."Name", d."Protocol", d."StationId", d."Status", d."Type"
      FROM "Devices" AS d
      WHERE d."Type" = 'modbus_rtu' AND d."Status" <> 'maintenance'
info: Microsoft.EntityFrameworkCore.Database.Command[20101]
      Executed DbCommand (6ms) [Parameters=[], CommandType='Text', CommandTimeout='30']
      SELECT d."Id", d."Capabilities", d."Config", d."CreatedAt", d."Name", d."Protocol", d."StationId", d."Status", d."Type"
      FROM "Devices" AS d
      WHERE d."Type" = 'modbus_tcp' AND d."Status" <> 'maintenance'
info: Microsoft.EntityFrameworkCore.Database.Command[20101]
      Executed DbCommand (7ms) [Parameters=[], CommandType='Text', CommandTimeout='30']
      SELECT s."Id", s."Key", s."StationId", s."UpdatedAt", s."UpdatedBy", s."Value"
      FROM "SystemSettings" AS s
      WHERE s."Key" = 'mqtt_config'
      LIMIT 1
info: Microsoft.EntityFrameworkCore.Database.Command[20101]
      Executed DbCommand (3ms) [Parameters=[], CommandType='Text', CommandTimeout='30']
      SELECT d."Id", d."Capabilities", d."Config", d."CreatedAt", d."Name", d."Protocol", d."StationId", d."Status", d."Type"
      FROM "Devices" AS d
      WHERE d."Type" = 'modbus_rtu' AND d."Status" <> 'maintenance'
info: Microsoft.EntityFrameworkCore.Database.Command[20101]
      Executed DbCommand (7ms) [Parameters=[], CommandType='Text', CommandTimeout='30']
      SELECT d."Id", d."Capabilities", d."Config", d."CreatedAt", d."Name", d."Protocol", d."StationId", d."Status", d."Type"
      FROM "Devices" AS d
      WHERE d."Type" = 'modbus_tcp' AND d."Status" <> 'maintenance'
info: Microsoft.EntityFrameworkCore.Database.Command[20101]
      Executed DbCommand (6ms) [Parameters=[], CommandType='Text', CommandTimeout='30']
      SELECT s."Id", s."Key", s."StationId", s."UpdatedAt", s."UpdatedBy", s."Value"
      FROM "SystemSettings" AS s
      WHERE s."Key" = 'camera_filter_time_s'
      LIMIT 1
info: Microsoft.EntityFrameworkCore.Database.Command[20101]
      Executed DbCommand (7ms) [Parameters=[], CommandType='Text', CommandTimeout='30']
      SELECT r."Id", r."Actions", r."Condition", r."CreatedAt", r."CreatedBy", r."DeviceId", r."Enabled", r."Name", r."RuleSet", r."StationId"
      FROM "Rules" AS r
      WHERE r."Enabled"
info: Microsoft.EntityFrameworkCore.Database.Command[20101]
      Executed DbCommand (7ms) [Parameters=[], CommandType='Text', CommandTimeout='30']
      SELECT d."Id", d."Capabilities", d."Config", d."CreatedAt", d."Name", d."Protocol", d."StationId", d."Status", d."Type"
      FROM "Devices" AS d
      WHERE d."Type" = 'modbus_rtu' AND d."Status" <> 'maintenance'
info: Microsoft.EntityFrameworkCore.Database.Command[20101]
      Executed DbCommand (7ms) [Parameters=[], CommandType='Text', CommandTimeout='30']
      SELECT d."Id", d."Capabilities", d."Config", d."CreatedAt", d."Name", d."Protocol", d."StationId", d."Status", d."Type"
      FROM "Devices" AS d
      WHERE d."Type" = 'modbus_tcp' AND d."Status" <> 'maintenance'
info: Microsoft.EntityFrameworkCore.Database.Command[20101]
      Executed DbCommand (2ms) [Parameters=[], CommandType='Text', CommandTimeout='30']
      SELECT d."Id", d."Capabilities", d."Config", d."CreatedAt", d."Name", d."Protocol", d."StationId", d."Status", d."Type"
      FROM "Devices" AS d
      WHERE d."Type" = 'plc_s7'
info: Microsoft.EntityFrameworkCore.Database.Command[20101]
      Executed DbCommand (7ms) [Parameters=[], CommandType='Text', CommandTimeout='30']
      SELECT d."Id", d."Capabilities", d."Config", d."CreatedAt", d."Name", d."Protocol", d."StationId", d."Status", d."Type"
      FROM "Devices" AS d
      WHERE d."Type" = 'modbus_rtu' AND d."Status" <> 'maintenance'
info: Microsoft.EntityFrameworkCore.Database.Command[20101]
      Executed DbCommand (3ms) [Parameters=[], CommandType='Text', CommandTimeout='30']
      SELECT d."Id", d."Capabilities", d."Config", d."CreatedAt", d."Name", d."Protocol", d."StationId", d."Status", d."Type"
      FROM "Devices" AS d
      WHERE d."Type" = 'modbus_tcp' AND d."Status" <> 'maintenance'
info: Microsoft.EntityFrameworkCore.Database.Command[20101]
      Executed DbCommand (2ms) [Parameters=[], CommandType='Text', CommandTimeout='30']
      SELECT d."Id", d."Capabilities", d."Config", d."CreatedAt", d."Name", d."Protocol", d."StationId", d."Status", d."Type"
      FROM "Devices" AS d
      WHERE d."Type" = 'modbus_rtu' AND d."Status" <> 'maintenance'
info: Microsoft.EntityFrameworkCore.Database.Command[20101]
      Executed DbCommand (3ms) [Parameters=[], CommandType='Text', CommandTimeout='30']
      SELECT d."Id", d."Capabilities", d."Config", d."CreatedAt", d."Name", d."Protocol", d."StationId", d."Status", d."Type"
      FROM "Devices" AS d
      WHERE d."Type" = 'modbus_tcp' AND d."Status" <> 'maintenance'
info: Microsoft.EntityFrameworkCore.Database.Command[20101]
      Executed DbCommand (3ms) [Parameters=[], CommandType='Text', CommandTimeout='30']
      SELECT d."Id", d."Capabilities", d."Config", d."CreatedAt", d."Name", d."Protocol", d."StationId", d."Status", d."Type"
      FROM "Devices" AS d
      WHERE d."Type" = 'modbus_rtu' AND d."Status" <> 'maintenance'
info: Microsoft.EntityFrameworkCore.Database.Command[20101]
      Executed DbCommand (2ms) [Parameters=[], CommandType='Text', CommandTimeout='30']
      SELECT d."Id", d."Capabilities", d."Config", d."CreatedAt", d."Name", d."Protocol", d."StationId", d."Status", d."Type"
      FROM "Devices" AS d
      WHERE d."Type" = 'modbus_tcp' AND d."Status" <> 'maintenance'
info: Microsoft.EntityFrameworkCore.Database.Command[20101]
      Executed DbCommand (5ms) [Parameters=[], CommandType='Text', CommandTimeout='30']
      SELECT d."Id", d."Capabilities", d."Config", d."CreatedAt", d."Name", d."Protocol", d."StationId", d."Status", d."Type"
      FROM "Devices" AS d
      WHERE d."Type" = 'plc_s7'
info: Microsoft.EntityFrameworkCore.Database.Command[20101]
      Executed DbCommand (8ms) [Parameters=[], CommandType='Text', CommandTimeout='30']
      SELECT d."Id", d."Capabilities", d."Config", d."CreatedAt", d."Name", d."Protocol", d."StationId", d."Status", d."Type"
      FROM "Devices" AS d
      WHERE d."Type" = 'iec104' AND d."Status" <> 'maintenance'
info: Microsoft.EntityFrameworkCore.Database.Command[20101]
      Executed DbCommand (9ms) [Parameters=[], CommandType='Text', CommandTimeout='30']
      SELECT d."Id", d."Capabilities", d."Config", d."CreatedAt", d."Name", d."Protocol", d."StationId", d."Status", d."Type"
      FROM "Devices" AS d
      WHERE d."Type" = 'modbus_rtu' AND d."Status" <> 'maintenance'
info: Microsoft.EntityFrameworkCore.Database.Command[20101]
      Executed DbCommand (2ms) [Parameters=[], CommandType='Text', CommandTimeout='30']
      SELECT d."Id", d."Capabilities", d."Config", d."CreatedAt", d."Name", d."Protocol", d."StationId", d."Status", d."Type"
      FROM "Devices" AS d
      WHERE d."Type" = 'modbus_tcp' AND d."Status" <> 'maintenance'
info: Microsoft.EntityFrameworkCore.Database.Command[20101]
      Executed DbCommand (6ms) [Parameters=[], CommandType='Text', CommandTimeout='30']
      SELECT s."Id", s."Key", s."StationId", s."UpdatedAt", s."UpdatedBy", s."Value"
      FROM "SystemSettings" AS s
      WHERE s."Key" = 'camera_filter_time_s'
      LIMIT 1
info: Microsoft.EntityFrameworkCore.Database.Command[20101]
      Executed DbCommand (6ms) [Parameters=[], CommandType='Text', CommandTimeout='30']
      SELECT r."Id", r."Actions", r."Condition", r."CreatedAt", r."CreatedBy", r."DeviceId", r."Enabled", r."Name", r."RuleSet", r."StationId"
      FROM "Rules" AS r
      WHERE r."Enabled"
info: Microsoft.EntityFrameworkCore.Database.Command[20101]
      Executed DbCommand (8ms) [Parameters=[], CommandType='Text', CommandTimeout='30']
      SELECT d."Id", d."Capabilities", d."Config", d."CreatedAt", d."Name", d."Protocol", d."StationId", d."Status", d."Type"
      FROM "Devices" AS d
      WHERE d."Type" = 'iec104' AND d."Status" <> 'maintenance'
info: Microsoft.EntityFrameworkCore.Database.Command[20101]
      Executed DbCommand (5ms) [Parameters=[], CommandType='Text', CommandTimeout='30']
      SELECT d."Id", d."Capabilities", d."Config", d."CreatedAt", d."Name", d."Protocol", d."StationId", d."Status", d."Type"
      FROM "Devices" AS d
      WHERE d."Type" = 'modbus_rtu' AND d."Status" <> 'maintenance'
info: Microsoft.EntityFrameworkCore.Database.Command[20101]
      Executed DbCommand (6ms) [Parameters=[], CommandType='Text', CommandTimeout='30']
      SELECT d."Id", d."Capabilities", d."Config", d."CreatedAt", d."Name", d."Protocol", d."StationId", d."Status", d."Type"
      FROM "Devices" AS d
      WHERE d."Type" = 'modbus_tcp' AND d."Status" <> 'maintenance'
info: Microsoft.EntityFrameworkCore.Database.Command[20101]
      Executed DbCommand (7ms) [Parameters=[], CommandType='Text', CommandTimeout='30']
      SELECT d."Id", d."Capabilities", d."Config", d."CreatedAt", d."Name", d."Protocol", d."StationId", d."Status", d."Type"
      FROM "Devices" AS d
      WHERE d."Type" = 'iec104' AND d."Status" <> 'maintenance'
info: Microsoft.EntityFrameworkCore.Database.Command[20101]
      Executed DbCommand (3ms) [Parameters=[], CommandType='Text', CommandTimeout='30']
      SELECT d."Id", d."Capabilities", d."Config", d."CreatedAt", d."Name", d."Protocol", d."StationId", d."Status", d."Type"
      FROM "Devices" AS d
      WHERE d."Type" = 'modbus_rtu' AND d."Status" <> 'maintenance'
info: Microsoft.EntityFrameworkCore.Database.Command[20101]
      Executed DbCommand (2ms) [Parameters=[], CommandType='Text', CommandTimeout='30']
      SELECT d."Id", d."Capabilities", d."Config", d."CreatedAt", d."Name", d."Protocol", d."StationId", d."Status", d."Type"
      FROM "Devices" AS d
      WHERE d."Type" = 'modbus_tcp' AND d."Status" <> 'maintenance'
info: Microsoft.EntityFrameworkCore.Database.Command[20101]
      Executed DbCommand (2ms) [Parameters=[], CommandType='Text', CommandTimeout='30']
      SELECT d."Id", d."Capabilities", d."Config", d."CreatedAt", d."Name", d."Protocol", d."StationId", d."Status", d."Type"
      FROM "Devices" AS d
      WHERE d."Type" = 'plc_s7'
info: Microsoft.EntityFrameworkCore.Database.Command[20101]
      Executed DbCommand (2ms) [Parameters=[], CommandType='Text', CommandTimeout='30']
      SELECT d."Id", d."Capabilities", d."Config", d."CreatedAt", d."Name", d."Protocol", d."StationId", d."Status", d."Type"
      FROM "Devices" AS d
      WHERE d."Type" = 'iec104' AND d."Status" <> 'maintenance'
info: Microsoft.EntityFrameworkCore.Database.Command[20101]
      Executed DbCommand (2ms) [Parameters=[], CommandType='Text', CommandTimeout='30']
      SELECT d."Id", d."Capabilities", d."Config", d."CreatedAt", d."Name", d."Protocol", d."StationId", d."Status", d."Type"
      FROM "Devices" AS d
      WHERE d."Type" = 'modbus_rtu' AND d."Status" <> 'maintenance'
info: Microsoft.EntityFrameworkCore.Database.Command[20101]
      Executed DbCommand (2ms) [Parameters=[], CommandType='Text', CommandTimeout='30']
      SELECT d."Id", d."Capabilities", d."Config", d."CreatedAt", d."Name", d."Protocol", d."StationId", d."Status", d."Type"
      FROM "Devices" AS d
      WHERE d."Type" = 'modbus_tcp' AND d."Status" <> 'maintenance'
info: Microsoft.EntityFrameworkCore.Database.Command[20101]
      Executed DbCommand (2ms) [Parameters=[], CommandType='Text', CommandTimeout='30']
      SELECT d."Id", d."Capabilities", d."Config", d."CreatedAt", d."Name", d."Protocol", d."StationId", d."Status", d."Type"
      FROM "Devices" AS d
      WHERE d."Type" = 'iec104' AND d."Status" <> 'maintenance'
info: Microsoft.EntityFrameworkCore.Database.Command[20101]
      Executed DbCommand (6ms) [Parameters=[], CommandType='Text', CommandTimeout='30']
      SELECT d."Id", d."Capabilities", d."Config", d."CreatedAt", d."Name", d."Protocol", d."StationId", d."Status", d."Type"
      FROM "Devices" AS d
      WHERE d."Type" = 'modbus_rtu' AND d."Status" <> 'maintenance'
info: Microsoft.EntityFrameworkCore.Database.Command[20101]
      Executed DbCommand (2ms) [Parameters=[], CommandType='Text', CommandTimeout='30']
      SELECT d."Id", d."Capabilities", d."Config", d."CreatedAt", d."Name", d."Protocol", d."StationId", d."Status", d."Type"
      FROM "Devices" AS d
      WHERE d."Type" = 'modbus_tcp' AND d."Status" <> 'maintenance'
info: Microsoft.EntityFrameworkCore.Database.Command[20101]
      Executed DbCommand (3ms) [Parameters=[], CommandType='Text', CommandTimeout='30']
      SELECT d."Id", d."Capabilities", d."Config", d."CreatedAt", d."Name", d."Protocol", d."StationId", d."Status", d."Type"
      FROM "Devices" AS d
      WHERE d."Type" = 'iec104' AND d."Status" <> 'maintenance'
info: Microsoft.EntityFrameworkCore.Database.Command[20101]
      Executed DbCommand (3ms) [Parameters=[], CommandType='Text', CommandTimeout='30']
      SELECT d."Id", d."Capabilities", d."Config", d."CreatedAt", d."Name", d."Protocol", d."StationId", d."Status", d."Type"
      FROM "Devices" AS d
      WHERE d."Type" = 'modbus_rtu' AND d."Status" <> 'maintenance'
info: Microsoft.EntityFrameworkCore.Database.Command[20101]
      Executed DbCommand (2ms) [Parameters=[], CommandType='Text', CommandTimeout='30']
      SELECT d."Id", d."Capabilities", d."Config", d."CreatedAt", d."Name", d."Protocol", d."StationId", d."Status", d."Type"
      FROM "Devices" AS d
      WHERE d."Type" = 'modbus_tcp' AND d."Status" <> 'maintenance'
info: Microsoft.EntityFrameworkCore.Database.Command[20101]
      Executed DbCommand (3ms) [Parameters=[], CommandType='Text', CommandTimeout='30']
      SELECT d."Id", d."Capabilities", d."Config", d."CreatedAt", d."Name", d."Protocol", d."StationId", d."Status", d."Type"
      FROM "Devices" AS d
      WHERE d."Type" = 'plc_s7'
info: Microsoft.EntityFrameworkCore.Database.Command[20101]
      Executed DbCommand (3ms) [Parameters=[], CommandType='Text', CommandTimeout='30']
      SELECT s."Id", s."Key", s."StationId", s."UpdatedAt", s."UpdatedBy", s."Value"
      FROM "SystemSettings" AS s
      WHERE s."Key" = 'camera_filter_time_s'
      LIMIT 1
info: Microsoft.EntityFrameworkCore.Database.Command[20101]
      Executed DbCommand (2ms) [Parameters=[], CommandType='Text', CommandTimeout='30']
      SELECT r."Id", r."Actions", r."Condition", r."CreatedAt", r."CreatedBy", r."DeviceId", r."Enabled", r."Name", r."RuleSet", r."StationId"
      FROM "Rules" AS r
      WHERE r."Enabled"
info: Microsoft.EntityFrameworkCore.Database.Command[20101]
      Executed DbCommand (2ms) [Parameters=[], CommandType='Text', CommandTimeout='30']
      SELECT d."Id", d."Capabilities", d."Config", d."CreatedAt", d."Name", d."Protocol", d."StationId", d."Status", d."Type"
      FROM "Devices" AS d
      WHERE d."Type" = 'iec104' AND d."Status" <> 'maintenance'
info: Microsoft.EntityFrameworkCore.Database.Command[20101]
      Executed DbCommand (3ms) [Parameters=[], CommandType='Text', CommandTimeout='30']
      SELECT d."Id", d."Capabilities", d."Config", d."CreatedAt", d."Name", d."Protocol", d."StationId", d."Status", d."Type"
      FROM "Devices" AS d
      WHERE d."Type" = 'modbus_rtu' AND d."Status" <> 'maintenance'
info: Microsoft.EntityFrameworkCore.Database.Command[20101]
      Executed DbCommand (2ms) [Parameters=[], CommandType='Text', CommandTimeout='30']
      SELECT d."Id", d."Capabilities", d."Config", d."CreatedAt", d."Name", d."Protocol", d."StationId", d."Status", d."Type"
      FROM "Devices" AS d
      WHERE d."Type" = 'modbus_tcp' AND d."Status" <> 'maintenance'
info: Microsoft.EntityFrameworkCore.Database.Command[20101]
      Executed DbCommand (2ms) [Parameters=[], CommandType='Text', CommandTimeout='30']
      SELECT d."Id", d."Capabilities", d."Config", d."CreatedAt", d."Name", d."Protocol", d."StationId", d."Status", d."Type"
      FROM "Devices" AS d
      WHERE d."Type" = 'iec104' AND d."Status" <> 'maintenance'
info: Microsoft.EntityFrameworkCore.Database.Command[20101]
      Executed DbCommand (2ms) [Parameters=[], CommandType='Text', CommandTimeout='30']
      SELECT d."Id", d."Capabilities", d."Config", d."CreatedAt", d."Name", d."Protocol", d."StationId", d."Status", d."Type"
      FROM "Devices" AS d
      WHERE d."Type" = 'modbus_rtu' AND d."Status" <> 'maintenance'
info: Microsoft.EntityFrameworkCore.Database.Command[20101]
      Executed DbCommand (2ms) [Parameters=[], CommandType='Text', CommandTimeout='30']
      SELECT d."Id", d."Capabilities", d."Config", d."CreatedAt", d."Name", d."Protocol", d."StationId", d."Status", d."Type"
      FROM "Devices" AS d
      WHERE d."Type" = 'modbus_tcp' AND d."Status" <> 'maintenance'
info: Microsoft.EntityFrameworkCore.Database.Command[20101]
      Executed DbCommand (6ms) [Parameters=[], CommandType='Text', CommandTimeout='30']
      SELECT d."Id", d."Capabilities", d."Config", d."CreatedAt", d."Name", d."Protocol", d."StationId", d."Status", d."Type"
      FROM "Devices" AS d
      WHERE d."Type" = 'iec104' AND d."Status" <> 'maintenance'
info: Microsoft.EntityFrameworkCore.Database.Command[20101]
      Executed DbCommand (7ms) [Parameters=[], CommandType='Text', CommandTimeout='30']
      SELECT d."Id", d."Capabilities", d."Config", d."CreatedAt", d."Name", d."Protocol", d."StationId", d."Status", d."Type"
      FROM "Devices" AS d
      WHERE d."Type" = 'modbus_rtu' AND d."Status" <> 'maintenance'
info: Microsoft.EntityFrameworkCore.Database.Command[20101]
      Executed DbCommand (2ms) [Parameters=[], CommandType='Text', CommandTimeout='30']
      SELECT d."Id", d."Capabilities", d."Config", d."CreatedAt", d."Name", d."Protocol", d."StationId", d."Status", d."Type"
      FROM "Devices" AS d
      WHERE d."Type" = 'modbus_tcp' AND d."Status" <> 'maintenance'
info: Microsoft.EntityFrameworkCore.Database.Command[20101]
      Executed DbCommand (2ms) [Parameters=[], CommandType='Text', CommandTimeout='30']
      SELECT d."Id", d."Capabilities", d."Config", d."CreatedAt", d."Name", d."Protocol", d."StationId", d."Status", d."Type"
      FROM "Devices" AS d
      WHERE d."Type" = 'plc_s7'
info: Microsoft.EntityFrameworkCore.Database.Command[20101]
      Executed DbCommand (2ms) [Parameters=[], CommandType='Text', CommandTimeout='30']
      SELECT d."Id", d."Capabilities", d."Config", d."CreatedAt", d."Name", d."Protocol", d."StationId", d."Status", d."Type"
      FROM "Devices" AS d
      WHERE d."Type" = 'iec104' AND d."Status" <> 'maintenance'
info: Microsoft.EntityFrameworkCore.Database.Command[20101]
      Executed DbCommand (2ms) [Parameters=[], CommandType='Text', CommandTimeout='30']
      SELECT d."Id", d."Capabilities", d."Config", d."CreatedAt", d."Name", d."Protocol", d."StationId", d."Status", d."Type"
      FROM "Devices" AS d
      WHERE d."Type" = 'modbus_rtu' AND d."Status" <> 'maintenance'
info: Microsoft.EntityFrameworkCore.Database.Command[20101]
      Executed DbCommand (2ms) [Parameters=[], CommandType='Text', CommandTimeout='30']
      SELECT d."Id", d."Capabilities", d."Config", d."CreatedAt", d."Name", d."Protocol", d."StationId", d."Status", d."Type"
      FROM "Devices" AS d
      WHERE d."Type" = 'modbus_tcp' AND d."Status" <> 'maintenance'
info: Microsoft.EntityFrameworkCore.Database.Command[20101]
      Executed DbCommand (2ms) [Parameters=[], CommandType='Text', CommandTimeout='30']
      SELECT d."Id", d."Capabilities", d."Config", d."CreatedAt", d."Name", d."Protocol", d."StationId", d."Status", d."Type"
      FROM "Devices" AS d
info: Microsoft.EntityFrameworkCore.Database.Command[20101]
      Executed DbCommand (6ms) [Parameters=[], CommandType='Text', CommandTimeout='30']
      SELECT r."Id", r."Actions", r."Condition", r."CreatedAt", r."CreatedBy", r."DeviceId", r."Enabled", r."Name", r."RuleSet", r."StationId"
      FROM "Rules" AS r
      WHERE r."Enabled"
info: StationOS.Workers.Polling.HealthScoreWorker[0]
      [HealthScore] Đã tính điểm sức khỏe động cho các thiết bị.
info: Microsoft.EntityFrameworkCore.Database.Command[20101]
      Executed DbCommand (6ms) [Parameters=[@__p_0='?' (DbType = Int32)], CommandType='Text', CommandTimeout='30']
      SELECT s."Id", s."CreatedAt", s."EntityId", s."EntityType", s."Payload", s."RetryCount", s."SentAt", s."Status"
      FROM "SyncQueues" AS s
      WHERE s."Status" = 'pending' AND s."RetryCount" < 3
      ORDER BY s."CreatedAt"
      LIMIT @__p_0
info: Microsoft.EntityFrameworkCore.Database.Command[20101]
      Executed DbCommand (2ms) [Parameters=[], CommandType='Text', CommandTimeout='30']
      SELECT d."Id", d."Capabilities", d."Config", d."CreatedAt", d."Name", d."Protocol", d."StationId", d."Status", d."Type"
      FROM "Devices" AS d
      WHERE d."Type" = 'iec104' AND d."Status" <> 'maintenance'
info: Microsoft.EntityFrameworkCore.Database.Command[20101]
      Executed DbCommand (2ms) [Parameters=[], CommandType='Text', CommandTimeout='30']
      SELECT d."Id", d."Capabilities", d."Config", d."CreatedAt", d."Name", d."Protocol", d."StationId", d."Status", d."Type"
      FROM "Devices" AS d
      WHERE d."Type" = 'modbus_rtu' AND d."Status" <> 'maintenance'
info: Microsoft.EntityFrameworkCore.Database.Command[20101]
      Executed DbCommand (2ms) [Parameters=[], CommandType='Text', CommandTimeout='30']
      SELECT d."Id", d."Capabilities", d."Config", d."CreatedAt", d."Name", d."Protocol", d."StationId", d."Status", d."Type"
      FROM "Devices" AS d
      WHERE d."Type" = 'modbus_tcp' AND d."Status" <> 'maintenance'
info: Microsoft.EntityFrameworkCore.Database.Command[20101]
      Executed DbCommand (7ms) [Parameters=[], CommandType='Text', CommandTimeout='30']
      SELECT s."Id", s."Key", s."StationId", s."UpdatedAt", s."UpdatedBy", s."Value"
      FROM "SystemSettings" AS s
      WHERE s."Key" = 'camera_filter_time_s'
      LIMIT 1
info: Microsoft.EntityFrameworkCore.Database.Command[20101]
      Executed DbCommand (7ms) [Parameters=[], CommandType='Text', CommandTimeout='30']
      SELECT r."Id", r."Actions", r."Condition", r."CreatedAt", r."CreatedBy", r."DeviceId", r."Enabled", r."Name", r."RuleSet", r."StationId"
      FROM "Rules" AS r
      WHERE r."Enabled"
info: Microsoft.EntityFrameworkCore.Database.Command[20101]
      Executed DbCommand (2ms) [Parameters=[], CommandType='Text', CommandTimeout='30']
      SELECT d."Id", d."Capabilities", d."Config", d."CreatedAt", d."Name", d."Protocol", d."StationId", d."Status", d."Type"
      FROM "Devices" AS d
      WHERE d."Type" = 'iec104' AND d."Status" <> 'maintenance'
info: Microsoft.EntityFrameworkCore.Database.Command[20101]
      Executed DbCommand (3ms) [Parameters=[], CommandType='Text', CommandTimeout='30']
      SELECT d."Id", d."Capabilities", d."Config", d."CreatedAt", d."Name", d."Protocol", d."StationId", d."Status", d."Type"
      FROM "Devices" AS d
      WHERE d."Type" = 'plc_s7'
info: Microsoft.EntityFrameworkCore.Database.Command[20101]
      Executed DbCommand (3ms) [Parameters=[], CommandType='Text', CommandTimeout='30']
      SELECT d."Id", d."Capabilities", d."Config", d."CreatedAt", d."Name", d."Protocol", d."StationId", d."Status", d."Type"
      FROM "Devices" AS d
      WHERE d."Type" = 'modbus_rtu' AND d."Status" <> 'maintenance'
info: Microsoft.EntityFrameworkCore.Database.Command[20101]
      Executed DbCommand (2ms) [Parameters=[], CommandType='Text', CommandTimeout='30']
      SELECT d."Id", d."Capabilities", d."Config", d."CreatedAt", d."Name", d."Protocol", d."StationId", d."Status", d."Type"
      FROM "Devices" AS d
      WHERE d."Type" = 'modbus_tcp' AND d."Status" <> 'maintenance'
info: Microsoft.EntityFrameworkCore.Database.Command[20101]
      Executed DbCommand (2ms) [Parameters=[], CommandType='Text', CommandTimeout='30']
      SELECT d."Id", d."Capabilities", d."Config", d."CreatedAt", d."Name", d."Protocol", d."StationId", d."Status", d."Type"
      FROM "Devices" AS d
      WHERE d."Type" = 'iec104' AND d."Status" <> 'maintenance'
info: Microsoft.EntityFrameworkCore.Database.Command[20101]
      Executed DbCommand (3ms) [Parameters=[], CommandType='Text', CommandTimeout='30']
      SELECT d."Id", d."Capabilities", d."Config", d."CreatedAt", d."Name", d."Protocol", d."StationId", d."Status", d."Type"
      FROM "Devices" AS d
      WHERE d."Type" = 'modbus_rtu' AND d."Status" <> 'maintenance'
info: Microsoft.EntityFrameworkCore.Database.Command[20101]
      Executed DbCommand (2ms) [Parameters=[], CommandType='Text', CommandTimeout='30']
      SELECT d."Id", d."Capabilities", d."Config", d."CreatedAt", d."Name", d."Protocol", d."StationId", d."Status", d."Type"
      FROM "Devices" AS d
      WHERE d."Type" = 'modbus_tcp' AND d."Status" <> 'maintenance'
info: Microsoft.EntityFrameworkCore.Database.Command[20101]
      Executed DbCommand (4ms) [Parameters=[], CommandType='Text', CommandTimeout='30']
      SELECT d."Id", d."Capabilities", d."Config", d."CreatedAt", d."Name", d."Protocol", d."StationId", d."Status", d."Type"
      FROM "Devices" AS d
      WHERE d."Type" = 'iec104' AND d."Status" <> 'maintenance'
info: Microsoft.EntityFrameworkCore.Database.Command[20101]
      Executed DbCommand (3ms) [Parameters=[], CommandType='Text', CommandTimeout='30']
      SELECT d."Id", d."Capabilities", d."Config", d."CreatedAt", d."Name", d."Protocol", d."StationId", d."Status", d."Type"
      FROM "Devices" AS d
      WHERE d."Type" = 'modbus_rtu' AND d."Status" <> 'maintenance'
info: Microsoft.EntityFrameworkCore.Database.Command[20101]
      Executed DbCommand (3ms) [Parameters=[], CommandType='Text', CommandTimeout='30']
      SELECT d."Id", d."Capabilities", d."Config", d."CreatedAt", d."Name", d."Protocol", d."StationId", d."Status", d."Type"
      FROM "Devices" AS d
      WHERE d."Type" = 'modbus_tcp' AND d."Status" <> 'maintenance'
info: Microsoft.EntityFrameworkCore.Database.Command[20101]
      Executed DbCommand (2ms) [Parameters=[], CommandType='Text', CommandTimeout='30']
      SELECT d."Id", d."Capabilities", d."Config", d."CreatedAt", d."Name", d."Protocol", d."StationId", d."Status", d."Type"
      FROM "Devices" AS d
      WHERE d."Type" = 'iec104' AND d."Status" <> 'maintenance'
info: Microsoft.EntityFrameworkCore.Database.Command[20101]
      Executed DbCommand (3ms) [Parameters=[], CommandType='Text', CommandTimeout='30']
      SELECT d."Id", d."Capabilities", d."Config", d."CreatedAt", d."Name", d."Protocol", d."StationId", d."Status", d."Type"
      FROM "Devices" AS d
      WHERE d."Type" = 'plc_s7'
info: Microsoft.EntityFrameworkCore.Database.Command[20101]
      Executed DbCommand (2ms) [Parameters=[], CommandType='Text', CommandTimeout='30']
      SELECT d."Id", d."Capabilities", d."Config", d."CreatedAt", d."Name", d."Protocol", d."StationId", d."Status", d."Type"
      FROM "Devices" AS d
      WHERE d."Type" = 'modbus_rtu' AND d."Status" <> 'maintenance'
info: Microsoft.EntityFrameworkCore.Database.Command[20101]
      Executed DbCommand (2ms) [Parameters=[], CommandType='Text', CommandTimeout='30']
      SELECT d."Id", d."Capabilities", d."Config", d."CreatedAt", d."Name", d."Protocol", d."StationId", d."Status", d."Type"
      FROM "Devices" AS d
      WHERE d."Type" = 'modbus_tcp' AND d."Status" <> 'maintenance'
info: Microsoft.EntityFrameworkCore.Database.Command[20101]
      Executed DbCommand (3ms) [Parameters=[], CommandType='Text', CommandTimeout='30']
      SELECT d."Id", d."Capabilities", d."Config", d."CreatedAt", d."Name", d."Protocol", d."StationId", d."Status", d."Type"
      FROM "Devices" AS d
      WHERE d."Type" = 'iec104' AND d."Status" <> 'maintenance'
info: Microsoft.EntityFrameworkCore.Database.Command[20101]
      Executed DbCommand (3ms) [Parameters=[], CommandType='Text', CommandTimeout='30']
      SELECT d."Id", d."Capabilities", d."Config", d."CreatedAt", d."Name", d."Protocol", d."StationId", d."Status", d."Type"
      FROM "Devices" AS d
      WHERE d."Type" = 'modbus_rtu' AND d."Status" <> 'maintenance'
info: Microsoft.EntityFrameworkCore.Database.Command[20101]
      Executed DbCommand (3ms) [Parameters=[], CommandType='Text', CommandTimeout='30']
      SELECT d."Id", d."Capabilities", d."Config", d."CreatedAt", d."Name", d."Protocol", d."StationId", d."Status", d."Type"
      FROM "Devices" AS d
      WHERE d."Type" = 'modbus_tcp' AND d."Status" <> 'maintenance'
info: Microsoft.EntityFrameworkCore.Database.Command[20101]
      Executed DbCommand (8ms) [Parameters=[], CommandType='Text', CommandTimeout='30']
      SELECT s."Id", s."Key", s."StationId", s."UpdatedAt", s."UpdatedBy", s."Value"
      FROM "SystemSettings" AS s
      WHERE s."Key" = 'camera_filter_time_s'
      LIMIT 1
info: Microsoft.EntityFrameworkCore.Database.Command[20101]
      Executed DbCommand (15ms) [Parameters=[], CommandType='Text', CommandTimeout='30']
      SELECT r."Id", r."Actions", r."Condition", r."CreatedAt", r."CreatedBy", r."DeviceId", r."Enabled", r."Name", r."RuleSet", r."StationId"
      FROM "Rules" AS r
      WHERE r."Enabled"
info: Microsoft.EntityFrameworkCore.Database.Command[20101]
      Executed DbCommand (2ms) [Parameters=[], CommandType='Text', CommandTimeout='30']
      SELECT d."Id", d."Capabilities", d."Config", d."CreatedAt", d."Name", d."Protocol", d."StationId", d."Status", d."Type"
      FROM "Devices" AS d
      WHERE d."Type" = 'iec104' AND d."Status" <> 'maintenance'
info: Microsoft.EntityFrameworkCore.Database.Command[20101]
      Executed DbCommand (3ms) [Parameters=[], CommandType='Text', CommandTimeout='30']
      SELECT d."Id", d."Capabilities", d."Config", d."CreatedAt", d."Name", d."Protocol", d."StationId", d."Status", d."Type"
      FROM "Devices" AS d
      WHERE d."Type" = 'modbus_rtu' AND d."Status" <> 'maintenance'
info: Microsoft.EntityFrameworkCore.Database.Command[20101]
      Executed DbCommand (3ms) [Parameters=[], CommandType='Text', CommandTimeout='30']
      SELECT d."Id", d."Capabilities", d."Config", d."CreatedAt", d."Name", d."Protocol", d."StationId", d."Status", d."Type"
      FROM "Devices" AS d
      WHERE d."Type" = 'modbus_tcp' AND d."Status" <> 'maintenance'
info: Microsoft.EntityFrameworkCore.Database.Command[20101]
      Executed DbCommand (3ms) [Parameters=[], CommandType='Text', CommandTimeout='30']
      SELECT d."Id", d."Capabilities", d."Config", d."CreatedAt", d."Name", d."Protocol", d."StationId", d."Status", d."Type"
      FROM "Devices" AS d
      WHERE d."Type" = 'iec104' AND d."Status" <> 'maintenance'
info: Microsoft.EntityFrameworkCore.Database.Command[20101]
      Executed DbCommand (3ms) [Parameters=[], CommandType='Text', CommandTimeout='30']
      SELECT d."Id", d."Capabilities", d."Config", d."CreatedAt", d."Name", d."Protocol", d."StationId", d."Status", d."Type"
      FROM "Devices" AS d
      WHERE d."Type" = 'plc_s7'
info: Microsoft.EntityFrameworkCore.Database.Command[20101]
      Executed DbCommand (2ms) [Parameters=[], CommandType='Text', CommandTimeout='30']
      SELECT d."Id", d."Capabilities", d."Config", d."CreatedAt", d."Name", d."Protocol", d."StationId", d."Status", d."Type"
      FROM "Devices" AS d
      WHERE d."Type" = 'modbus_rtu' AND d."Status" <> 'maintenance'
info: Microsoft.EntityFrameworkCore.Database.Command[20101]
      Executed DbCommand (2ms) [Parameters=[], CommandType='Text', CommandTimeout='30']
      SELECT d."Id", d."Capabilities", d."Config", d."CreatedAt", d."Name", d."Protocol", d."StationId", d."Status", d."Type"
      FROM "Devices" AS d
      WHERE d."Type" = 'modbus_tcp' AND d."Status" <> 'maintenance'
info: Microsoft.EntityFrameworkCore.Database.Command[20101]
      Executed DbCommand (3ms) [Parameters=[], CommandType='Text', CommandTimeout='30']
      SELECT d."Id", d."Capabilities", d."Config", d."CreatedAt", d."Name", d."Protocol", d."StationId", d."Status", d."Type"
      FROM "Devices" AS d
      WHERE d."Type" = 'iec104' AND d."Status" <> 'maintenance'
info: Microsoft.EntityFrameworkCore.Database.Command[20101]
      Executed DbCommand (3ms) [Parameters=[], CommandType='Text', CommandTimeout='30']
      SELECT d."Id", d."Capabilities", d."Config", d."CreatedAt", d."Name", d."Protocol", d."StationId", d."Status", d."Type"
      FROM "Devices" AS d
      WHERE d."Type" = 'modbus_rtu' AND d."Status" <> 'maintenance'
info: Microsoft.EntityFrameworkCore.Database.Command[20101]
      Executed DbCommand (3ms) [Parameters=[], CommandType='Text', CommandTimeout='30']
      SELECT d."Id", d."Capabilities", d."Config", d."CreatedAt", d."Name", d."Protocol", d."StationId", d."Status", d."Type"
      FROM "Devices" AS d
      WHERE d."Type" = 'modbus_tcp' AND d."Status" <> 'maintenance'
info: Microsoft.EntityFrameworkCore.Database.Command[20101]
      Executed DbCommand (3ms) [Parameters=[], CommandType='Text', CommandTimeout='30']
      SELECT d."Id", d."Capabilities", d."Config", d."CreatedAt", d."Name", d."Protocol", d."StationId", d."Status", d."Type"
      FROM "Devices" AS d
      WHERE d."Type" = 'iec104' AND d."Status" <> 'maintenance'
info: Microsoft.EntityFrameworkCore.Database.Command[20101]
      Executed DbCommand (3ms) [Parameters=[], CommandType='Text', CommandTimeout='30']
      SELECT d."Id", d."Capabilities", d."Config", d."CreatedAt", d."Name", d."Protocol", d."StationId", d."Status", d."Type"
      FROM "Devices" AS d
      WHERE d."Type" = 'modbus_rtu' AND d."Status" <> 'maintenance'
info: Microsoft.EntityFrameworkCore.Database.Command[20101]
      Executed DbCommand (2ms) [Parameters=[], CommandType='Text', CommandTimeout='30']
      SELECT d."Id", d."Capabilities", d."Config", d."CreatedAt", d."Name", d."Protocol", d."StationId", d."Status", d."Type"
      FROM "Devices" AS d
      WHERE d."Type" = 'modbus_tcp' AND d."Status" <> 'maintenance'
info: Microsoft.EntityFrameworkCore.Database.Command[20101]
      Executed DbCommand (2ms) [Parameters=[], CommandType='Text', CommandTimeout='30']
      SELECT d."Id", d."Capabilities", d."Config", d."CreatedAt", d."Name", d."Protocol", d."StationId", d."Status", d."Type"
      FROM "Devices" AS d
      WHERE d."Type" = 'iec104' AND d."Status" <> 'maintenance'
info: Microsoft.EntityFrameworkCore.Database.Command[20101]
      Executed DbCommand (2ms) [Parameters=[], CommandType='Text', CommandTimeout='30']
      SELECT d."Id", d."Capabilities", d."Config", d."CreatedAt", d."Name", d."Protocol", d."StationId", d."Status", d."Type"
      FROM "Devices" AS d
      WHERE d."Type" = 'plc_s7'
info: Microsoft.EntityFrameworkCore.Database.Command[20101]
      Executed DbCommand (2ms) [Parameters=[], CommandType='Text', CommandTimeout='30']
      SELECT d."Id", d."Capabilities", d."Config", d."CreatedAt", d."Name", d."Protocol", d."StationId", d."Status", d."Type"
      FROM "Devices" AS d
      WHERE d."Type" = 'modbus_rtu' AND d."Status" <> 'maintenance'
info: Microsoft.EntityFrameworkCore.Database.Command[20101]
      Executed DbCommand (2ms) [Parameters=[], CommandType='Text', CommandTimeout='30']
      SELECT d."Id", d."Capabilities", d."Config", d."CreatedAt", d."Name", d."Protocol", d."StationId", d."Status", d."Type"
      FROM "Devices" AS d
      WHERE d."Type" = 'modbus_tcp' AND d."Status" <> 'maintenance'
info: Microsoft.EntityFrameworkCore.Database.Command[20101]
      Executed DbCommand (7ms) [Parameters=[], CommandType='Text', CommandTimeout='30']
      SELECT s."Id", s."Key", s."StationId", s."UpdatedAt", s."UpdatedBy", s."Value"
      FROM "SystemSettings" AS s
      WHERE s."Key" = 'camera_filter_time_s'
      LIMIT 1
info: Microsoft.EntityFrameworkCore.Database.Command[20101]
      Executed DbCommand (2ms) [Parameters=[], CommandType='Text', CommandTimeout='30']
      SELECT r."Id", r."Actions", r."Condition", r."CreatedAt", r."CreatedBy", r."DeviceId", r."Enabled", r."Name", r."RuleSet", r."StationId"
      FROM "Rules" AS r
      WHERE r."Enabled"
info: Microsoft.EntityFrameworkCore.Database.Command[20101]
      Executed DbCommand (2ms) [Parameters=[], CommandType='Text', CommandTimeout='30']
      SELECT d."Id", d."Capabilities", d."Config", d."CreatedAt", d."Name", d."Protocol", d."StationId", d."Status", d."Type"
      FROM "Devices" AS d
      WHERE d."Type" = 'iec104' AND d."Status" <> 'maintenance'
info: Microsoft.EntityFrameworkCore.Database.Command[20101]
      Executed DbCommand (2ms) [Parameters=[], CommandType='Text', CommandTimeout='30']
      SELECT d."Id", d."Capabilities", d."Config", d."CreatedAt", d."Name", d."Protocol", d."StationId", d."Status", d."Type"
      FROM "Devices" AS d
      WHERE d."Type" = 'modbus_rtu' AND d."Status" <> 'maintenance'
info: Microsoft.EntityFrameworkCore.Database.Command[20101]
      Executed DbCommand (2ms) [Parameters=[], CommandType='Text', CommandTimeout='30']
      SELECT d."Id", d."Capabilities", d."Config", d."CreatedAt", d."Name", d."Protocol", d."StationId", d."Status", d."Type"
      FROM "Devices" AS d
      WHERE d."Type" = 'modbus_tcp' AND d."Status" <> 'maintenance'
info: Microsoft.EntityFrameworkCore.Database.Command[20101]
      Executed DbCommand (2ms) [Parameters=[], CommandType='Text', CommandTimeout='30']
      SELECT d."Id", d."Capabilities", d."Config", d."CreatedAt", d."Name", d."Protocol", d."StationId", d."Status", d."Type"
      FROM "Devices" AS d
      WHERE d."Type" = 'iec104' AND d."Status" <> 'maintenance'
info: Microsoft.EntityFrameworkCore.Database.Command[20101]
      Executed DbCommand (2ms) [Parameters=[], CommandType='Text', CommandTimeout='30']
      SELECT d."Id", d."Capabilities", d."Config", d."CreatedAt", d."Name", d."Protocol", d."StationId", d."Status", d."Type"
      FROM "Devices" AS d
      WHERE d."Type" = 'modbus_rtu' AND d."Status" <> 'maintenance'
info: Microsoft.EntityFrameworkCore.Database.Command[20101]
      Executed DbCommand (2ms) [Parameters=[], CommandType='Text', CommandTimeout='30']
      SELECT d."Id", d."Capabilities", d."Config", d."CreatedAt", d."Name", d."Protocol", d."StationId", d."Status", d."Type"
      FROM "Devices" AS d
      WHERE d."Type" = 'modbus_tcp' AND d."Status" <> 'maintenance'
info: Microsoft.EntityFrameworkCore.Database.Command[20101]
      Executed DbCommand (2ms) [Parameters=[], CommandType='Text', CommandTimeout='30']
      SELECT d."Id", d."Capabilities", d."Config", d."CreatedAt", d."Name", d."Protocol", d."StationId", d."Status", d."Type"
      FROM "Devices" AS d
      WHERE d."Type" = 'plc_s7'
info: Microsoft.EntityFrameworkCore.Database.Command[20101]
      Executed DbCommand (2ms) [Parameters=[], CommandType='Text', CommandTimeout='30']
      SELECT d."Id", d."Capabilities", d."Config", d."CreatedAt", d."Name", d."Protocol", d."StationId", d."Status", d."Type"
      FROM "Devices" AS d
      WHERE d."Type" = 'iec104' AND d."Status" <> 'maintenance'
info: Microsoft.EntityFrameworkCore.Database.Command[20101]
      Executed DbCommand (2ms) [Parameters=[], CommandType='Text', CommandTimeout='30']
      SELECT d."Id", d."Capabilities", d."Config", d."CreatedAt", d."Name", d."Protocol", d."StationId", d."Status", d."Type"
      FROM "Devices" AS d
      WHERE d."Type" = 'modbus_rtu' AND d."Status" <> 'maintenance'
info: Microsoft.EntityFrameworkCore.Database.Command[20101]
      Executed DbCommand (2ms) [Parameters=[], CommandType='Text', CommandTimeout='30']
      SELECT d."Id", d."Capabilities", d."Config", d."CreatedAt", d."Name", d."Protocol", d."StationId", d."Status", d."Type"
      FROM "Devices" AS d
      WHERE d."Type" = 'modbus_tcp' AND d."Status" <> 'maintenance'
info: Microsoft.EntityFrameworkCore.Database.Command[20101]
      Executed DbCommand (2ms) [Parameters=[], CommandType='Text', CommandTimeout='30']
      SELECT d."Id", d."Capabilities", d."Config", d."CreatedAt", d."Name", d."Protocol", d."StationId", d."Status", d."Type"
      FROM "Devices" AS d
      WHERE d."Type" = 'iec104' AND d."Status" <> 'maintenance'
info: Microsoft.EntityFrameworkCore.Database.Command[20101]
      Executed DbCommand (2ms) [Parameters=[], CommandType='Text', CommandTimeout='30']
      SELECT d."Id", d."Capabilities", d."Config", d."CreatedAt", d."Name", d."Protocol", d."StationId", d."Status", d."Type"
      FROM "Devices" AS d
      WHERE d."Type" = 'modbus_rtu' AND d."Status" <> 'maintenance'
info: Microsoft.EntityFrameworkCore.Database.Command[20101]
      Executed DbCommand (2ms) [Parameters=[], CommandType='Text', CommandTimeout='30']
      SELECT d."Id", d."Capabilities", d."Config", d."CreatedAt", d."Name", d."Protocol", d."StationId", d."Status", d."Type"
      FROM "Devices" AS d
      WHERE d."Type" = 'modbus_tcp' AND d."Status" <> 'maintenance'
info: Microsoft.EntityFrameworkCore.Database.Command[20101]
      Executed DbCommand (2ms) [Parameters=[], CommandType='Text', CommandTimeout='30']
      SELECT s."Id", s."Key", s."StationId", s."UpdatedAt", s."UpdatedBy", s."Value"
      FROM "SystemSettings" AS s
      WHERE s."Key" = 'mqtt_config'
      LIMIT 1
info: Microsoft.EntityFrameworkCore.Database.Command[20101]
      Executed DbCommand (2ms) [Parameters=[], CommandType='Text', CommandTimeout='30']
      SELECT d."Id", d."Capabilities", d."Config", d."CreatedAt", d."Name", d."Protocol", d."StationId", d."Status", d."Type"
      FROM "Devices" AS d
      WHERE d."Type" = 'iec104' AND d."Status" <> 'maintenance'
info: Microsoft.EntityFrameworkCore.Database.Command[20101]
      Executed DbCommand (2ms) [Parameters=[], CommandType='Text', CommandTimeout='30']
      SELECT d."Id", d."Capabilities", d."Config", d."CreatedAt", d."Name", d."Protocol", d."StationId", d."Status", d."Type"
      FROM "Devices" AS d
      WHERE d."Type" = 'modbus_rtu' AND d."Status" <> 'maintenance'
info: Microsoft.EntityFrameworkCore.Database.Command[20101]
      Executed DbCommand (2ms) [Parameters=[], CommandType='Text', CommandTimeout='30']
      SELECT d."Id", d."Capabilities", d."Config", d."CreatedAt", d."Name", d."Protocol", d."StationId", d."Status", d."Type"
      FROM "Devices" AS d
      WHERE d."Type" = 'modbus_tcp' AND d."Status" <> 'maintenance'
info: Microsoft.EntityFrameworkCore.Database.Command[20101]
      Executed DbCommand (5ms) [Parameters=[], CommandType='Text', CommandTimeout='30']
      SELECT s."Id", s."Key", s."StationId", s."UpdatedAt", s."UpdatedBy", s."Value"
      FROM "SystemSettings" AS s
      WHERE s."Key" = 'camera_filter_time_s'
      LIMIT 1
info: Microsoft.EntityFrameworkCore.Database.Command[20101]
      Executed DbCommand (6ms) [Parameters=[], CommandType='Text', CommandTimeout='30']
      SELECT r."Id", r."Actions", r."Condition", r."CreatedAt", r."CreatedBy", r."DeviceId", r."Enabled", r."Name", r."RuleSet", r."StationId"
      FROM "Rules" AS r
      WHERE r."Enabled"
info: Microsoft.EntityFrameworkCore.Database.Command[20101]
      Executed DbCommand (2ms) [Parameters=[], CommandType='Text', CommandTimeout='30']
      SELECT d."Id", d."Capabilities", d."Config", d."CreatedAt", d."Name", d."Protocol", d."StationId", d."Status", d."Type"
      FROM "Devices" AS d
      WHERE d."Type" = 'plc_s7'
info: Microsoft.EntityFrameworkCore.Database.Command[20101]
      Executed DbCommand (2ms) [Parameters=[], CommandType='Text', CommandTimeout='30']
      SELECT d."Id", d."Capabilities", d."Config", d."CreatedAt", d."Name", d."Protocol", d."StationId", d."Status", d."Type"
      FROM "Devices" AS d
      WHERE d."Type" = 'iec104' AND d."Status" <> 'maintenance'
info: Microsoft.EntityFrameworkCore.Database.Command[20101]
      Executed DbCommand (1ms) [Parameters=[], CommandType='Text', CommandTimeout='30']
      SELECT d."Id", d."Capabilities", d."Config", d."CreatedAt", d."Name", d."Protocol", d."StationId", d."Status", d."Type"
      FROM "Devices" AS d
      WHERE d."Type" = 'modbus_rtu' AND d."Status" <> 'maintenance'
info: Microsoft.EntityFrameworkCore.Database.Command[20101]
      Executed DbCommand (2ms) [Parameters=[], CommandType='Text', CommandTimeout='30']
      SELECT d."Id", d."Capabilities", d."Config", d."CreatedAt", d."Name", d."Protocol", d."StationId", d."Status", d."Type"
      FROM "Devices" AS d
      WHERE d."Type" = 'modbus_tcp' AND d."Status" <> 'maintenance'
info: Microsoft.EntityFrameworkCore.Database.Command[20101]
      Executed DbCommand (2ms) [Parameters=[], CommandType='Text', CommandTimeout='30']
      SELECT d."Id", d."Capabilities", d."Config", d."CreatedAt", d."Name", d."Protocol", d."StationId", d."Status", d."Type"
      FROM "Devices" AS d
      WHERE d."Type" = 'iec104' AND d."Status" <> 'maintenance'
info: Microsoft.EntityFrameworkCore.Database.Command[20101]
      Executed DbCommand (2ms) [Parameters=[], CommandType='Text', CommandTimeout='30']
      SELECT d."Id", d."Capabilities", d."Config", d."CreatedAt", d."Name", d."Protocol", d."StationId", d."Status", d."Type"
      FROM "Devices" AS d
      WHERE d."Type" = 'modbus_rtu' AND d."Status" <> 'maintenance'
info: Microsoft.EntityFrameworkCore.Database.Command[20101]
      Executed DbCommand (2ms) [Parameters=[], CommandType='Text', CommandTimeout='30']
      SELECT d."Id", d."Capabilities", d."Config", d."CreatedAt", d."Name", d."Protocol", d."StationId", d."Status", d."Type"
      FROM "Devices" AS d
      WHERE d."Type" = 'modbus_tcp' AND d."Status" <> 'maintenance'
info: Microsoft.EntityFrameworkCore.Database.Command[20101]
      Executed DbCommand (2ms) [Parameters=[], CommandType='Text', CommandTimeout='30']
      SELECT d."Id", d."Capabilities", d."Config", d."CreatedAt", d."Name", d."Protocol", d."StationId", d."Status", d."Type"
      FROM "Devices" AS d
      WHERE d."Type" = 'iec104' AND d."Status" <> 'maintenance'
info: Microsoft.EntityFrameworkCore.Database.Command[20101]
      Executed DbCommand (2ms) [Parameters=[], CommandType='Text', CommandTimeout='30']
      SELECT d."Id", d."Capabilities", d."Config", d."CreatedAt", d."Name", d."Protocol", d."StationId", d."Status", d."Type"
      FROM "Devices" AS d
      WHERE d."Type" = 'modbus_rtu' AND d."Status" <> 'maintenance'
info: Microsoft.EntityFrameworkCore.Database.Command[20101]
      Executed DbCommand (2ms) [Parameters=[], CommandType='Text', CommandTimeout='30']
      SELECT d."Id", d."Capabilities", d."Config", d."CreatedAt", d."Name", d."Protocol", d."StationId", d."Status", d."Type"
      FROM "Devices" AS d
      WHERE d."Type" = 'modbus_tcp' AND d."Status" <> 'maintenance'
info: Microsoft.EntityFrameworkCore.Database.Command[20101]
      Executed DbCommand (2ms) [Parameters=[], CommandType='Text', CommandTimeout='30']
      SELECT d."Id", d."Capabilities", d."Config", d."CreatedAt", d."Name", d."Protocol", d."StationId", d."Status", d."Type"
      FROM "Devices" AS d
      WHERE d."Type" = 'plc_s7'
info: Microsoft.EntityFrameworkCore.Database.Command[20101]
      Executed DbCommand (2ms) [Parameters=[], CommandType='Text', CommandTimeout='30']
      SELECT d."Id", d."Capabilities", d."Config", d."CreatedAt", d."Name", d."Protocol", d."StationId", d."Status", d."Type"
      FROM "Devices" AS d
      WHERE d."Type" = 'iec104' AND d."Status" <> 'maintenance'
info: Microsoft.EntityFrameworkCore.Database.Command[20101]
      Executed DbCommand (2ms) [Parameters=[], CommandType='Text', CommandTimeout='30']
      SELECT d."Id", d."Capabilities", d."Config", d."CreatedAt", d."Name", d."Protocol", d."StationId", d."Status", d."Type"
      FROM "Devices" AS d
      WHERE d."Type" = 'modbus_rtu' AND d."Status" <> 'maintenance'
info: Microsoft.EntityFrameworkCore.Database.Command[20101]
      Executed DbCommand (2ms) [Parameters=[], CommandType='Text', CommandTimeout='30']
      SELECT d."Id", d."Capabilities", d."Config", d."CreatedAt", d."Name", d."Protocol", d."StationId", d."Status", d."Type"
      FROM "Devices" AS d
      WHERE d."Type" = 'modbus_tcp' AND d."Status" <> 'maintenance'
info: Microsoft.EntityFrameworkCore.Database.Command[20101]
      Executed DbCommand (2ms) [Parameters=[], CommandType='Text', CommandTimeout='30']
      SELECT d."Id", d."Capabilities", d."Config", d."CreatedAt", d."Name", d."Protocol", d."StationId", d."Status", d."Type"
      FROM "Devices" AS d
      WHERE d."Type" = 'iec104' AND d."Status" <> 'maintenance'
info: Microsoft.EntityFrameworkCore.Database.Command[20101]
      Executed DbCommand (2ms) [Parameters=[], CommandType='Text', CommandTimeout='30']
      SELECT d."Id", d."Capabilities", d."Config", d."CreatedAt", d."Name", d."Protocol", d."StationId", d."Status", d."Type"
      FROM "Devices" AS d
      WHERE d."Type" = 'modbus_rtu' AND d."Status" <> 'maintenance'
info: Microsoft.EntityFrameworkCore.Database.Command[20101]
      Executed DbCommand (2ms) [Parameters=[], CommandType='Text', CommandTimeout='30']
      SELECT d."Id", d."Capabilities", d."Config", d."CreatedAt", d."Name", d."Protocol", d."StationId", d."Status", d."Type"
      FROM "Devices" AS d
      WHERE d."Type" = 'modbus_tcp' AND d."Status" <> 'maintenance'
info: Microsoft.EntityFrameworkCore.Database.Command[20101]
      Executed DbCommand (2ms) [Parameters=[], CommandType='Text', CommandTimeout='30']
      SELECT s."Id", s."Key", s."StationId", s."UpdatedAt", s."UpdatedBy", s."Value"
      FROM "SystemSettings" AS s
      WHERE s."Key" = 'camera_filter_time_s'
      LIMIT 1
info: Microsoft.EntityFrameworkCore.Database.Command[20101]
      Executed DbCommand (2ms) [Parameters=[], CommandType='Text', CommandTimeout='30']
      SELECT r."Id", r."Actions", r."Condition", r."CreatedAt", r."CreatedBy", r."DeviceId", r."Enabled", r."Name", r."RuleSet", r."StationId"
      FROM "Rules" AS r
      WHERE r."Enabled"
info: Microsoft.EntityFrameworkCore.Database.Command[20101]
      Executed DbCommand (2ms) [Parameters=[], CommandType='Text', CommandTimeout='30']
      SELECT d."Id", d."Capabilities", d."Config", d."CreatedAt", d."Name", d."Protocol", d."StationId", d."Status", d."Type"
      FROM "Devices" AS d
      WHERE d."Type" = 'iec104' AND d."Status" <> 'maintenance'
info: Microsoft.EntityFrameworkCore.Database.Command[20101]
      Executed DbCommand (2ms) [Parameters=[], CommandType='Text', CommandTimeout='30']
      SELECT d."Id", d."Capabilities", d."Config", d."CreatedAt", d."Name", d."Protocol", d."StationId", d."Status", d."Type"
      FROM "Devices" AS d
      WHERE d."Type" = 'modbus_rtu' AND d."Status" <> 'maintenance'
info: Microsoft.EntityFrameworkCore.Database.Command[20101]
      Executed DbCommand (2ms) [Parameters=[], CommandType='Text', CommandTimeout='30']
      SELECT d."Id", d."Capabilities", d."Config", d."CreatedAt", d."Name", d."Protocol", d."StationId", d."Status", d."Type"
      FROM "Devices" AS d
      WHERE d."Type" = 'modbus_tcp' AND d."Status" <> 'maintenance'
info: Microsoft.EntityFrameworkCore.Database.Command[20101]
      Executed DbCommand (2ms) [Parameters=[], CommandType='Text', CommandTimeout='30']
      SELECT d."Id", d."Capabilities", d."Config", d."CreatedAt", d."Name", d."Protocol", d."StationId", d."Status", d."Type"
      FROM "Devices" AS d
      WHERE d."Type" = 'plc_s7'
info: Microsoft.EntityFrameworkCore.Database.Command[20101]
      Executed DbCommand (2ms) [Parameters=[], CommandType='Text', CommandTimeout='30']
      SELECT d."Id", d."Capabilities", d."Config", d."CreatedAt", d."Name", d."Protocol", d."StationId", d."Status", d."Type"
      FROM "Devices" AS d
      WHERE d."Type" = 'iec104' AND d."Status" <> 'maintenance'
info: Microsoft.EntityFrameworkCore.Database.Command[20101]
      Executed DbCommand (2ms) [Parameters=[], CommandType='Text', CommandTimeout='30']
      SELECT d."Id", d."Capabilities", d."Config", d."CreatedAt", d."Name", d."Protocol", d."StationId", d."Status", d."Type"
      FROM "Devices" AS d
      WHERE d."Type" = 'modbus_rtu' AND d."Status" <> 'maintenance'
info: Microsoft.EntityFrameworkCore.Database.Command[20101]
      Executed DbCommand (2ms) [Parameters=[], CommandType='Text', CommandTimeout='30']
      SELECT d."Id", d."Capabilities", d."Config", d."CreatedAt", d."Name", d."Protocol", d."StationId", d."Status", d."Type"
      FROM "Devices" AS d
      WHERE d."Type" = 'modbus_tcp' AND d."Status" <> 'maintenance'
info: Microsoft.EntityFrameworkCore.Database.Command[20101]
      Executed DbCommand (2ms) [Parameters=[], CommandType='Text', CommandTimeout='30']
      SELECT d."Id", d."Capabilities", d."Config", d."CreatedAt", d."Name", d."Protocol", d."StationId", d."Status", d."Type"
      FROM "Devices" AS d
      WHERE d."Type" = 'iec104' AND d."Status" <> 'maintenance'
info: Microsoft.EntityFrameworkCore.Database.Command[20101]
      Executed DbCommand (2ms) [Parameters=[], CommandType='Text', CommandTimeout='30']
      SELECT d."Id", d."Capabilities", d."Config", d."CreatedAt", d."Name", d."Protocol", d."StationId", d."Status", d."Type"
      FROM "Devices" AS d
      WHERE d."Type" = 'modbus_rtu' AND d."Status" <> 'maintenance'
info: Microsoft.EntityFrameworkCore.Database.Command[20101]
      Executed DbCommand (2ms) [Parameters=[], CommandType='Text', CommandTimeout='30']
      SELECT d."Id", d."Capabilities", d."Config", d."CreatedAt", d."Name", d."Protocol", d."StationId", d."Status", d."Type"
      FROM "Devices" AS d
      WHERE d."Type" = 'modbus_tcp' AND d."Status" <> 'maintenance'
info: Microsoft.EntityFrameworkCore.Database.Command[20101]
      Executed DbCommand (2ms) [Parameters=[], CommandType='Text', CommandTimeout='30']
      SELECT d."Id", d."Capabilities", d."Config", d."CreatedAt", d."Name", d."Protocol", d."StationId", d."Status", d."Type"
      FROM "Devices" AS d
      WHERE d."Type" = 'iec104' AND d."Status" <> 'maintenance'
info: Microsoft.EntityFrameworkCore.Database.Command[20101]
      Executed DbCommand (2ms) [Parameters=[], CommandType='Text', CommandTimeout='30']
      SELECT d."Id", d."Capabilities", d."Config", d."CreatedAt", d."Name", d."Protocol", d."StationId", d."Status", d."Type"
      FROM "Devices" AS d
      WHERE d."Type" = 'modbus_rtu' AND d."Status" <> 'maintenance'
info: Microsoft.EntityFrameworkCore.Database.Command[20101]
      Executed DbCommand (2ms) [Parameters=[], CommandType='Text', CommandTimeout='30']
      SELECT d."Id", d."Capabilities", d."Config", d."CreatedAt", d."Name", d."Protocol", d."StationId", d."Status", d."Type"
      FROM "Devices" AS d
      WHERE d."Type" = 'modbus_tcp' AND d."Status" <> 'maintenance'
info: Microsoft.EntityFrameworkCore.Database.Command[20101]
      Executed DbCommand (2ms) [Parameters=[], CommandType='Text', CommandTimeout='30']
      SELECT d."Id", d."Capabilities", d."Config", d."CreatedAt", d."Name", d."Protocol", d."StationId", d."Status", d."Type"
      FROM "Devices" AS d
      WHERE d."Type" = 'plc_s7'
info: Microsoft.EntityFrameworkCore.Database.Command[20101]
      Executed DbCommand (2ms) [Parameters=[], CommandType='Text', CommandTimeout='30']
      SELECT d."Id", d."Capabilities", d."Config", d."CreatedAt", d."Name", d."Protocol", d."StationId", d."Status", d."Type"
      FROM "Devices" AS d
      WHERE d."Type" = 'iec104' AND d."Status" <> 'maintenance'
info: Microsoft.EntityFrameworkCore.Database.Command[20101]
      Executed DbCommand (2ms) [Parameters=[], CommandType='Text', CommandTimeout='30']
      SELECT d."Id", d."Capabilities", d."Config", d."CreatedAt", d."Name", d."Protocol", d."StationId", d."Status", d."Type"
      FROM "Devices" AS d
      WHERE d."Type" = 'modbus_rtu' AND d."Status" <> 'maintenance'
info: Microsoft.EntityFrameworkCore.Database.Command[20101]
      Executed DbCommand (2ms) [Parameters=[], CommandType='Text', CommandTimeout='30']
      SELECT d."Id", d."Capabilities", d."Config", d."CreatedAt", d."Name", d."Protocol", d."StationId", d."Status", d."Type"
      FROM "Devices" AS d
      WHERE d."Type" = 'modbus_tcp' AND d."Status" <> 'maintenance'
info: Microsoft.EntityFrameworkCore.Database.Command[20101]
      Executed DbCommand (6ms) [Parameters=[], CommandType='Text', CommandTimeout='30']
      SELECT s."Id", s."Key", s."StationId", s."UpdatedAt", s."UpdatedBy", s."Value"
      FROM "SystemSettings" AS s
      WHERE s."Key" = 'camera_filter_time_s'
      LIMIT 1
info: Microsoft.EntityFrameworkCore.Database.Command[20101]
      Executed DbCommand (6ms) [Parameters=[], CommandType='Text', CommandTimeout='30']
      SELECT r."Id", r."Actions", r."Condition", r."CreatedAt", r."CreatedBy", r."DeviceId", r."Enabled", r."Name", r."RuleSet", r."StationId"
      FROM "Rules" AS r
      WHERE r."Enabled"
info: Microsoft.EntityFrameworkCore.Database.Command[20101]
      Executed DbCommand (2ms) [Parameters=[], CommandType='Text', CommandTimeout='30']
      SELECT d."Id", d."Capabilities", d."Config", d."CreatedAt", d."Name", d."Protocol", d."StationId", d."Status", d."Type"
      FROM "Devices" AS d
      WHERE d."Type" = 'iec104' AND d."Status" <> 'maintenance'
info: Microsoft.EntityFrameworkCore.Database.Command[20101]
      Executed DbCommand (5ms) [Parameters=[], CommandType='Text', CommandTimeout='30']
      SELECT d."Id", d."Capabilities", d."Config", d."CreatedAt", d."Name", d."Protocol", d."StationId", d."Status", d."Type"
      FROM "Devices" AS d
      WHERE d."Type" = 'modbus_rtu' AND d."Status" <> 'maintenance'
info: Microsoft.EntityFrameworkCore.Database.Command[20101]
      Executed DbCommand (2ms) [Parameters=[], CommandType='Text', CommandTimeout='30']
      SELECT d."Id", d."Capabilities", d."Config", d."CreatedAt", d."Name", d."Protocol", d."StationId", d."Status", d."Type"
      FROM "Devices" AS d
      WHERE d."Type" = 'modbus_tcp' AND d."Status" <> 'maintenance'
info: Microsoft.EntityFrameworkCore.Database.Command[20101]
      Executed DbCommand (2ms) [Parameters=[], CommandType='Text', CommandTimeout='30']
      SELECT d."Id", d."Capabilities", d."Config", d."CreatedAt", d."Name", d."Protocol", d."StationId", d."Status", d."Type"
      FROM "Devices" AS d
      WHERE d."Type" = 'iec104' AND d."Status" <> 'maintenance'
info: Microsoft.EntityFrameworkCore.Database.Command[20101]
      Executed DbCommand (2ms) [Parameters=[], CommandType='Text', CommandTimeout='30']
      SELECT d."Id", d."Capabilities", d."Config", d."CreatedAt", d."Name", d."Protocol", d."StationId", d."Status", d."Type"
      FROM "Devices" AS d
      WHERE d."Type" = 'modbus_rtu' AND d."Status" <> 'maintenance'
info: Microsoft.EntityFrameworkCore.Database.Command[20101]
      Executed DbCommand (2ms) [Parameters=[], CommandType='Text', CommandTimeout='30']
      SELECT d."Id", d."Capabilities", d."Config", d."CreatedAt", d."Name", d."Protocol", d."StationId", d."Status", d."Type"
      FROM "Devices" AS d
      WHERE d."Type" = 'modbus_tcp' AND d."Status" <> 'maintenance'
info: Microsoft.EntityFrameworkCore.Database.Command[20101]
      Executed DbCommand (2ms) [Parameters=[], CommandType='Text', CommandTimeout='30']
      SELECT d."Id", d."Capabilities", d."Config", d."CreatedAt", d."Name", d."Protocol", d."StationId", d."Status", d."Type"
      FROM "Devices" AS d
      WHERE d."Type" = 'plc_s7'
info: Microsoft.EntityFrameworkCore.Database.Command[20101]
      Executed DbCommand (2ms) [Parameters=[], CommandType='Text', CommandTimeout='30']
      SELECT d."Id", d."Capabilities", d."Config", d."CreatedAt", d."Name", d."Protocol", d."StationId", d."Status", d."Type"
      FROM "Devices" AS d
      WHERE d."Type" = 'iec104' AND d."Status" <> 'maintenance'
info: Microsoft.EntityFrameworkCore.Database.Command[20101]
      Executed DbCommand (2ms) [Parameters=[], CommandType='Text', CommandTimeout='30']
      SELECT d."Id", d."Capabilities", d."Config", d."CreatedAt", d."Name", d."Protocol", d."StationId", d."Status", d."Type"
      FROM "Devices" AS d
      WHERE d."Type" = 'modbus_rtu' AND d."Status" <> 'maintenance'
info: Microsoft.EntityFrameworkCore.Database.Command[20101]
      Executed DbCommand (2ms) [Parameters=[], CommandType='Text', CommandTimeout='30']
      SELECT d."Id", d."Capabilities", d."Config", d."CreatedAt", d."Name", d."Protocol", d."StationId", d."Status", d."Type"
      FROM "Devices" AS d
      WHERE d."Type" = 'modbus_tcp' AND d."Status" <> 'maintenance'
info: Microsoft.EntityFrameworkCore.Database.Command[20101]
      Executed DbCommand (2ms) [Parameters=[], CommandType='Text', CommandTimeout='30']
      SELECT d."Id", d."Capabilities", d."Config", d."CreatedAt", d."Name", d."Protocol", d."StationId", d."Status", d."Type"
      FROM "Devices" AS d
      WHERE d."Type" = 'iec104' AND d."Status" <> 'maintenance'
info: Microsoft.EntityFrameworkCore.Database.Command[20101]
      Executed DbCommand (2ms) [Parameters=[], CommandType='Text', CommandTimeout='30']
      SELECT d."Id", d."Capabilities", d."Config", d."CreatedAt", d."Name", d."Protocol", d."StationId", d."Status", d."Type"
      FROM "Devices" AS d
      WHERE d."Type" = 'modbus_rtu' AND d."Status" <> 'maintenance'
info: Microsoft.EntityFrameworkCore.Database.Command[20101]
      Executed DbCommand (2ms) [Parameters=[], CommandType='Text', CommandTimeout='30']
      SELECT d."Id", d."Capabilities", d."Config", d."CreatedAt", d."Name", d."Protocol", d."StationId", d."Status", d."Type"
      FROM "Devices" AS d
      WHERE d."Type" = 'modbus_tcp' AND d."Status" <> 'maintenance'
info: Microsoft.EntityFrameworkCore.Database.Command[20101]
      Executed DbCommand (2ms) [Parameters=[], CommandType='Text', CommandTimeout='30']
      SELECT d."Id", d."Capabilities", d."Config", d."CreatedAt", d."Name", d."Protocol", d."StationId", d."Status", d."Type"
      FROM "Devices" AS d
      WHERE d."Type" = 'iec104' AND d."Status" <> 'maintenance'
info: Microsoft.EntityFrameworkCore.Database.Command[20101]
      Executed DbCommand (2ms) [Parameters=[], CommandType='Text', CommandTimeout='30']
      SELECT d."Id", d."Capabilities", d."Config", d."CreatedAt", d."Name", d."Protocol", d."StationId", d."Status", d."Type"
      FROM "Devices" AS d
      WHERE d."Type" = 'modbus_rtu' AND d."Status" <> 'maintenance'
info: Microsoft.EntityFrameworkCore.Database.Command[20101]
      Executed DbCommand (2ms) [Parameters=[], CommandType='Text', CommandTimeout='30']
      SELECT d."Id", d."Capabilities", d."Config", d."CreatedAt", d."Name", d."Protocol", d."StationId", d."Status", d."Type"
      FROM "Devices" AS d
      WHERE d."Type" = 'modbus_tcp' AND d."Status" <> 'maintenance'
info: Microsoft.EntityFrameworkCore.Database.Command[20101]
      Executed DbCommand (2ms) [Parameters=[], CommandType='Text', CommandTimeout='30']
      SELECT s."Id", s."Key", s."StationId", s."UpdatedAt", s."UpdatedBy", s."Value"
      FROM "SystemSettings" AS s
      WHERE s."Key" = 'camera_filter_time_s'
      LIMIT 1
info: Microsoft.EntityFrameworkCore.Database.Command[20101]
      Executed DbCommand (6ms) [Parameters=[], CommandType='Text', CommandTimeout='30']
      SELECT r."Id", r."Actions", r."Condition", r."CreatedAt", r."CreatedBy", r."DeviceId", r."Enabled", r."Name", r."RuleSet", r."StationId"
      FROM "Rules" AS r
      WHERE r."Enabled"
info: Microsoft.EntityFrameworkCore.Database.Command[20101]
      Executed DbCommand (2ms) [Parameters=[], CommandType='Text', CommandTimeout='30']
      SELECT d."Id", d."Capabilities", d."Config", d."CreatedAt", d."Name", d."Protocol", d."StationId", d."Status", d."Type"
      FROM "Devices" AS d
      WHERE d."Type" = 'plc_s7'
info: Microsoft.EntityFrameworkCore.Database.Command[20101]
      Executed DbCommand (2ms) [Parameters=[], CommandType='Text', CommandTimeout='30']
      SELECT d."Id", d."Capabilities", d."Config", d."CreatedAt", d."Name", d."Protocol", d."StationId", d."Status", d."Type"
      FROM "Devices" AS d
      WHERE d."Type" = 'iec104' AND d."Status" <> 'maintenance'
info: Microsoft.EntityFrameworkCore.Database.Command[20101]
      Executed DbCommand (2ms) [Parameters=[], CommandType='Text', CommandTimeout='30']
      SELECT d."Id", d."Capabilities", d."Config", d."CreatedAt", d."Name", d."Protocol", d."StationId", d."Status", d."Type"
      FROM "Devices" AS d
      WHERE d."Type" = 'modbus_rtu' AND d."Status" <> 'maintenance'
info: Microsoft.EntityFrameworkCore.Database.Command[20101]
      Executed DbCommand (2ms) [Parameters=[], CommandType='Text', CommandTimeout='30']
      SELECT d."Id", d."Capabilities", d."Config", d."CreatedAt", d."Name", d."Protocol", d."StationId", d."Status", d."Type"
      FROM "Devices" AS d
      WHERE d."Type" = 'modbus_tcp' AND d."Status" <> 'maintenance'
info: Microsoft.EntityFrameworkCore.Database.Command[20101]
      Executed DbCommand (4ms) [Parameters=[@__username_0='?'], CommandType='Text', CommandTimeout='30']
      SELECT u."Id", u."CreatedAt", u."Email", u."FullName", u."IsActive", u."PasswordHash", u."Role", u."StationIds", u."Username"
      FROM "Users" AS u
      WHERE u."Username" = @__username_0 AND u."IsActive"
      LIMIT 1
info: Microsoft.EntityFrameworkCore.Database.Command[20101]
      Executed DbCommand (2ms) [Parameters=[], CommandType='Text', CommandTimeout='30']
      SELECT d."Id", d."Capabilities", d."Config", d."CreatedAt", d."Name", d."Protocol", d."StationId", d."Status", d."Type"
      FROM "Devices" AS d
      WHERE d."Type" = 'iec104' AND d."Status" <> 'maintenance'
info: Microsoft.EntityFrameworkCore.Database.Command[20101]
      Executed DbCommand (39ms) [Parameters=[@p0='?' (DbType = Guid), @p1='?', @p2='?', @p3='?' (DbType = DateTime), @p4='?', @p5='?' (DbType = Guid), @p6='?'], CommandType='Text', CommandTimeout='30']
      INSERT INTO "LoginLogs" ("Id", "Action", "IpAddress", "Ts", "UserAgent", "UserId", "Username")
      VALUES (@p0, @p1, @p2, @p3, @p4, @p5, @p6);
info: Microsoft.EntityFrameworkCore.Database.Command[20101]
      Executed DbCommand (4ms) [Parameters=[], CommandType='Text', CommandTimeout='30']
      SELECT l."Id", l."ActivatedAt", l."ExpiresAt", l."IsActive", l."Key", l."MaxUsers", l."Tier"
      FROM "Licenses" AS l
      WHERE l."IsActive"
      ORDER BY l."ActivatedAt" DESC
      LIMIT 1
info: Microsoft.EntityFrameworkCore.Database.Command[20101]
      Executed DbCommand (5ms) [Parameters=[], CommandType='Text', CommandTimeout='30']
      SELECT s."Id", s."Code", s."CreatedAt", s."Location", s."Name", s."Status"
      FROM "Stations" AS s
      LIMIT 1
info: Microsoft.EntityFrameworkCore.Database.Command[20101]
      Executed DbCommand (2ms) [Parameters=[], CommandType='Text', CommandTimeout='30']
      SELECT d."Id", d."Capabilities", d."Config", d."CreatedAt", d."Name", d."Protocol", d."StationId", d."Status", d."Type"
      FROM "Devices" AS d
      WHERE d."Type" = 'modbus_rtu' AND d."Status" <> 'maintenance'
info: Microsoft.EntityFrameworkCore.Database.Command[20101]
      Executed DbCommand (6ms) [Parameters=[@__station_Id_0='?' (DbType = Guid), @__key_1='?'], CommandType='Text', CommandTimeout='30']
      SELECT s."Id", s."Key", s."StationId", s."UpdatedAt", s."UpdatedBy", s."Value"
      FROM "SystemSettings" AS s
      WHERE s."StationId" = @__station_Id_0 AND s."Key" = @__key_1
      LIMIT 1
info: Microsoft.EntityFrameworkCore.Database.Command[20101]
      Executed DbCommand (8ms) [Parameters=[@p2='?' (DbType = Guid), @p0='?' (DbType = DateTime), @p1='?' (DbType = Object)], CommandType='Text', CommandTimeout='30']
      UPDATE "SystemSettings" SET "UpdatedAt" = @p0, "Value" = @p1
      WHERE "Id" = @p2;
info: Microsoft.EntityFrameworkCore.Database.Command[20101]
      Executed DbCommand (6ms) [Parameters=[], CommandType='Text', CommandTimeout='30']
      SELECT s."Id", s."Name", s."Code", s."Location", s."Status", s."CreatedAt"
      FROM "Stations" AS s
      ORDER BY s."Name"
info: Microsoft.EntityFrameworkCore.Database.Command[20101]
      Executed DbCommand (2ms) [Parameters=[], CommandType='Text', CommandTimeout='30']
      SELECT d."Id", d."Capabilities", d."Config", d."CreatedAt", d."Name", d."Protocol", d."StationId", d."Status", d."Type"
      FROM "Devices" AS d
      WHERE d."Type" = 'modbus_tcp' AND d."Status" <> 'maintenance'
info: Microsoft.EntityFrameworkCore.Database.Command[20101]
      Executed DbCommand (3ms) [Parameters=[], CommandType='Text', CommandTimeout='30']
      SELECT d."Id", d."Capabilities", d."Config", d."CreatedAt", d."Name", d."Protocol", d."StationId", d."Status", d."Type"
      FROM "Devices" AS d
      WHERE d."Type" = 'iec104' AND d."Status" <> 'maintenance'
info: Microsoft.EntityFrameworkCore.Database.Command[20101]
      Executed DbCommand (3ms) [Parameters=[], CommandType='Text', CommandTimeout='30']
      SELECT d."Id", d."Capabilities", d."Config", d."CreatedAt", d."Name", d."Protocol", d."StationId", d."Status", d."Type"
      FROM "Devices" AS d
      WHERE d."Type" = 'modbus_rtu' AND d."Status" <> 'maintenance'
info: Microsoft.EntityFrameworkCore.Database.Command[20101]
      Executed DbCommand (2ms) [Parameters=[], CommandType='Text', CommandTimeout='30']
      SELECT d."Id", d."Capabilities", d."Config", d."CreatedAt", d."Name", d."Protocol", d."StationId", d."Status", d."Type"
      FROM "Devices" AS d
      WHERE d."Type" = 'modbus_tcp' AND d."Status" <> 'maintenance'
info: Microsoft.EntityFrameworkCore.Database.Command[20101]
      Executed DbCommand (2ms) [Parameters=[], CommandType='Text', CommandTimeout='30']
      SELECT d."Id", d."Capabilities", d."Config", d."CreatedAt", d."Name", d."Protocol", d."StationId", d."Status", d."Type"
      FROM "Devices" AS d
      WHERE d."Type" = 'plc_s7'
info: Microsoft.EntityFrameworkCore.Database.Command[20101]
      Executed DbCommand (3ms) [Parameters=[], CommandType='Text', CommandTimeout='30']
      SELECT d."Id", d."Capabilities", d."Config", d."CreatedAt", d."Name", d."Protocol", d."StationId", d."Status", d."Type"
      FROM "Devices" AS d
      WHERE d."Type" = 'iec104' AND d."Status" <> 'maintenance'
info: Microsoft.EntityFrameworkCore.Database.Command[20101]
      Executed DbCommand (3ms) [Parameters=[], CommandType='Text', CommandTimeout='30']
      SELECT d."Id", d."Capabilities", d."Config", d."CreatedAt", d."Name", d."Protocol", d."StationId", d."Status", d."Type"
      FROM "Devices" AS d
      WHERE d."Type" = 'modbus_rtu' AND d."Status" <> 'maintenance'
info: Microsoft.EntityFrameworkCore.Database.Command[20101]
      Executed DbCommand (3ms) [Parameters=[], CommandType='Text', CommandTimeout='30']
      SELECT d."Id", d."Capabilities", d."Config", d."CreatedAt", d."Name", d."Protocol", d."StationId", d."Status", d."Type"
      FROM "Devices" AS d
      WHERE d."Type" = 'modbus_tcp' AND d."Status" <> 'maintenance'
info: Microsoft.EntityFrameworkCore.Database.Command[20101]
      Executed DbCommand (4ms) [Parameters=[], CommandType='Text', CommandTimeout='30']
      SELECT d."Id", d."Capabilities", d."Config", d."CreatedAt", d."Name", d."Protocol", d."StationId", d."Status", d."Type"
      FROM "Devices" AS d
      WHERE d."Type" = 'iec104' AND d."Status" <> 'maintenance'
info: Microsoft.EntityFrameworkCore.Database.Command[20101]
      Executed DbCommand (3ms) [Parameters=[], CommandType='Text', CommandTimeout='30']
      SELECT d."Id", d."Capabilities", d."Config", d."CreatedAt", d."Name", d."Protocol", d."StationId", d."Status", d."Type"
      FROM "Devices" AS d
      WHERE d."Type" = 'modbus_rtu' AND d."Status" <> 'maintenance'
info: Microsoft.EntityFrameworkCore.Database.Command[20101]
      Executed DbCommand (2ms) [Parameters=[], CommandType='Text', CommandTimeout='30']
      SELECT d."Id", d."Capabilities", d."Config", d."CreatedAt", d."Name", d."Protocol", d."StationId", d."Status", d."Type"
      FROM "Devices" AS d
      WHERE d."Type" = 'modbus_tcp' AND d."Status" <> 'maintenance'
info: Microsoft.EntityFrameworkCore.Database.Command[20101]
      Executed DbCommand (2ms) [Parameters=[], CommandType='Text', CommandTimeout='30']
      SELECT s."Id", s."Key", s."StationId", s."UpdatedAt", s."UpdatedBy", s."Value"
      FROM "SystemSettings" AS s
      WHERE s."Key" = 'camera_filter_time_s'
      LIMIT 1
info: Microsoft.EntityFrameworkCore.Database.Command[20101]
      Executed DbCommand (8ms) [Parameters=[], CommandType='Text', CommandTimeout='30']
      SELECT r."Id", r."Actions", r."Condition", r."CreatedAt", r."CreatedBy", r."DeviceId", r."Enabled", r."Name", r."RuleSet", r."StationId"
      FROM "Rules" AS r
      WHERE r."Enabled"
info: Microsoft.EntityFrameworkCore.Database.Command[20101]
      Executed DbCommand (3ms) [Parameters=[], CommandType='Text', CommandTimeout='30']
      SELECT d."Id", d."Capabilities", d."Config", d."CreatedAt", d."Name", d."Protocol", d."StationId", d."Status", d."Type"
      FROM "Devices" AS d
      WHERE d."Type" = 'iec104' AND d."Status" <> 'maintenance'
info: Microsoft.EntityFrameworkCore.Database.Command[20101]
      Executed DbCommand (4ms) [Parameters=[], CommandType='Text', CommandTimeout='30']
      SELECT d."Id", d."Capabilities", d."Config", d."CreatedAt", d."Name", d."Protocol", d."StationId", d."Status", d."Type"
      FROM "Devices" AS d
      WHERE d."Type" = 'modbus_rtu' AND d."Status" <> 'maintenance'
info: Microsoft.EntityFrameworkCore.Database.Command[20101]
      Executed DbCommand (7ms) [Parameters=[@__username_0='?'], CommandType='Text', CommandTimeout='30']
      SELECT u."Id", u."CreatedAt", u."Email", u."FullName", u."IsActive", u."PasswordHash", u."Role", u."StationIds", u."Username"
      FROM "Users" AS u
      WHERE u."Username" = @__username_0 AND u."IsActive"
      LIMIT 1
info: Microsoft.EntityFrameworkCore.Database.Command[20101]
      Executed DbCommand (4ms) [Parameters=[], CommandType='Text', CommandTimeout='30']
      SELECT d."Id", d."Capabilities", d."Config", d."CreatedAt", d."Name", d."Protocol", d."StationId", d."Status", d."Type"
      FROM "Devices" AS d
      WHERE d."Type" = 'modbus_tcp' AND d."Status" <> 'maintenance'
info: Microsoft.EntityFrameworkCore.Database.Command[20101]
      Executed DbCommand (41ms) [Parameters=[@p0='?' (DbType = Guid), @p1='?', @p2='?', @p3='?' (DbType = DateTime), @p4='?', @p5='?' (DbType = Guid), @p6='?'], CommandType='Text', CommandTimeout='30']
      INSERT INTO "LoginLogs" ("Id", "Action", "IpAddress", "Ts", "UserAgent", "UserId", "Username")
      VALUES (@p0, @p1, @p2, @p3, @p4, @p5, @p6);
info: Microsoft.EntityFrameworkCore.Database.Command[20101]
      Executed DbCommand (8ms) [Parameters=[], CommandType='Text', CommandTimeout='30']
      SELECT l."Id", l."ActivatedAt", l."ExpiresAt", l."IsActive", l."Key", l."MaxUsers", l."Tier"
      FROM "Licenses" AS l
      WHERE l."IsActive"
      ORDER BY l."ActivatedAt" DESC
      LIMIT 1
info: Microsoft.EntityFrameworkCore.Database.Command[20101]
      Executed DbCommand (7ms) [Parameters=[], CommandType='Text', CommandTimeout='30']
      SELECT s."Id", s."Code", s."CreatedAt", s."Location", s."Name", s."Status"
      FROM "Stations" AS s
      LIMIT 1
info: Microsoft.EntityFrameworkCore.Database.Command[20101]
      Executed DbCommand (8ms) [Parameters=[@__station_Id_0='?' (DbType = Guid), @__key_1='?'], CommandType='Text', CommandTimeout='30']
      SELECT s."Id", s."Key", s."StationId", s."UpdatedAt", s."UpdatedBy", s."Value"
      FROM "SystemSettings" AS s
      WHERE s."StationId" = @__station_Id_0 AND s."Key" = @__key_1
      LIMIT 1
info: Microsoft.EntityFrameworkCore.Database.Command[20101]
      Executed DbCommand (6ms) [Parameters=[@p2='?' (DbType = Guid), @p0='?' (DbType = DateTime), @p1='?' (DbType = Object)], CommandType='Text', CommandTimeout='30']
      UPDATE "SystemSettings" SET "UpdatedAt" = @p0, "Value" = @p1
      WHERE "Id" = @p2;
info: Microsoft.EntityFrameworkCore.Database.Command[20101]
      Executed DbCommand (5ms) [Parameters=[], CommandType='Text', CommandTimeout='30']
      SELECT s."Id", s."Name", s."Code", s."Location", s."Status", s."CreatedAt"
      FROM "Stations" AS s
      ORDER BY s."Name"
info: Microsoft.EntityFrameworkCore.Database.Command[20101]
      Executed DbCommand (4ms) [Parameters=[], CommandType='Text', CommandTimeout='30']
      SELECT d."Id", d."Capabilities", d."Config", d."CreatedAt", d."Name", d."Protocol", d."StationId", d."Status", d."Type"
      FROM "Devices" AS d
      WHERE d."Type" = 'plc_s7'
info: Microsoft.EntityFrameworkCore.Database.Command[20101]
      Executed DbCommand (3ms) [Parameters=[], CommandType='Text', CommandTimeout='30']
      SELECT d."Id", d."Capabilities", d."Config", d."CreatedAt", d."Name", d."Protocol", d."StationId", d."Status", d."Type"
      FROM "Devices" AS d
      WHERE d."Type" = 'iec104' AND d."Status" <> 'maintenance'
info: Microsoft.EntityFrameworkCore.Database.Command[20101]
      Executed DbCommand (4ms) [Parameters=[], CommandType='Text', CommandTimeout='30']
      SELECT d."Id", d."Capabilities", d."Config", d."CreatedAt", d."Name", d."Protocol", d."StationId", d."Status", d."Type"
      FROM "Devices" AS d
      WHERE d."Type" = 'modbus_rtu' AND d."Status" <> 'maintenance'
info: Microsoft.EntityFrameworkCore.Database.Command[20101]
      Executed DbCommand (4ms) [Parameters=[], CommandType='Text', CommandTimeout='30']
      SELECT d."Id", d."Capabilities", d."Config", d."CreatedAt", d."Name", d."Protocol", d."StationId", d."Status", d."Type"
      FROM "Devices" AS d
      WHERE d."Type" = 'modbus_tcp' AND d."Status" <> 'maintenance'
info: Microsoft.EntityFrameworkCore.Database.Command[20101]
      Executed DbCommand (3ms) [Parameters=[], CommandType='Text', CommandTimeout='30']
      SELECT d."Id", d."Capabilities", d."Config", d."CreatedAt", d."Name", d."Protocol", d."StationId", d."Status", d."Type"
      FROM "Devices" AS d
      WHERE d."Type" = 'iec104' AND d."Status" <> 'maintenance'
info: Microsoft.EntityFrameworkCore.Database.Command[20101]
      Executed DbCommand (3ms) [Parameters=[], CommandType='Text', CommandTimeout='30']
      SELECT d."Id", d."Capabilities", d."Config", d."CreatedAt", d."Name", d."Protocol", d."StationId", d."Status", d."Type"
      FROM "Devices" AS d
      WHERE d."Type" = 'modbus_rtu' AND d."Status" <> 'maintenance'
info: Microsoft.EntityFrameworkCore.Database.Command[20101]
      Executed DbCommand (3ms) [Parameters=[], CommandType='Text', CommandTimeout='30']
      SELECT d."Id", d."Capabilities", d."Config", d."CreatedAt", d."Name", d."Protocol", d."StationId", d."Status", d."Type"
      FROM "Devices" AS d
      WHERE d."Type" = 'modbus_tcp' AND d."Status" <> 'maintenance'
info: Microsoft.EntityFrameworkCore.Database.Command[20101]
      Executed DbCommand (3ms) [Parameters=[], CommandType='Text', CommandTimeout='30']
      SELECT d."Id", d."Capabilities", d."Config", d."CreatedAt", d."Name", d."Protocol", d."StationId", d."Status", d."Type"
      FROM "Devices" AS d
      WHERE d."Type" = 'iec104' AND d."Status" <> 'maintenance'
info: Microsoft.EntityFrameworkCore.Database.Command[20101]
      Executed DbCommand (3ms) [Parameters=[], CommandType='Text', CommandTimeout='30']
      SELECT d."Id", d."Capabilities", d."Config", d."CreatedAt", d."Name", d."Protocol", d."StationId", d."Status", d."Type"
      FROM "Devices" AS d
      WHERE d."Type" = 'modbus_rtu' AND d."Status" <> 'maintenance'
info: Microsoft.EntityFrameworkCore.Database.Command[20101]
      Executed DbCommand (2ms) [Parameters=[], CommandType='Text', CommandTimeout='30']
      SELECT d."Id", d."Capabilities", d."Config", d."CreatedAt", d."Name", d."Protocol", d."StationId", d."Status", d."Type"
      FROM "Devices" AS d
      WHERE d."Type" = 'modbus_tcp' AND d."Status" <> 'maintenance'
info: Microsoft.EntityFrameworkCore.Database.Command[20101]
      Executed DbCommand (2ms) [Parameters=[], CommandType='Text', CommandTimeout='30']
      SELECT d."Id", d."Capabilities", d."Config", d."CreatedAt", d."Name", d."Protocol", d."StationId", d."Status", d."Type"
      FROM "Devices" AS d
      WHERE d."Type" = 'plc_s7'
info: Microsoft.EntityFrameworkCore.Database.Command[20101]
      Executed DbCommand (3ms) [Parameters=[], CommandType='Text', CommandTimeout='30']
      SELECT d."Id", d."Capabilities", d."Config", d."CreatedAt", d."Name", d."Protocol", d."StationId", d."Status", d."Type"
      FROM "Devices" AS d
      WHERE d."Type" = 'iec104' AND d."Status" <> 'maintenance'
info: Microsoft.EntityFrameworkCore.Database.Command[20101]
      Executed DbCommand (3ms) [Parameters=[], CommandType='Text', CommandTimeout='30']
      SELECT d."Id", d."Capabilities", d."Config", d."CreatedAt", d."Name", d."Protocol", d."StationId", d."Status", d."Type"
      FROM "Devices" AS d
      WHERE d."Type" = 'modbus_rtu' AND d."Status" <> 'maintenance'
info: Microsoft.EntityFrameworkCore.Database.Command[20101]
      Executed DbCommand (7ms) [Parameters=[], CommandType='Text', CommandTimeout='30']
      SELECT s."Id", s."Key", s."StationId", s."UpdatedAt", s."UpdatedBy", s."Value"
      FROM "SystemSettings" AS s
      WHERE s."Key" = 'camera_filter_time_s'
      LIMIT 1
info: Microsoft.EntityFrameworkCore.Database.Command[20101]
      Executed DbCommand (9ms) [Parameters=[], CommandType='Text', CommandTimeout='30']
      SELECT r."Id", r."Actions", r."Condition", r."CreatedAt", r."CreatedBy", r."DeviceId", r."Enabled", r."Name", r."RuleSet", r."StationId"
      FROM "Rules" AS r
      WHERE r."Enabled"
info: Microsoft.EntityFrameworkCore.Database.Command[20101]
      Executed DbCommand (2ms) [Parameters=[], CommandType='Text', CommandTimeout='30']
      SELECT d."Id", d."Capabilities", d."Config", d."CreatedAt", d."Name", d."Protocol", d."StationId", d."Status", d."Type"
      FROM "Devices" AS d
      WHERE d."Type" = 'modbus_tcp' AND d."Status" <> 'maintenance'
info: Microsoft.EntityFrameworkCore.Database.Command[20101]
      Executed DbCommand (3ms) [Parameters=[], CommandType='Text', CommandTimeout='30']
      SELECT d."Id", d."Capabilities", d."Config", d."CreatedAt", d."Name", d."Protocol", d."StationId", d."Status", d."Type"
      FROM "Devices" AS d
      WHERE d."Type" = 'iec104' AND d."Status" <> 'maintenance'
info: Microsoft.EntityFrameworkCore.Database.Command[20101]
      Executed DbCommand (3ms) [Parameters=[], CommandType='Text', CommandTimeout='30']
      SELECT d."Id", d."Capabilities", d."Config", d."CreatedAt", d."Name", d."Protocol", d."StationId", d."Status", d."Type"
      FROM "Devices" AS d
      WHERE d."Type" = 'modbus_rtu' AND d."Status" <> 'maintenance'
info: Microsoft.EntityFrameworkCore.Database.Command[20101]
      Executed DbCommand (2ms) [Parameters=[], CommandType='Text', CommandTimeout='30']
      SELECT d."Id", d."Capabilities", d."Config", d."CreatedAt", d."Name", d."Protocol", d."StationId", d."Status", d."Type"
      FROM "Devices" AS d
      WHERE d."Type" = 'modbus_tcp' AND d."Status" <> 'maintenance'
info: Microsoft.EntityFrameworkCore.Database.Command[20101]
      Executed DbCommand (2ms) [Parameters=[@__username_0='?'], CommandType='Text', CommandTimeout='30']
      SELECT u."Id", u."CreatedAt", u."Email", u."FullName", u."IsActive", u."PasswordHash", u."Role", u."StationIds", u."Username"
      FROM "Users" AS u
      WHERE u."Username" = @__username_0 AND u."IsActive"
      LIMIT 1
info: Microsoft.EntityFrameworkCore.Database.Command[20101]
      Executed DbCommand (10ms) [Parameters=[@p0='?' (DbType = Guid), @p1='?', @p2='?', @p3='?' (DbType = DateTime), @p4='?', @p5='?' (DbType = Guid), @p6='?'], CommandType='Text', CommandTimeout='30']
      INSERT INTO "LoginLogs" ("Id", "Action", "IpAddress", "Ts", "UserAgent", "UserId", "Username")
      VALUES (@p0, @p1, @p2, @p3, @p4, @p5, @p6);
info: Microsoft.EntityFrameworkCore.Database.Command[20101]
      Executed DbCommand (6ms) [Parameters=[], CommandType='Text', CommandTimeout='30']
      SELECT l."Id", l."ActivatedAt", l."ExpiresAt", l."IsActive", l."Key", l."MaxUsers", l."Tier"
      FROM "Licenses" AS l
      WHERE l."IsActive"
      ORDER BY l."ActivatedAt" DESC
      LIMIT 1
info: Microsoft.EntityFrameworkCore.Database.Command[20101]
      Executed DbCommand (6ms) [Parameters=[], CommandType='Text', CommandTimeout='30']
      SELECT s."Id", s."Code", s."CreatedAt", s."Location", s."Name", s."Status"
      FROM "Stations" AS s
      LIMIT 1
info: Microsoft.EntityFrameworkCore.Database.Command[20101]
      Executed DbCommand (4ms) [Parameters=[@__station_Id_0='?' (DbType = Guid), @__key_1='?'], CommandType='Text', CommandTimeout='30']
      SELECT s."Id", s."Key", s."StationId", s."UpdatedAt", s."UpdatedBy", s."Value"
      FROM "SystemSettings" AS s
      WHERE s."StationId" = @__station_Id_0 AND s."Key" = @__key_1
      LIMIT 1
info: Microsoft.EntityFrameworkCore.Database.Command[20101]
      Executed DbCommand (12ms) [Parameters=[@p2='?' (DbType = Guid), @p0='?' (DbType = DateTime), @p1='?' (DbType = Object)], CommandType='Text', CommandTimeout='30']
      UPDATE "SystemSettings" SET "UpdatedAt" = @p0, "Value" = @p1
      WHERE "Id" = @p2;
info: Microsoft.EntityFrameworkCore.Database.Command[20101]
      Executed DbCommand (7ms) [Parameters=[], CommandType='Text', CommandTimeout='30']
      SELECT s."Id", s."Name", s."Code", s."Location", s."Status", s."CreatedAt"
      FROM "Stations" AS s
      ORDER BY s."Name"
info: Microsoft.EntityFrameworkCore.Database.Command[20101]
      Executed DbCommand (22ms) [Parameters=[@p0='?' (DbType = Guid), @p1='?', @p2='?' (DbType = Object), @p3='?' (DbType = DateTime), @p4='?', @p5='?', @p6='?' (DbType = Guid), @p7='?', @p8='?'], CommandType='Text', CommandTimeout='30']
      INSERT INTO "Devices" ("Id", "Capabilities", "Config", "CreatedAt", "Name", "Protocol", "StationId", "Status", "Type")
      VALUES (@p0, @p1, @p2, @p3, @p4, @p5, @p6, @p7, @p8);
info: Microsoft.EntityFrameworkCore.Database.Command[20101]
      Executed DbCommand (20ms) [Parameters=[@p0='?' (DbType = Guid), @p1='?', @p2='?' (DbType = Guid), @p3='?', @p4='?', @p5='?' (DbType = Object), @p6='?' (DbType = Object), @p7='?' (DbType = DateTime), @p8='?' (DbType = Guid)], CommandType='Text', CommandTimeout='30']
      INSERT INTO "AuditLogs" ("Id", "Action", "EntityId", "EntityType", "IpAddress", "NewValue", "OldValue", "Ts", "UserId")
      VALUES (@p0, @p1, @p2, @p3, @p4, @p5, @p6, @p7, @p8);
info: Microsoft.EntityFrameworkCore.Database.Command[20101]
      Executed DbCommand (2ms) [Parameters=[], CommandType='Text', CommandTimeout='30']
      SELECT d."Id", d."Capabilities", d."Config", d."CreatedAt", d."Name", d."Protocol", d."StationId", d."Status", d."Type"
      FROM "Devices" AS d
      WHERE d."Type" = 'modbus_rtu' AND d."Status" <> 'maintenance'
info: Microsoft.EntityFrameworkCore.Database.Command[20101]
      Executed DbCommand (2ms) [Parameters=[], CommandType='Text', CommandTimeout='30']
      SELECT d."Id", d."Capabilities", d."Config", d."CreatedAt", d."Name", d."Protocol", d."StationId", d."Status", d."Type"
      FROM "Devices" AS d
      WHERE d."Type" = 'iec104' AND d."Status" <> 'maintenance'
info: Microsoft.EntityFrameworkCore.Database.Command[20101]
      Executed DbCommand (2ms) [Parameters=[], CommandType='Text', CommandTimeout='30']
      SELECT d."Id", d."Capabilities", d."Config", d."CreatedAt", d."Name", d."Protocol", d."StationId", d."Status", d."Type"
      FROM "Devices" AS d
      WHERE d."Type" = 'modbus_tcp' AND d."Status" <> 'maintenance'
info: Microsoft.EntityFrameworkCore.Database.Command[20101]
      Executed DbCommand (2ms) [Parameters=[], CommandType='Text', CommandTimeout='30']
      SELECT d."Id", d."Capabilities", d."Config", d."CreatedAt", d."Name", d."Protocol", d."StationId", d."Status", d."Type"
      FROM "Devices" AS d
      WHERE d."Type" = 'plc_s7'
info: Microsoft.EntityFrameworkCore.Database.Command[20101]
      Executed DbCommand (2ms) [Parameters=[], CommandType='Text', CommandTimeout='30']
      SELECT d."Id", d."Capabilities", d."Config", d."CreatedAt", d."Name", d."Protocol", d."StationId", d."Status", d."Type"
      FROM "Devices" AS d
      WHERE d."Type" = 'iec104' AND d."Status" <> 'maintenance'
info: Microsoft.EntityFrameworkCore.Database.Command[20101]
      Executed DbCommand (2ms) [Parameters=[], CommandType='Text', CommandTimeout='30']
      SELECT d."Id", d."Capabilities", d."Config", d."CreatedAt", d."Name", d."Protocol", d."StationId", d."Status", d."Type"
      FROM "Devices" AS d
      WHERE d."Type" = 'modbus_rtu' AND d."Status" <> 'maintenance'
info: Microsoft.EntityFrameworkCore.Database.Command[20101]
      Executed DbCommand (2ms) [Parameters=[], CommandType='Text', CommandTimeout='30']
      SELECT d."Id", d."Capabilities", d."Config", d."CreatedAt", d."Name", d."Protocol", d."StationId", d."Status", d."Type"
      FROM "Devices" AS d
      WHERE d."Type" = 'modbus_tcp' AND d."Status" <> 'maintenance'
info: Microsoft.EntityFrameworkCore.Database.Command[20101]
      Executed DbCommand (18ms) [Parameters=[@p0='?' (DbType = Guid), @p1='?' (DbType = DateTime), @p2='?' (DbType = Guid), @p3='?', @p4='?' (DbType = Int16), @p5='?' (DbType = Guid), @p6='?', @p7='?' (DbType = Double), @p8='?' (DbType = Guid), @p9='?' (DbType = DateTime), @p10='?' (DbType = Guid), @p11='?', @p12='?' (DbType = Int16), @p13='?' (DbType = Guid), @p14='?', @p15='?' (DbType = Double), @p16='?' (DbType = Guid), @p17='?' (DbType = DateTime), @p18='?' (DbType = Guid), @p19='?', @p20='?' (DbType = Int16), @p21='?' (DbType = Guid), @p22='?', @p23='?' (DbType = Double), @p24='?' (DbType = Guid), @p25='?' (DbType = DateTime), @p26='?' (DbType = Guid), @p27='?', @p28='?' (DbType = Int16), @p29='?' (DbType = Guid), @p30='?', @p31='?' (DbType = Double)], CommandType='Text', CommandTimeout='30']
      INSERT INTO "SensorReadings" ("Id", "Time", "DeviceId", "PointId", "Quality", "StationId", "Unit", "Value")
      VALUES (@p0, @p1, @p2, @p3, @p4, @p5, @p6, @p7);
      INSERT INTO "SensorReadings" ("Id", "Time", "DeviceId", "PointId", "Quality", "StationId", "Unit", "Value")
      VALUES (@p8, @p9, @p10, @p11, @p12, @p13, @p14, @p15);
      INSERT INTO "SensorReadings" ("Id", "Time", "DeviceId", "PointId", "Quality", "StationId", "Unit", "Value")
      VALUES (@p16, @p17, @p18, @p19, @p20, @p21, @p22, @p23);
      INSERT INTO "SensorReadings" ("Id", "Time", "DeviceId", "PointId", "Quality", "StationId", "Unit", "Value")
      VALUES (@p24, @p25, @p26, @p27, @p28, @p29, @p30, @p31);
info: Microsoft.EntityFrameworkCore.Database.Command[20101]
      Executed DbCommand (2ms) [Parameters=[], CommandType='Text', CommandTimeout='30']
      SELECT d."Id", d."Capabilities", d."Config", d."CreatedAt", d."Name", d."Protocol", d."StationId", d."Status", d."Type"
      FROM "Devices" AS d
      WHERE d."Type" = 'modbus_rtu' AND d."Status" <> 'maintenance'
info: Microsoft.EntityFrameworkCore.Database.Command[20101]
      Executed DbCommand (2ms) [Parameters=[], CommandType='Text', CommandTimeout='30']
      SELECT d."Id", d."Capabilities", d."Config", d."CreatedAt", d."Name", d."Protocol", d."StationId", d."Status", d."Type"
      FROM "Devices" AS d
      WHERE d."Type" = 'iec104' AND d."Status" <> 'maintenance'
info: Microsoft.EntityFrameworkCore.Database.Command[20101]
      Executed DbCommand (2ms) [Parameters=[], CommandType='Text', CommandTimeout='30']
      SELECT d."Id", d."Capabilities", d."Config", d."CreatedAt", d."Name", d."Protocol", d."StationId", d."Status", d."Type"
      FROM "Devices" AS d
      WHERE d."Type" = 'modbus_tcp' AND d."Status" <> 'maintenance'
info: Microsoft.EntityFrameworkCore.Database.Command[20101]
      Executed DbCommand (12ms) [Parameters=[], CommandType='Text', CommandTimeout='30']
      SELECT s."Id", s."Key", s."StationId", s."UpdatedAt", s."UpdatedBy", s."Value"
      FROM "SystemSettings" AS s
      WHERE s."Key" = 'mqtt_config'
      LIMIT 1
info: Microsoft.EntityFrameworkCore.Database.Command[20101]
      Executed DbCommand (4ms) [Parameters=[], CommandType='Text', CommandTimeout='30']
      SELECT d."Id", d."Capabilities", d."Config", d."CreatedAt", d."Name", d."Protocol", d."StationId", d."Status", d."Type"
      FROM "Devices" AS d
      WHERE d."Type" = 'modbus_rtu' AND d."Status" <> 'maintenance'
info: Microsoft.EntityFrameworkCore.Database.Command[20101]
      Executed DbCommand (3ms) [Parameters=[], CommandType='Text', CommandTimeout='30']
      SELECT d."Id", d."Capabilities", d."Config", d."CreatedAt", d."Name", d."Protocol", d."StationId", d."Status", d."Type"
      FROM "Devices" AS d
      WHERE d."Type" = 'iec104' AND d."Status" <> 'maintenance'
info: Microsoft.EntityFrameworkCore.Database.Command[20101]
      Executed DbCommand (2ms) [Parameters=[], CommandType='Text', CommandTimeout='30']
      SELECT s."Id", s."Key", s."StationId", s."UpdatedAt", s."UpdatedBy", s."Value"
      FROM "SystemSettings" AS s
      WHERE s."Key" = 'camera_filter_time_s'
      LIMIT 1
info: Microsoft.EntityFrameworkCore.Database.Command[20101]
      Executed DbCommand (10ms) [Parameters=[], CommandType='Text', CommandTimeout='30']
      SELECT r."Id", r."Actions", r."Condition", r."CreatedAt", r."CreatedBy", r."DeviceId", r."Enabled", r."Name", r."RuleSet", r."StationId"
      FROM "Rules" AS r
      WHERE r."Enabled"
info: Microsoft.EntityFrameworkCore.Database.Command[20101]
      Executed DbCommand (2ms) [Parameters=[], CommandType='Text', CommandTimeout='30']
      SELECT d."Id", d."Capabilities", d."Config", d."CreatedAt", d."Name", d."Protocol", d."StationId", d."Status", d."Type"
      FROM "Devices" AS d
      WHERE d."Type" = 'modbus_tcp' AND d."Status" <> 'maintenance'
